# Blender v2.91.2 OBJ File: 'Child12.blend'
# www.blender.org
mtllib Patrick.mtl
o Child_1_RetopoFlow.001
v -0.023329 0.819788 0.219571
v -0.028272 0.779121 0.223462
v -0.015061 0.817991 0.223423
v -0.011016 0.811950 0.211570
v -0.023563 0.814046 0.210562
v -0.008275 0.836766 0.229861
v -0.025206 0.847993 0.228500
v -0.037161 0.850178 0.229115
v -0.035370 0.827415 0.220405
v -0.036275 0.822326 0.207848
v -0.040568 0.786313 0.229698
v -0.045824 0.828692 0.219843
v -0.047302 0.828027 0.204623
v -0.061372 0.843477 0.217936
v -0.062626 0.837615 0.207833
v -0.053058 0.858041 0.224543
v -0.054300 0.806778 0.228246
v -0.072324 0.844785 0.219868
v -0.087524 0.826866 0.205249
v -0.089244 0.826603 0.215486
v -0.070230 0.803262 0.222097
v -0.095274 0.820407 0.212952
v -0.094019 0.820064 0.204838
v -0.090037 0.800838 0.221343
v -0.105311 0.801878 0.211131
v -0.093674 0.797069 0.210875
v -0.088019 0.797944 0.218616
v -0.087430 0.804290 0.220413
v -0.102956 0.812114 0.207407
v -0.084236 0.795384 0.213801
v -0.093823 0.806733 0.208428
v -0.074632 0.794111 0.226332
v -0.084772 0.801736 0.218547
v -0.000602 0.803519 0.208101
v -0.000224 0.802184 0.217241
v -0.004431 0.763625 0.222403
v 0.007028 0.800132 0.219302
v 0.010823 0.802075 0.208537
v 0.003909 0.824655 0.229094
v 0.014589 0.817592 0.226364
v -0.076290 0.839491 0.206666
v -0.074494 0.858185 0.221650
v -0.096542 0.850102 0.222622
v -0.108701 0.835589 0.217794
v -0.114646 0.820336 0.211029
v -0.114692 0.804011 0.210521
v -0.107561 0.791507 0.206519
v 0.019731 0.799564 0.210451
v 0.019420 0.802075 0.220788
v 0.027618 0.795427 0.214517
v 0.027273 0.793612 0.224748
v 0.028905 0.759227 0.224502
v 0.036099 0.788283 0.224318
v 0.036708 0.789812 0.215990
v 0.026119 0.818507 0.225614
v 0.033343 0.806053 0.229608
v 0.043235 0.797944 0.228064
v 0.050040 0.773306 0.215394
v 0.049411 0.773207 0.222688
v 0.055804 0.791748 0.227419
v 0.057894 0.767649 0.221800
v 0.064787 0.779513 0.227253
v 0.041007 0.743009 0.230794
v 0.058574 0.768985 0.213747
v 0.065678 0.755809 0.218005
v 0.072142 0.766389 0.222549
v 0.064409 0.754987 0.211068
v 0.052977 0.735870 0.224387
v 0.069895 0.751740 0.216871
v 0.069916 0.751716 0.210149
v 0.082686 0.758613 0.219214
v 0.080870 0.749923 0.202764
v 0.084467 0.755134 0.207466
v 0.091188 0.757141 0.215186
v 0.091100 0.744843 0.209455
v 0.090140 0.743208 0.202781
v 0.067170 0.727779 0.222175
v 0.097957 0.736077 0.208876
v 0.106825 0.738999 0.213359
v 0.097873 0.754124 0.212889
v 0.096211 0.735121 0.199855
v 0.103574 0.725357 0.201519
v 0.114867 0.728001 0.204477
v 0.097202 0.709732 0.206176
v 0.115493 0.710988 0.206734
v 0.097760 0.699455 0.204085
v 0.114890 0.696984 0.203641
v 0.092006 0.700544 0.197571
v 0.092347 0.691080 0.190596
v 0.091372 0.707398 0.200146
v 0.086141 0.713304 0.197947
v 0.061195 0.704174 0.217751
v 0.076735 0.730924 0.198483
v 0.069240 0.740938 0.200273
v 0.060763 0.753705 0.201379
v 0.048826 0.766148 0.205836
v 0.035129 0.782780 0.207106
v 0.021578 0.791422 0.201127
v 0.002884 0.799340 0.200672
v -0.017915 0.805423 0.201951
v -0.039544 0.819300 0.199158
v -0.064173 0.824969 0.203910
v -0.082619 0.815368 0.206445
v -0.096236 0.778507 0.208594
v -0.088575 0.776340 0.191503
v -0.081523 0.791882 0.194083
v -0.071941 0.802222 0.193678
v -0.059754 0.810903 0.192386
v -0.043413 0.800617 0.193196
v -0.023441 0.793531 0.194117
v -0.001599 0.786391 0.192926
v 0.016873 0.775511 0.194779
v 0.031722 0.767491 0.197758
v 0.041946 0.753020 0.197412
v 0.052985 0.742140 0.193309
v 0.063331 0.732763 0.189353
v 0.070718 0.721839 0.187010
v 0.080620 0.710038 0.185386
v 0.081142 0.691945 0.179827
v 0.076056 0.687111 0.176184
v 0.082843 0.675638 0.183294
v 0.086094 0.668276 0.187690
v 0.098871 0.680850 0.187750
v 0.110303 0.685941 0.188719
v 0.058465 0.685918 0.206890
v 0.080123 0.662745 0.183602
v 0.077543 0.667788 0.179700
v 0.068618 0.674369 0.175463
v 0.067502 0.658169 0.177002
v 0.066713 0.653560 0.183032
v 0.039593 0.682700 0.208080
v 0.059166 0.647940 0.181579
v 0.055847 0.650910 0.173885
v 0.062818 0.656665 0.165625
v 0.052348 0.643611 0.174276
v 0.052499 0.639578 0.176891
v 0.033399 0.672184 0.194702
v 0.045189 0.635518 0.178289
v 0.041615 0.640743 0.172639
v 0.046384 0.651924 0.164989
v 0.033777 0.638347 0.168815
v 0.031796 0.635048 0.170229
v 0.023627 0.663019 0.181724
v 0.026242 0.636484 0.162876
v 0.025636 0.631717 0.168048
v 0.031433 0.648556 0.162031
v 0.015817 0.633507 0.157898
v 0.018590 0.628285 0.166666
v 0.008658 0.638634 0.170755
v 0.009836 0.635617 0.176261
v 0.012241 0.670886 0.196269
v 0.002307 0.638144 0.180451
v 0.000843 0.644888 0.175206
v 0.005560 0.648264 0.165508
v 0.015219 0.645932 0.154354
v -0.007966 0.649110 0.176915
v -0.009499 0.644676 0.183706
v -0.000059 0.686219 0.214311
v -0.019405 0.649003 0.186486
v -0.018588 0.657901 0.181782
v -0.009323 0.662253 0.173976
v -0.030843 0.664162 0.188436
v -0.031671 0.659319 0.193563
v -0.033899 0.673996 0.178067
v -0.037168 0.669109 0.190385
v -0.015322 0.684799 0.215073
v -0.039472 0.663540 0.195579
v -0.044599 0.678016 0.187833
v -0.048539 0.670745 0.191453
v -0.042712 0.681709 0.177864
v -0.049019 0.684770 0.193758
v -0.050847 0.681220 0.198342
v -0.050170 0.689334 0.182480
v -0.054019 0.688625 0.193273
v -0.043668 0.707038 0.215076
v -0.057198 0.685409 0.199399
v -0.063366 0.680419 0.193327
v -0.062015 0.699025 0.199099
v -0.065043 0.696375 0.200795
v -0.052729 0.713202 0.216959
v -0.068770 0.701045 0.201298
v -0.066401 0.704396 0.199579
v -0.059699 0.706099 0.192690
v -0.071591 0.690041 0.195351
v -0.076962 0.705545 0.195351
v -0.053821 0.663696 0.187167
v -0.045670 0.652414 0.190702
v -0.034297 0.643842 0.187248
v -0.017570 0.631641 0.179432
v 0.003069 0.623231 0.175575
v 0.027154 0.618733 0.168645
v 0.039642 0.624324 0.175115
v 0.046553 0.625916 0.177972
v 0.056497 0.629867 0.173156
v 0.064643 0.639854 0.180630
v 0.072208 0.646394 0.181872
v 0.083334 0.654795 0.178312
v 0.092103 0.662034 0.185759
v 0.101696 0.672794 0.190130
v 0.109057 0.678884 0.190540
v -0.066664 0.674760 0.183485
v -0.075426 0.685085 0.186687
v -0.088762 0.701969 0.187540
v -0.093984 0.760016 0.196192
v -0.089215 0.762626 0.186826
v -0.085851 0.739071 0.199319
v -0.079499 0.738933 0.189112
v -0.074162 0.714476 0.198303
v -0.068095 0.719442 0.195028
v -0.091462 0.733721 0.192425
v -0.097984 0.756032 0.191598
v -0.100716 0.772758 0.197770
v -0.109380 0.775759 0.196303
v -0.105237 0.757704 0.184290
v -0.100604 0.727405 0.186786
v -0.071725 0.769737 0.182343
v -0.065985 0.783360 0.184480
v -0.054611 0.791518 0.187904
v -0.043851 0.788046 0.180337
v -0.026629 0.789283 0.175082
v -0.007257 0.779878 0.177591
v 0.013275 0.770478 0.175789
v 0.026755 0.753954 0.184979
v 0.040062 0.737290 0.186103
v 0.055307 0.728928 0.176719
v 0.065607 0.712355 0.172136
v 0.068023 0.702751 0.175768
v 0.065415 0.690585 0.172166
v 0.060665 0.676545 0.165672
v 0.056076 0.669220 0.162427
v 0.044306 0.663701 0.157663
v 0.030211 0.662542 0.155125
v 0.016832 0.662196 0.153763
v 0.006645 0.663360 0.164281
v -0.002014 0.676605 0.171996
v -0.021905 0.683010 0.171943
v -0.033259 0.692757 0.171234
v -0.041686 0.701873 0.175792
v -0.049795 0.710953 0.179017
v -0.060313 0.721212 0.182235
v -0.064034 0.740130 0.181678
v -0.069841 0.757937 0.184953
v -0.050288 0.741532 0.169904
v -0.053709 0.755651 0.170794
v -0.050583 0.774100 0.170982
v -0.046712 0.725819 0.172402
v -0.039569 0.716321 0.170507
v -0.027966 0.703425 0.159896
v -0.017434 0.688652 0.155361
v -0.000845 0.679187 0.156171
v 0.011730 0.678974 0.155804
v 0.026584 0.675689 0.145344
v 0.043008 0.677614 0.152936
v 0.053631 0.688799 0.154414
v 0.057705 0.698765 0.154764
v 0.057366 0.710893 0.158583
v 0.049741 0.724271 0.165435
v 0.038632 0.737076 0.164750
v 0.029133 0.749420 0.164588
v 0.011620 0.762567 0.166467
v -0.006142 0.769369 0.170703
v -0.026153 0.769928 0.174906
v -0.038112 0.756273 0.170135
v -0.042465 0.742131 0.166432
v -0.041531 0.728294 0.165562
v -0.031877 0.713376 0.151024
v -0.013724 0.704158 0.148927
v 0.000467 0.692095 0.147528
v 0.010781 0.690663 0.144121
v 0.025369 0.693404 0.146531
v 0.040101 0.693845 0.146016
v 0.041907 0.711015 0.147472
v 0.037291 0.728034 0.150846
v 0.024075 0.739964 0.150885
v 0.011617 0.754577 0.152626
v -0.007241 0.764903 0.153799
v -0.022919 0.765976 0.158186
v -0.032035 0.759692 0.152219
v -0.040784 0.751542 0.140804
v -0.040619 0.740272 0.138074
v -0.027181 0.724460 0.135523
v -0.010580 0.713531 0.136597
v 0.006360 0.708349 0.144679
v 0.024076 0.709186 0.141095
v 0.021539 0.726100 0.139723
v 0.007856 0.740088 0.135218
v -0.009490 0.754488 0.133336
v -0.024904 0.760850 0.138923
v -0.031699 0.747097 0.128576
v -0.017184 0.737698 0.131865
v -0.002911 0.727309 0.133009
v 0.009316 0.721347 0.138490
v -0.116377 0.720778 0.174684
v -0.101509 0.693747 0.174411
v -0.135804 0.712362 0.160344
v -0.116924 0.679451 0.164432
v -0.153369 0.701302 0.154875
v -0.131369 0.667022 0.156393
v -0.087449 0.671796 0.176990
v -0.100258 0.657270 0.166294
v -0.112957 0.641437 0.157217
v -0.077198 0.658443 0.179887
v -0.088226 0.642643 0.171083
v -0.099929 0.626464 0.160102
v -0.063516 0.646356 0.178059
v -0.073692 0.628772 0.170410
v -0.083340 0.610394 0.162173
v -0.053613 0.635113 0.183433
v -0.059565 0.618403 0.169714
v -0.080685 0.591641 0.159854
v -0.040887 0.628706 0.178872
v -0.020560 0.617467 0.177282
v -0.027313 0.535829 0.162773
v -0.029181 0.573005 0.168030
v -0.055141 0.582878 0.165663
v -0.054000 0.542528 0.162941
v 0.001283 0.606991 0.166090
v 0.026839 0.605360 0.163279
v -0.046612 0.609342 0.174423
v -0.026799 0.600569 0.168875
v -0.004402 0.559873 0.147827
v -0.002042 0.526941 0.144189
v -0.000814 0.589457 0.154052
v 0.025198 0.585786 0.153587
v 0.027522 0.558488 0.147351
v 0.049221 0.610968 0.169869
v 0.065025 0.618422 0.167776
v 0.073807 0.625527 0.173631
v 0.083253 0.631564 0.173042
v 0.090478 0.637890 0.170762
v -0.081947 0.549549 0.154936
v 0.042663 0.589982 0.153268
v 0.051551 0.602787 0.150176
v 0.065500 0.605561 0.154626
v 0.074307 0.614266 0.158205
v 0.085796 0.619322 0.157919
v 0.095918 0.626473 0.153769
v 0.035144 0.527860 0.140506
v 0.057928 0.557067 0.121787
v 0.039943 0.569121 0.135391
v 0.055758 0.582264 0.140147
v 0.067189 0.581621 0.139539
v 0.080141 0.595442 0.147284
v 0.089822 0.607099 0.144272
v 0.099230 0.616649 0.136834
v 0.102223 0.650280 0.178552
v 0.113733 0.661593 0.188319
v 0.123130 0.675523 0.193087
v 0.129883 0.686571 0.186445
v 0.109175 0.640908 0.161536
v 0.125143 0.653773 0.174470
v 0.136169 0.670766 0.182740
v 0.146048 0.685041 0.183592
v 0.115277 0.631097 0.139776
v 0.130709 0.648479 0.146794
v 0.147817 0.661577 0.167023
v 0.158576 0.679730 0.169614
v 0.131454 0.698338 0.195005
v 0.133474 0.716781 0.201224
v 0.135199 0.733018 0.210146
v 0.153393 0.701777 0.189067
v 0.149075 0.722208 0.184552
v 0.144163 0.740535 0.195072
v 0.161387 0.706740 0.166980
v 0.161599 0.726724 0.171611
v 0.160374 0.745635 0.189195
v 0.125942 0.742633 0.214421
v 0.116373 0.755567 0.212971
v 0.106882 0.764974 0.218267
v 0.097751 0.773301 0.226165
v 0.139581 0.743624 0.210846
v 0.128836 0.754307 0.219477
v 0.119584 0.770836 0.223527
v 0.102296 0.792908 0.222898
v 0.151820 0.746218 0.209898
v 0.141620 0.761370 0.217865
v 0.129272 0.780546 0.209803
v 0.112410 0.808368 0.216159
v 0.087579 0.784137 0.227577
v 0.077117 0.794753 0.229654
v 0.059989 0.813344 0.229742
v 0.041200 0.827664 0.227446
v 0.089646 0.805561 0.222617
v 0.066709 0.833591 0.219496
v -0.045277 0.940123 0.186357
v -0.013948 0.926186 0.189236
v 0.020222 0.956785 0.172772
v -0.003702 0.976919 0.159372
v 0.045650 0.856371 0.220538
v 0.072189 0.898270 0.208251
v 0.041976 0.910025 0.206375
v 0.031263 0.883992 0.212411
v 0.055161 0.873136 0.218859
v 0.137025 0.822699 0.202090
v 0.117766 0.846028 0.209524
v 0.095691 0.823919 0.222389
v 0.076707 0.848700 0.217045
v 0.097291 0.874020 0.207538
v 0.019761 0.913807 0.198099
v 0.011234 0.893919 0.208852
v 0.025288 0.840232 0.228403
v 0.007859 0.848635 0.225806
v -0.002721 0.857194 0.228530
v -0.020599 0.867343 0.227140
v -0.034237 0.873202 0.222378
v -0.055321 0.878518 0.220166
v 0.030164 0.861823 0.219507
v 0.008490 0.874117 0.216105
v -0.016509 0.882042 0.208169
v -0.031020 0.888632 0.203678
v -0.055676 0.892222 0.201133
v -0.019028 0.910279 0.209260
v -0.048453 0.923008 0.202230
v -0.077680 0.871823 0.224347
v -0.099454 0.863712 0.224482
v -0.120221 0.852205 0.225220
v -0.082005 0.887855 0.211674
v -0.108298 0.879543 0.213288
v -0.129695 0.869832 0.212882
v -0.082713 0.904758 0.192842
v -0.109517 0.899515 0.193530
v -0.142362 0.882520 0.196139
v -0.123136 0.830327 0.218143
v -0.124952 0.813944 0.206601
v -0.123265 0.795883 0.197227
v -0.147512 0.844613 0.215433
v -0.141952 0.821742 0.198623
v -0.141557 0.797378 0.187672
v -0.162952 0.852344 0.203757
v -0.163990 0.831145 0.176661
v -0.165269 0.800339 0.172304
v -0.124618 0.778292 0.189773
v -0.141203 0.778256 0.179377
v -0.163123 0.774229 0.163550
v -0.122779 0.752525 0.180270
v -0.142489 0.746362 0.170668
v -0.161655 0.743407 0.152294
v 0.088349 0.555871 0.108138
v 0.090298 0.583039 0.124306
v 0.105104 0.592860 0.116560
v 0.114847 0.580372 0.094447
v 0.139246 0.610544 0.086246
v 0.132871 0.620744 0.110567
v 0.148918 0.649336 0.112177
v 0.165436 0.673146 0.127159
v 0.178217 0.692482 0.134853
v 0.180679 0.714530 0.142622
v 0.156778 0.642604 0.083615
v 0.173659 0.673381 0.089442
v 0.187978 0.694954 0.096212
v 0.070758 0.523490 0.132293
v 0.110142 0.534555 0.116863
v 0.135019 0.565683 0.102169
v 0.157762 0.597842 0.087596
v 0.179095 0.633339 0.073505
v 0.187776 0.663511 0.067078
v 0.194830 0.693223 0.066125
v 0.192618 0.716824 0.103561
v 0.182009 0.729919 0.150566
v 0.180478 0.742520 0.159708
v 0.193116 0.739360 0.176560
v 0.169444 0.746065 0.200215
v 0.188616 0.759013 0.167146
v 0.163440 0.764370 0.191870
v 0.195489 0.737839 0.125018
v 0.212559 0.727496 0.146654
v 0.213742 0.730788 0.084437
v 0.231002 0.718353 0.107290
v 0.203762 0.717947 0.073145
v 0.211310 0.757320 0.143052
v 0.240263 0.748717 0.121757
v 0.154413 0.793576 0.194831
v -0.076783 0.924700 0.183458
v -0.061976 0.933201 0.198939
v -0.075449 0.943472 0.195945
v -0.055214 0.948427 0.181743
v -0.065079 0.956880 0.177260
v -0.112680 0.927916 0.166076
v -0.150267 0.917415 0.164492
v -0.098218 0.956837 0.189652
v -0.084109 0.976683 0.163614
v -0.111631 0.603448 0.153070
v -0.132915 0.619788 0.140327
v -0.149835 0.651989 0.137965
v -0.170250 0.690264 0.135832
v -0.185622 0.733153 0.145930
v -0.181903 0.770591 0.145183
v -0.188153 0.800677 0.142899
v -0.179038 0.841941 0.158385
v -0.179877 0.872651 0.184207
v -0.189155 0.903130 0.164586
v -0.122340 1.003482 0.154784
v -0.137732 0.988164 0.177280
v -0.163233 1.034844 0.141987
v -0.175944 1.022485 0.163442
v -0.206020 1.071109 0.132175
v -0.214372 1.061017 0.146586
v -0.202707 1.038837 0.115211
v -0.164306 0.998564 0.134580
v -0.129865 0.960280 0.152103
v -0.166545 0.953347 0.145318
v -0.194032 0.987746 0.130251
v -0.217222 1.033747 0.110111
v -0.229116 1.028504 0.103079
v -0.214040 0.979376 0.128065
v -0.199793 0.935748 0.147378
v -0.174093 0.883960 0.145850
v -0.181935 0.927673 0.124966
v -0.199270 0.974178 0.105330
v -0.214580 1.018664 0.082388
v -0.189909 0.759160 0.147706
v -0.206516 0.796407 0.143896
v -0.192785 0.850361 0.139595
v -0.222465 0.843625 0.137245
v -0.198290 0.879117 0.133070
v -0.214406 0.913536 0.119712
v -0.232321 0.955495 0.099320
v -0.247076 0.987008 0.080722
v -0.227516 1.051498 0.058760
v -0.254220 0.996576 0.060596
v -0.240580 1.070695 0.086322
v -0.234495 1.078300 0.101727
v -0.248540 1.089860 0.131211
v -0.240958 1.105737 0.127286
v -0.186058 1.087631 0.161675
v -0.226781 1.112766 0.161668
v -0.143053 1.066475 0.163156
v -0.096502 1.047650 0.163219
v -0.060661 1.025009 0.153210
v -0.046531 0.976931 0.156567
v -0.022647 1.024211 0.157151
v -0.169583 1.122279 0.157747
v -0.197160 1.138857 0.163349
v -0.135092 1.108060 0.150336
v -0.092885 1.084627 0.148125
v -0.051952 1.052619 0.166372
v -0.055153 1.075526 0.147682
v -0.020331 1.056132 0.162474
v -0.001118 1.026004 0.158049
v 0.005858 1.058584 0.160320
v 0.020724 1.028894 0.158013
v 0.068991 1.045319 0.158775
v 0.071322 1.080851 0.157420
v 0.032301 1.063859 0.160692
v -0.025185 0.976373 0.157632
v 0.050668 0.947687 0.178563
v 0.065139 0.936504 0.195171
v 0.088700 0.928432 0.204519
v 0.096834 0.914286 0.192767
v 0.128182 0.926485 0.171967
v 0.122006 0.941952 0.190134
v 0.161628 0.937367 0.141154
v 0.157926 0.949047 0.171839
v 0.194908 0.938300 0.111941
v 0.186357 0.951035 0.154919
v 0.056138 0.993611 0.142957
v 0.087730 0.966900 0.158034
v 0.104815 0.949246 0.172124
v 0.145601 0.966333 0.151622
v 0.180202 0.971597 0.159623
v 0.131548 0.992468 0.160977
v 0.110806 1.026444 0.152361
v 0.111185 1.060416 0.157378
v 0.113599 1.098585 0.158299
v -0.018401 1.073197 0.147291
v 0.006123 1.075856 0.142409
v 0.030794 1.084507 0.139885
v 0.068483 1.101164 0.138400
v 0.106364 1.127773 0.136864
v 0.173614 0.994011 0.177760
v 0.154997 1.026715 0.177501
v 0.152552 1.066267 0.179553
v 0.158414 1.103308 0.171913
v 0.161370 1.147772 0.155148
v -0.236528 0.875725 0.131183
v -0.257162 0.911050 0.117792
v -0.269705 0.934657 0.102836
v -0.279239 0.954211 0.085358
v -0.286520 0.955187 0.063294
v -0.233694 0.950000 0.021333
v -0.280841 0.926464 0.032078
v -0.231000 0.876666 -0.007558
v -0.277472 0.867582 0.014977
v -0.229441 0.811742 0.003310
v -0.259856 0.810618 0.033927
v -0.212330 0.740559 0.045621
v -0.242798 0.762458 0.056176
v -0.214193 0.718874 0.068128
v -0.249259 0.736067 0.056978
v -0.250949 0.730132 0.074617
v -0.242650 0.741674 0.094181
v -0.204429 0.745012 0.092237
v -0.223268 0.782017 0.102570
v -0.202027 0.750541 0.126234
v -0.217452 0.790429 0.124657
v -0.234423 0.830876 0.120102
v -0.258288 0.861636 0.129682
v -0.281251 0.892247 0.126359
v -0.297468 0.914229 0.110276
v -0.308435 0.926255 0.090132
v -0.308109 0.930281 0.068522
v -0.307723 0.913832 0.044293
v -0.309659 0.864020 0.029604
v -0.293645 0.813934 0.040091
v -0.280729 0.771867 0.047359
v -0.281833 0.738322 0.046788
v -0.280873 0.735953 0.082402
v -0.274292 0.759051 0.112758
v -0.264614 0.789679 0.104128
v -0.252510 0.814629 0.116902
v -0.279227 0.844237 0.128631
v -0.306116 0.871347 0.129427
v -0.322773 0.889510 0.116096
v -0.332083 0.900388 0.095804
v -0.333821 0.904621 0.073199
v -0.332613 0.891734 0.053786
v -0.333377 0.853345 0.041837
v -0.320370 0.807449 0.037569
v -0.308896 0.770148 0.035826
v -0.298971 0.740894 0.052518
v -0.293502 0.743047 0.088601
v -0.299312 0.756693 0.109090
v -0.291841 0.813031 0.124399
v -0.325201 0.837117 0.135936
v -0.343178 0.854854 0.125385
v -0.353867 0.866896 0.107666
v -0.354727 0.872827 0.084213
v -0.351648 0.861955 0.062380
v -0.350314 0.838259 0.054322
v -0.343412 0.807087 0.042254
v -0.322755 0.775465 0.055839
v -0.311919 0.741416 0.069698
v -0.298802 0.731048 0.088906
v -0.294834 0.735990 0.120743
v -0.299487 0.789674 0.135612
v -0.328008 0.809172 0.143806
v -0.352767 0.823203 0.129141
v -0.363385 0.836226 0.113942
v -0.368216 0.840279 0.093631
v -0.362101 0.833431 0.072575
v -0.357912 0.814719 0.061766
v -0.351605 0.790945 0.056029
v -0.336117 0.763288 0.059010
v -0.354208 0.730263 0.081630
v -0.356701 0.759024 0.072142
v -0.342923 0.746116 0.066846
v -0.336062 0.723819 0.072845
v -0.366741 0.733747 0.096227
v -0.369269 0.768785 0.087536
v -0.310661 0.767623 0.137476
v -0.334948 0.785704 0.140761
v -0.356380 0.795122 0.131634
v -0.367573 0.804399 0.118635
v -0.375199 0.806638 0.100210
v -0.368203 0.803495 0.080938
v -0.359465 0.789239 0.069048
v -0.350074 0.768119 0.064399
v -0.374362 0.772047 0.107306
v -0.368826 0.773454 0.122671
v -0.358624 0.767314 0.133779
v -0.336556 0.757150 0.141752
v -0.314047 0.743110 0.136135
v -0.317117 0.717996 0.076251
v -0.303224 0.714009 0.090700
v -0.300903 0.714377 0.110888
v -0.307353 0.718791 0.131248
v -0.324642 0.726783 0.142484
v -0.347244 0.734222 0.141603
v -0.363303 0.739881 0.130172
v -0.371631 0.736386 0.114906
v -0.357436 0.707874 0.133147
v -0.364103 0.705037 0.118646
v -0.360772 0.703780 0.103870
v -0.351122 0.699313 0.091345
v -0.333274 0.694523 0.086076
v -0.313073 0.691154 0.088025
v -0.301346 0.692844 0.101468
v -0.299674 0.695959 0.118692
v -0.306861 0.695542 0.135230
v -0.323505 0.698953 0.145253
v -0.341346 0.702895 0.142514
v -0.313791 0.664707 0.109992
v -0.308513 0.664700 0.120894
v -0.315945 0.667495 0.131380
v -0.328459 0.670619 0.134019
v -0.341536 0.673595 0.133957
v -0.354030 0.676041 0.130459
v -0.364181 0.670381 0.119946
v -0.361490 0.669509 0.110007
v -0.355299 0.668382 0.108053
v -0.337748 0.668540 0.106266
v -0.325376 0.666678 0.104234
v -0.345839 0.632899 0.115646
v -0.342651 0.631774 0.117241
v -0.342356 0.631909 0.121590
v -0.344687 0.632764 0.125204
v -0.348494 0.634375 0.126843
v -0.352600 0.636012 0.126308
v -0.356390 0.637076 0.124015
v -0.358022 0.637687 0.119853
v -0.356516 0.636939 0.115594
v -0.353083 0.635521 0.112877
v -0.349057 0.633976 0.112629
v -0.355454 0.618535 0.119647
v -0.225192 1.153527 0.184035
v -0.252682 1.151567 0.167676
v -0.270643 1.146650 0.150483
v -0.284368 1.155139 0.113567
v -0.267751 1.115505 0.115794
v -0.280567 1.170596 0.096464
v -0.257366 1.128506 0.077431
v -0.268060 1.199971 0.080019
v -0.242663 1.160266 0.055158
v -0.245361 1.106689 0.067472
v -0.213798 1.084061 0.043933
v -0.218803 1.130257 0.042516
v -0.183490 1.106433 0.027152
v -0.160108 1.154988 0.188710
v -0.181317 1.170408 0.210466
v -0.148792 1.186484 0.174656
v -0.174213 1.206944 0.194017
v -0.156287 1.210792 0.135821
v -0.184777 1.234181 0.157903
v -0.176293 1.216764 0.090521
v -0.202289 1.248116 0.115775
v -0.211714 1.202325 0.055850
v -0.236773 1.241130 0.084492
v -0.146059 1.137530 0.170794
v -0.124263 1.160939 0.161818
v -0.122903 1.181104 0.121901
v -0.142708 1.183725 0.076285
v -0.179112 1.166925 0.039066
v -0.254994 1.266897 0.122713
v -0.288549 1.235914 0.119608
v -0.300327 1.208334 0.128241
v -0.298379 1.178549 0.153061
v -0.280213 1.165462 0.170216
v -0.248810 1.162193 0.195105
v -0.218109 1.163818 0.215357
v -0.197462 1.185571 0.229868
v -0.195507 1.226712 0.206836
v -0.207948 1.252257 0.179704
v -0.222287 1.269805 0.149886
v -0.209029 1.202579 0.243597
v -0.213633 1.234599 0.234411
v -0.227631 1.260696 0.220439
v -0.245109 1.277711 0.196893
v -0.276100 1.273736 0.181591
v -0.301040 1.252353 0.178693
v -0.311697 1.220659 0.178499
v -0.305852 1.188348 0.187728
v -0.282480 1.173689 0.204750
v -0.254626 1.171066 0.222035
v -0.226527 1.176689 0.237915
v -0.292825 1.271049 0.237139
v -0.309998 1.252453 0.227421
v -0.318558 1.226345 0.225914
v -0.314206 1.199229 0.232827
v -0.294768 1.185432 0.245137
v -0.271430 1.185107 0.258630
v -0.248304 1.192550 0.269868
v -0.238493 1.216961 0.275894
v -0.239376 1.244697 0.274520
v -0.251658 1.266990 0.265558
v -0.271575 1.277690 0.250656
v -0.255048 1.252898 0.319576
v -0.266845 1.278288 0.306473
v -0.289071 1.286163 0.291266
v -0.309818 1.279525 0.278624
v -0.324067 1.261247 0.266763
v -0.326809 1.234552 0.264436
v -0.320402 1.209572 0.270434
v -0.303605 1.195309 0.284166
v -0.285984 1.202237 0.301628
v -0.269470 1.215942 0.316632
v -0.254106 1.229484 0.329661
v -0.339413 1.220218 0.294164
v -0.329257 1.198339 0.307327
v -0.311919 1.183082 0.319365
v -0.290377 1.178995 0.339730
v -0.273996 1.195472 0.354640
v -0.275116 1.223693 0.363404
v -0.285096 1.243503 0.357036
v -0.298259 1.267922 0.341583
v -0.318754 1.279737 0.328451
v -0.334045 1.264123 0.314354
v -0.336842 1.245619 0.301033
v -0.321869 1.188584 0.368497
v -0.309566 1.185076 0.379801
v -0.303379 1.195220 0.390281
v -0.306506 1.212138 0.394101
v -0.315368 1.227332 0.390474
v -0.326177 1.239939 0.383980
v -0.337917 1.248260 0.373937
v -0.345195 1.242573 0.363889
v -0.348878 1.228510 0.354153
v -0.343533 1.213716 0.354394
v -0.332870 1.200982 0.360819
v -0.351717 1.214633 0.416971
v -0.357063 1.211601 0.413291
v -0.358048 1.204056 0.410815
v -0.355707 1.196408 0.410118
v -0.350425 1.190515 0.411468
v -0.343859 1.186631 0.414031
v -0.337203 1.188376 0.418091
v -0.332991 1.193784 0.421768
v -0.334325 1.201514 0.423031
v -0.338879 1.208067 0.422247
v -0.345064 1.212834 0.420117
v -0.364689 1.184580 0.456287
v -0.113380 1.130669 0.157015
v -0.100863 1.145677 0.146579
v -0.078340 1.112001 0.139459
v -0.067895 1.128794 0.125209
v -0.042615 1.099348 0.123988
v -0.035444 1.114641 0.104064
v -0.006002 1.081424 0.118609
v 0.001374 1.104289 0.095575
v 0.015291 1.084713 0.118719
v 0.018324 1.108120 0.098967
v 0.068005 1.111119 0.123146
v 0.035518 1.093612 0.118457
v 0.067360 1.127207 0.108636
v 0.035017 1.113287 0.103125
v -0.101547 1.162134 0.107996
v -0.114839 1.159117 0.066504
v -0.067782 1.137816 0.091357
v -0.075384 1.131034 0.056149
v -0.030037 1.120569 0.080560
v -0.031974 1.114447 0.055742
v 0.004961 1.112277 0.081545
v 0.008940 1.109371 0.059897
v 0.023292 1.115106 0.085613
v 0.031341 1.114701 0.066468
v 0.073798 1.134122 0.093976
v 0.041082 1.120199 0.090460
v 0.084260 1.137433 0.070423
v 0.053718 1.122270 0.072573
v -0.147770 1.138696 0.029849
v -0.192590 1.004303 0.025288
v -0.114204 1.101295 0.024117
v -0.155409 1.071104 0.017833
v -0.175286 1.040717 0.026310
v -0.147533 0.985166 0.002737
v -0.164200 0.953466 -0.005021
v -0.168090 0.893727 -0.027587
v -0.192090 0.818596 -0.023749
v -0.188951 0.757326 -0.004336
v -0.190447 0.700694 0.019377
v 0.117361 1.118338 0.043570
v 0.088794 1.088235 0.032553
v 0.170590 1.081807 0.044430
v 0.143132 1.046970 0.023647
v 0.211021 1.042669 0.063740
v 0.189617 1.002431 0.036909
v 0.231557 1.011708 0.093263
v 0.221418 0.988089 0.058030
v 0.229492 0.999328 0.142421
v 0.213804 0.967792 0.132105
v 0.220868 0.979525 0.100139
v 0.205731 0.995390 0.164952
v 0.199710 0.963981 0.155557
v 0.104171 1.142282 0.122258
v 0.117127 1.158217 0.104281
v 0.129174 1.161795 0.080646
v 0.153068 1.145289 0.061443
v 0.168701 1.117875 0.052260
v 0.154832 1.163386 0.140030
v 0.164013 1.182537 0.117416
v 0.179324 1.180103 0.100899
v 0.199275 1.155063 0.084984
v 0.212592 1.121852 0.082417
v 0.221188 1.082879 0.083962
v 0.239795 1.054795 0.103557
v 0.258160 1.027694 0.126279
v 0.260879 1.005958 0.162030
v 0.237948 1.016112 0.180864
v 0.204610 1.037097 0.180683
v 0.196223 1.064953 0.181155
v 0.193310 1.100544 0.183671
v 0.207793 1.123130 0.189505
v 0.206282 1.140260 0.184721
v 0.201176 1.163567 0.174571
v 0.214617 1.188397 0.153698
v 0.229290 1.180882 0.131758
v 0.244708 1.154803 0.120016
v 0.257999 1.122189 0.120284
v 0.266034 1.086975 0.127883
v 0.274896 1.060259 0.140370
v 0.285011 1.034188 0.149050
v 0.282051 1.011394 0.169656
v 0.263210 1.028142 0.175351
v 0.240203 1.046514 0.182620
v 0.225589 1.060843 0.189559
v 0.216756 1.092567 0.196557
v 0.292261 1.026035 0.183198
v 0.276836 1.037548 0.198647
v 0.264105 1.051371 0.212153
v 0.250918 1.073100 0.210830
v 0.253460 1.103522 0.216159
v 0.252875 1.131933 0.213583
v 0.253964 1.160012 0.208744
v 0.264727 1.179978 0.193827
v 0.280626 1.176478 0.175112
v 0.291501 1.153560 0.164653
v 0.297552 1.126258 0.160616
v 0.301597 1.099362 0.160108
v 0.302119 1.073439 0.164549
v 0.304358 1.046820 0.166022
v 0.306556 1.020389 0.173019
v 0.313107 1.019632 0.200880
v 0.300864 1.021245 0.213851
v 0.291592 1.034451 0.223834
v 0.286450 1.053210 0.232070
v 0.286121 1.074422 0.236257
v 0.289186 1.097110 0.238034
v 0.293275 1.119777 0.238655
v 0.301671 1.140326 0.234640
v 0.316953 1.147872 0.222188
v 0.326309 1.133233 0.210059
v 0.331898 1.114009 0.200730
v 0.333691 1.092802 0.195175
v 0.334218 1.071175 0.190022
v 0.328043 1.049524 0.190971
v 0.323304 1.028761 0.191810
v 0.319608 1.015315 0.240988
v 0.314365 1.032871 0.249249
v 0.315096 1.051317 0.255484
v 0.316294 1.069036 0.259982
v 0.322515 1.089582 0.264246
v 0.339086 1.098277 0.258061
v 0.350626 1.102888 0.254266
v 0.362118 1.090351 0.240086
v 0.359349 1.076766 0.231417
v 0.351420 1.060165 0.225774
v 0.345316 1.042342 0.220634
v 0.339174 1.026005 0.218534
v 0.331981 1.013372 0.221792
v 0.323719 1.007424 0.229896
v 0.344410 1.052835 0.288100
v 0.355720 1.057709 0.288841
v 0.365103 1.056683 0.276407
v 0.377184 1.057784 0.269102
v 0.373989 1.044471 0.261413
v 0.367969 1.030110 0.255505
v 0.359529 1.016841 0.252314
v 0.349605 1.012342 0.255768
v 0.345841 1.018432 0.262836
v 0.340254 1.021953 0.268824
v 0.335527 1.026955 0.275062
v 0.336094 1.036795 0.281635
v 0.332709 1.046184 0.290254
v 0.365096 1.009048 0.311639
v 0.368962 1.003171 0.305238
v 0.364083 0.996432 0.301614
v 0.358988 0.998300 0.305485
v 0.352358 0.997820 0.307873
v 0.344641 0.995080 0.308671
v 0.344455 1.001934 0.314498
v 0.342971 1.009014 0.320873
v 0.336575 1.013997 0.327309
v 0.345607 1.024300 0.332276
v 0.364192 1.029620 0.329490
v 0.370416 1.023346 0.321792
v 0.364081 1.015570 0.317524
v 0.348042 0.974116 0.360696
v 0.124905 0.887599 0.193472
v 0.154067 0.894564 0.171302
v 0.179421 0.904204 0.140422
v 0.144359 0.856326 0.193455
v 0.172064 0.862781 0.178267
v 0.196564 0.871502 0.160994
v 0.166308 0.827854 0.184955
v 0.192665 0.827129 0.164770
v 0.210538 0.836689 0.129898
v 0.181380 0.791319 0.172303
v 0.201164 0.788218 0.148320
v 0.224977 0.798365 0.124193
v 0.209675 0.958699 0.082202
v 0.231836 0.969809 0.062771
v 0.203802 0.910978 0.124542
v 0.215111 0.889218 0.136510
v 0.241630 0.865270 0.121313
v 0.261672 0.807185 0.124692
v 0.264479 0.748742 0.123788
v 0.256730 0.727425 0.098784
v 0.257374 0.727295 0.073877
v 0.222523 0.726637 0.043952
v 0.258665 0.731053 0.046220
v 0.225166 0.764425 0.021148
v 0.260586 0.768197 0.030536
v 0.238381 0.815428 0.003537
v 0.277445 0.806484 0.016901
v 0.258887 0.861820 -0.007576
v 0.297833 0.852425 0.000948
v 0.263116 0.911201 -0.005693
v 0.306752 0.895682 0.000164
v 0.267573 0.944250 0.026366
v 0.308578 0.927670 0.029944
v 0.259571 0.939959 0.070356
v 0.297096 0.922638 0.071517
v 0.240395 0.917655 0.098708
v 0.272628 0.895442 0.103813
v 0.221127 0.937038 0.090064
v 0.241687 0.954381 0.069206
v 0.245367 0.956119 0.029879
v 0.226990 0.967599 0.033173
v 0.209320 0.981848 0.037483
v 0.268374 0.857990 0.120669
v 0.340934 0.909141 0.041869
v 0.327773 0.903151 0.078977
v 0.313158 0.887789 0.112922
v 0.298935 0.854300 0.130379
v 0.287216 0.814940 0.133965
v 0.277089 0.773938 0.129217
v 0.273912 0.741076 0.108355
v 0.283959 0.735387 0.069594
v 0.296710 0.738750 0.032307
v 0.312739 0.767465 0.008791
v 0.322247 0.806746 0.013143
v 0.335841 0.846015 0.005216
v 0.344330 0.885454 0.011285
v 0.341300 0.777306 0.021198
v 0.360409 0.801003 0.009184
v 0.375516 0.824026 0.006104
v 0.377253 0.861166 0.021538
v 0.373279 0.883592 0.049008
v 0.362006 0.879369 0.077532
v 0.357064 0.851442 0.098340
v 0.338935 0.830595 0.113063
v 0.321462 0.803915 0.116456
v 0.306859 0.779133 0.114940
v 0.308943 0.765561 0.087106
v 0.313691 0.755295 0.058094
v 0.322591 0.753537 0.031741
v 0.310689 0.767098 0.108716
v 0.314101 0.747180 0.095962
v 0.317868 0.739741 0.066965
v 0.328395 0.738078 0.043634
v 0.347025 0.751498 0.030536
v 0.367474 0.769710 0.023256
v 0.385456 0.789288 0.023264
v 0.400918 0.810707 0.037298
v 0.400282 0.825257 0.064500
v 0.385198 0.825615 0.085127
v 0.367410 0.816177 0.101898
v 0.348606 0.803698 0.117258
v 0.333192 0.783852 0.112470
v 0.329848 0.709479 0.090158
v 0.320856 0.728490 0.073376
v 0.333857 0.729593 0.053615
v 0.340906 0.709277 0.071029
v 0.351813 0.736446 0.040983
v 0.358781 0.716218 0.058788
v 0.372139 0.747769 0.036738
v 0.378483 0.727706 0.055637
v 0.391654 0.761635 0.040739
v 0.396445 0.739744 0.061350
v 0.405354 0.775243 0.054541
v 0.408247 0.752239 0.078287
v 0.405213 0.782801 0.075888
v 0.408135 0.760367 0.092125
v 0.397932 0.784496 0.093404
v 0.406040 0.763423 0.105255
v 0.380377 0.778637 0.107876
v 0.388840 0.755157 0.113675
v 0.362376 0.771229 0.118822
v 0.373293 0.748133 0.124721
v 0.341891 0.759021 0.120982
v 0.355590 0.738254 0.129269
v 0.327168 0.746512 0.112195
v 0.338750 0.727448 0.126709
v 0.318925 0.734507 0.093323
v 0.328236 0.715688 0.110378
v 0.415423 0.706304 0.133193
v 0.398896 0.732548 0.122832
v 0.383480 0.726136 0.129826
v 0.404101 0.700065 0.136808
v 0.367856 0.719069 0.135775
v 0.392801 0.693676 0.139244
v 0.352396 0.709203 0.135892
v 0.381159 0.687052 0.141728
v 0.344264 0.698047 0.123974
v 0.367734 0.679329 0.139466
v 0.343141 0.689730 0.108724
v 0.365228 0.672257 0.121331
v 0.353223 0.689157 0.094581
v 0.368641 0.678641 0.109911
v 0.375492 0.699703 0.087054
v 0.384324 0.680677 0.110075
v 0.394974 0.715627 0.093913
v 0.402822 0.695399 0.113943
v 0.400131 0.723991 0.103993
v 0.411110 0.734549 0.111108
v 0.420295 0.706540 0.115928
v 0.414725 0.739870 0.117130
v 0.424690 0.709977 0.123797
v 0.443479 0.660230 0.142395
v 0.417126 0.684886 0.142258
v 0.409142 0.677568 0.143702
v 0.440423 0.656151 0.147637
v 0.401262 0.670622 0.145109
v 0.433652 0.649666 0.151528
v 0.394446 0.662970 0.144686
v 0.426170 0.641652 0.151086
v 0.391040 0.655385 0.139480
v 0.422594 0.633654 0.145500
v 0.393194 0.651529 0.130672
v 0.423495 0.628010 0.136983
v 0.402747 0.654573 0.119419
v 0.431737 0.634611 0.120495
v 0.419390 0.668086 0.112717
v 0.442902 0.648783 0.119951
v 0.429185 0.681904 0.118809
v 0.446276 0.656985 0.126858
v 0.430504 0.688490 0.127872
v 0.446270 0.660272 0.132391
v 0.425552 0.689620 0.137333
v 0.445212 0.661239 0.137390
v 0.470147 0.625012 0.140318
v -0.112714 0.559595 0.143321
v -0.127388 0.559704 0.126128
v -0.147903 0.620624 0.103079
v -0.139898 0.563057 0.097001
v -0.191828 0.678205 0.055350
v -0.178279 0.700799 0.087114
v -0.178945 0.699114 0.120590
v -0.161450 0.654960 0.107296
v -0.158909 0.656858 0.074545
v -0.172394 0.650968 0.044156
v -0.147514 0.616601 0.070547
v -0.168083 0.615837 0.036923
v -0.139009 0.571189 0.068683
v -0.156229 0.578235 0.032208
v 0.130940 0.531720 0.098933
v 0.146709 0.560372 0.091112
v 0.113948 0.536204 0.066306
v 0.120359 0.567587 0.065979
v 0.138563 0.531957 0.028824
v 0.141875 0.571285 0.035264
v 0.212276 0.709171 0.043109
v 0.203337 0.683839 0.048473
v 0.192215 0.656153 0.054983
v 0.179200 0.626718 0.063844
v 0.162931 0.592730 0.075175
v 0.134000 0.596155 0.058157
v 0.151364 0.626949 0.048172
v 0.171741 0.660235 0.041816
v 0.192362 0.688402 0.034417
v 0.208140 0.712383 0.032192
v 0.217937 0.732885 0.030368
v 0.150843 0.598964 0.035303
v 0.158714 0.626017 0.037799
v -0.168913 0.662198 0.016469
v -0.163307 0.709450 -0.023345
v -0.145229 0.665674 -0.023418
v -0.170721 0.619684 0.006320
v -0.157795 0.581974 0.003047
v 0.047877 1.077299 0.029631
v 0.002481 1.073492 0.025874
v -0.052220 1.074148 0.022332
v -0.127227 1.013137 0.005568
v -0.101865 1.039527 0.007091
v 0.008822 1.028526 0.003277
v -0.045008 1.028232 0.003313
v 0.049952 1.037609 0.009361
v 0.102505 1.044518 0.015135
v -0.098646 1.006411 -0.002842
v 0.009263 0.998990 -0.015213
v -0.044462 0.998396 -0.012883
v 0.061427 0.998699 -0.011775
v 0.119305 1.005225 0.001045
v -0.108628 0.981545 -0.011637
v 0.009756 0.978432 -0.032923
v -0.048037 0.979653 -0.025942
v -0.117152 0.946966 -0.027523
v 0.014680 0.949330 -0.062559
v -0.062291 0.948314 -0.048023
v -0.125345 0.891977 -0.054244
v 0.002238 0.899752 -0.093397
v -0.067983 0.898497 -0.079820
v 0.064031 0.975663 -0.031358
v 0.183669 0.965612 0.006920
v 0.119967 0.972627 -0.019780
v 0.064053 0.947910 -0.057927
v 0.177107 0.938126 -0.018699
v 0.121896 0.943760 -0.045761
v 0.059084 0.901172 -0.086193
v 0.163770 0.890670 -0.043306
v 0.111373 0.898978 -0.071756
v 0.233325 0.929592 -0.005260
v 0.226706 0.879959 -0.018331
v 0.201025 0.822892 -0.016512
v 0.152277 0.831831 -0.049333
v 0.184690 0.769607 -0.004586
v 0.142276 0.771288 -0.054329
v 0.179232 0.735716 -0.001486
v 0.128412 0.727959 -0.047425
v 0.108751 0.838372 -0.082821
v 0.051224 0.840677 -0.106472
v 0.003315 0.838464 -0.114722
v 0.098087 0.778224 -0.091519
v 0.045701 0.782910 -0.117646
v -0.003349 0.784531 -0.126650
v 0.083639 0.736446 -0.103096
v 0.045353 0.738886 -0.118343
v -0.000949 0.737484 -0.131857
v -0.066794 0.837071 -0.104994
v -0.122960 0.830074 -0.077967
v -0.160385 0.822784 -0.049592
v -0.061083 0.782171 -0.120086
v -0.121413 0.770545 -0.088592
v -0.154638 0.764416 -0.048675
v -0.053066 0.736896 -0.123592
v -0.112703 0.725746 -0.092920
v -0.144132 0.715782 -0.060827
v 0.150673 0.688415 -0.011489
v 0.124100 0.685816 -0.064000
v 0.087631 0.683579 -0.108784
v 0.140543 0.644086 -0.011299
v 0.106435 0.634430 -0.055841
v 0.091136 0.630412 -0.106507
v 0.133583 0.602692 -0.017007
v 0.100409 0.601848 -0.054432
v 0.091304 0.600310 -0.103244
v 0.122027 0.579331 -0.012544
v 0.108275 0.579077 -0.058825
v 0.089109 0.575475 -0.101580
v 0.126410 0.544962 -0.019660
v 0.119789 0.542229 -0.075143
v 0.087519 0.537913 -0.099660
v 0.041974 0.685337 -0.113250
v -0.001670 0.685684 -0.133047
v -0.052911 0.690075 -0.118020
v 0.044995 0.634125 -0.105430
v -0.000731 0.635482 -0.130729
v -0.052119 0.642841 -0.111060
v 0.041974 0.604522 -0.100748
v -0.001190 0.605063 -0.128960
v -0.052574 0.605084 -0.104600
v 0.040648 0.579469 -0.098172
v 0.000829 0.581180 -0.127668
v -0.045756 0.572748 -0.104321
v 0.038043 0.546330 -0.098110
v -0.003666 0.549603 -0.131458
v -0.049143 0.535779 -0.102851
v -0.159110 0.621853 -0.031280
v -0.151981 0.589445 -0.029783
v -0.111684 0.682962 -0.095057
v -0.141789 0.674033 -0.071088
v -0.104311 0.641471 -0.096195
v -0.130165 0.627024 -0.062914
v -0.120020 0.595512 -0.054517
v -0.107157 0.604994 -0.093975
v -0.107471 0.568298 -0.100794
v -0.111681 0.561309 -0.055758
v -0.136842 0.558455 -0.028401
v -0.153034 0.555720 0.000665
v -0.154592 0.554246 0.030458
v -0.143821 0.551365 0.055281
v -0.116509 0.550070 0.065388
v -0.106440 0.534260 -0.098466
v 0.138570 0.483667 0.023625
v 0.131596 0.497662 -0.029584
v 0.144007 0.435747 0.014419
v 0.139034 0.446608 -0.041748
v 0.148047 0.403942 0.009570
v 0.138209 0.412977 -0.044779
v 0.117679 0.496283 -0.070753
v 0.088166 0.495265 -0.098459
v 0.122045 0.447977 -0.080350
v 0.085399 0.437343 -0.099261
v 0.115945 0.408333 -0.080092
v 0.083940 0.397704 -0.095862
v 0.036802 0.496124 -0.102315
v -0.009093 0.497680 -0.142064
v 0.034205 0.434017 -0.113072
v -0.010433 0.437350 -0.156058
v 0.033409 0.393811 -0.118223
v -0.009952 0.398921 -0.163421
v -0.051304 0.488844 -0.106363
v -0.110626 0.490508 -0.093673
v -0.051586 0.429081 -0.115705
v -0.106321 0.430945 -0.092323
v -0.051668 0.392064 -0.122087
v -0.101080 0.390241 -0.088681
v -0.142396 0.503520 -0.063426
v -0.150314 0.505588 -0.032330
v -0.159811 0.505856 -0.000605
v -0.139668 0.447046 -0.064444
v -0.154074 0.452783 -0.034807
v -0.157629 0.452217 -0.002917
v -0.129657 0.389427 -0.060844
v -0.144349 0.397646 -0.029739
v -0.149389 0.413632 -0.001833
v -0.157884 0.504514 0.028411
v -0.149694 0.504733 0.052097
v -0.160372 0.451882 0.026241
v -0.151281 0.451686 0.049056
v -0.166122 0.414823 0.029486
v -0.156219 0.413099 0.046387
v -0.108422 0.502250 0.058117
v -0.101199 0.448655 0.052091
v -0.098840 0.407971 0.048158
v -0.127669 0.496229 0.092511
v -0.121735 0.488976 0.122494
v -0.120024 0.443028 0.091949
v -0.116056 0.430476 0.121277
v -0.113530 0.387254 0.088501
v -0.112312 0.380054 0.121880
v -0.104559 0.489370 0.139389
v -0.079199 0.487704 0.150032
v -0.100972 0.433439 0.137716
v -0.074908 0.432168 0.146957
v -0.098596 0.382745 0.137470
v -0.074341 0.377677 0.147717
v -0.050475 0.485432 0.156038
v -0.024506 0.482600 0.157574
v 0.002675 0.480856 0.146503
v 0.030096 0.478010 0.134862
v -0.049138 0.430084 0.149592
v -0.024613 0.429498 0.148693
v 0.003004 0.426456 0.142569
v 0.029631 0.422980 0.133095
v -0.050085 0.376102 0.148146
v -0.026780 0.376045 0.144757
v -0.000224 0.373781 0.135754
v 0.025479 0.370948 0.122979
v 0.062119 0.474605 0.127903
v 0.092267 0.480227 0.118770
v 0.104292 0.481484 0.099873
v 0.054214 0.424199 0.123360
v 0.072905 0.425938 0.112124
v 0.078017 0.432663 0.084518
v 0.043663 0.372069 0.112904
v 0.062035 0.377424 0.101955
v 0.073613 0.378508 0.074951
v 0.115442 0.485917 0.059868
v 0.123287 0.431999 0.054617
v 0.131253 0.385260 0.052898
v -0.024786 0.547185 0.023623
v 0.013888 0.520565 0.084587
v 0.014735 0.490549 0.080124
v 0.033170 0.492820 0.077222
v 0.030983 0.523307 0.082183
v 0.051739 0.493484 0.072206
v 0.068536 0.495189 0.062815
v 0.060973 0.526130 0.067894
v 0.046945 0.524289 0.077323
v 0.071198 0.531502 0.052178
v 0.079509 0.501874 0.046648
v 0.091552 0.506792 0.033399
v 0.082438 0.536698 0.038000
v 0.099311 0.509464 0.016004
v 0.102277 0.513125 -0.000031
v 0.091107 0.543550 0.005769
v 0.088558 0.540684 0.020869
v 0.099908 0.518575 -0.023472
v 0.087637 0.548980 -0.015553
v 0.092154 0.521359 -0.043548
v 0.077195 0.525075 -0.056975
v 0.066998 0.554429 -0.044651
v 0.079689 0.551722 -0.033467
v 0.055246 0.554920 -0.049993
v 0.062617 0.526128 -0.062353
v 0.045114 0.526635 -0.065738
v 0.039336 0.555480 -0.054113
v 0.029078 0.527008 -0.068017
v 0.013016 0.528396 -0.069796
v 0.011142 0.556990 -0.058578
v 0.024707 0.555532 -0.056932
v 0.015933 0.448720 0.077383
v 0.035500 0.449813 0.072939
v 0.014673 0.397840 0.066482
v 0.031523 0.395360 0.069109
v 0.011096 0.360101 0.032634
v 0.029450 0.361073 0.041047
v 0.008622 0.342805 0.002591
v 0.017828 0.335742 0.002194
v 0.022483 0.345981 0.019422
v 0.011513 0.361254 -0.033122
v 0.024574 0.353695 -0.030421
v 0.027382 0.370124 -0.047915
v 0.013375 0.393225 -0.068740
v 0.037091 0.381995 -0.058924
v 0.014659 0.417132 -0.080285
v 0.016429 0.452437 -0.088188
v 0.038437 0.451871 -0.086927
v 0.036595 0.417252 -0.083020
v 0.015136 0.491914 -0.079416
v 0.034058 0.490002 -0.078470
v 0.054423 0.450507 0.067204
v 0.072762 0.452192 0.060835
v 0.087511 0.458225 0.044358
v 0.101160 0.466528 0.032228
v 0.107593 0.468134 0.009164
v 0.112867 0.472555 -0.005898
v 0.112764 0.476243 -0.029549
v 0.104469 0.482059 -0.049005
v 0.088767 0.486038 -0.065896
v 0.071459 0.489482 -0.073451
v 0.052013 0.489346 -0.077529
v 0.051083 0.401276 0.060858
v 0.069244 0.403478 0.058222
v 0.087351 0.409648 0.047673
v 0.104477 0.418798 0.035631
v 0.112854 0.419937 0.010863
v 0.119553 0.422164 -0.010284
v 0.118137 0.429412 -0.029164
v 0.105952 0.436065 -0.049317
v 0.092643 0.447038 -0.065339
v 0.076486 0.449892 -0.076273
v 0.057683 0.451001 -0.083390
v 0.047085 0.370226 0.059282
v 0.071835 0.374976 0.060768
v 0.092673 0.376409 0.050743
v 0.113354 0.382463 0.034168
v 0.125834 0.387334 0.011729
v 0.121595 0.388954 -0.012836
v 0.000000 0.529409 -0.071198
v 0.000000 0.558024 -0.059354
v 0.000000 0.494130 -0.080692
v 0.000000 0.454121 -0.089209
v 0.000000 0.420688 -0.083148
v 0.000000 0.364777 -0.037393
v 0.000000 0.394192 -0.071590
v 0.000000 0.346483 0.002618
v 0.000000 0.358283 0.034015
v 0.000000 0.392291 0.072618
v 0.000000 0.448018 0.080540
v 0.000000 0.488972 0.081790
v 0.000000 0.518437 0.086655
v 0.116125 0.386589 -0.030813
v 0.117313 0.417644 -0.030657
v 0.103969 0.414380 -0.047081
v 0.088624 0.413746 -0.058917
v 0.070052 0.417394 -0.071998
v 0.055858 0.417476 -0.078204
v 0.102855 0.382895 -0.043298
v 0.085581 0.382590 -0.051506
v 0.055730 0.384157 -0.059272
v 0.119588 0.356850 0.031742
v 0.128005 0.361452 0.015152
v 0.126972 0.373855 0.013539
v 0.116314 0.369113 0.032717
v 0.129540 0.364355 -0.002588
v 0.123601 0.376597 -0.007393
v 0.123083 0.364536 -0.020093
v 0.119651 0.375468 -0.025278
v 0.112313 0.362291 -0.035815
v 0.107660 0.372406 -0.039391
v 0.095648 0.355836 -0.045530
v 0.090831 0.368485 -0.047928
v 0.076773 0.347953 -0.048935
v 0.067255 0.365409 -0.052071
v 0.059430 0.340185 -0.041193
v 0.050010 0.361862 -0.046528
v 0.044594 0.332668 -0.029353
v 0.037695 0.352358 -0.035804
v 0.031152 0.325488 -0.017154
v 0.028580 0.339362 -0.022837
v 0.031348 0.322038 0.000722
v 0.025013 0.328600 0.001336
v 0.041881 0.322824 0.017428
v 0.033540 0.335048 0.017305
v 0.057786 0.327096 0.029362
v 0.045363 0.344724 0.033123
v 0.072451 0.331551 0.042581
v 0.062707 0.352812 0.043705
v 0.090408 0.338987 0.047634
v 0.081651 0.356960 0.050035
v 0.107598 0.347749 0.042670
v 0.103492 0.359510 0.049984
v 0.117329 0.328258 -0.034993
v 0.100927 0.324340 -0.043169
v 0.099106 0.336552 -0.044456
v 0.115139 0.341212 -0.034946
v 0.083180 0.319426 -0.047433
v 0.080623 0.330871 -0.048048
v 0.068113 0.313594 -0.039104
v 0.065028 0.324521 -0.039543
v 0.054101 0.309038 -0.037620
v 0.049808 0.318888 -0.034976
v 0.047211 0.304571 -0.021121
v 0.040977 0.313166 -0.019122
v 0.045081 0.301514 -0.004267
v 0.039833 0.310021 -0.002566
v 0.053925 0.301916 0.011511
v 0.048590 0.309763 0.014133
v 0.063324 0.302542 0.027160
v 0.061765 0.312021 0.027028
v 0.078598 0.305929 0.037273
v 0.076666 0.316046 0.038953
v 0.094978 0.310702 0.043829
v 0.093290 0.321771 0.045313
v 0.110539 0.317103 0.036361
v 0.109056 0.329267 0.038013
v 0.124628 0.324217 0.026892
v 0.123252 0.337081 0.029194
v 0.134468 0.328260 0.012470
v 0.132041 0.341323 0.013442
v 0.134394 0.329920 -0.004279
v 0.131684 0.343208 -0.003315
v 0.126303 0.329103 -0.019683
v 0.128063 0.342620 -0.020559
v 0.067332 0.272372 -0.040405
v 0.061557 0.269769 -0.024755
v 0.056432 0.286438 -0.022994
v 0.064618 0.290154 -0.037554
v 0.063498 0.268586 -0.008335
v 0.057069 0.284934 -0.007127
v 0.066847 0.267638 0.008660
v 0.062953 0.284179 0.008912
v 0.074607 0.267695 0.024133
v 0.072086 0.285140 0.023862
v 0.088650 0.269483 0.034262
v 0.083667 0.285861 0.036994
v 0.105401 0.272434 0.037572
v 0.100717 0.289709 0.040239
v 0.120850 0.276079 0.030738
v 0.116094 0.294359 0.032942
v 0.132301 0.279500 0.018170
v 0.128265 0.299021 0.021034
v 0.141444 0.282639 0.003818
v 0.138240 0.302928 0.007703
v 0.142335 0.284283 -0.011660
v 0.139755 0.305013 -0.008394
v 0.137630 0.284936 -0.028290
v 0.132847 0.302049 -0.023361
v 0.126980 0.284141 -0.041735
v 0.122719 0.300557 -0.039613
v 0.112548 0.282234 -0.051224
v 0.107203 0.301616 -0.047596
v 0.095757 0.279335 -0.055448
v 0.089960 0.297194 -0.055242
v 0.079114 0.275798 -0.052498
v 0.071790 0.292141 -0.049607
v 0.107800 0.263634 0.042149
v 0.123920 0.265929 0.036783
v 0.112865 0.242944 0.039922
v 0.128783 0.246872 0.033841
v 0.110224 0.236023 0.025160
v 0.124845 0.241126 0.017011
v 0.138474 0.269821 0.020473
v 0.146978 0.274190 0.002973
v 0.149444 0.277453 -0.014542
v 0.143623 0.276729 -0.031309
v 0.130043 0.276510 -0.045739
v 0.114427 0.275291 -0.055291
v 0.096769 0.273754 -0.059830
v 0.078776 0.268908 -0.057285
v 0.065027 0.266614 -0.045104
v 0.060373 0.264103 -0.027947
v 0.062257 0.260674 -0.008062
v 0.065424 0.259201 0.011231
v 0.072993 0.259950 0.025181
v 0.087814 0.261301 0.037302
v 0.091915 0.239358 0.036087
v 0.076717 0.238171 0.024518
v 0.066666 0.237836 0.010829
v 0.062154 0.238787 -0.006143
v 0.062886 0.241698 -0.030089
v 0.069022 0.243551 -0.047109
v 0.083626 0.244359 -0.056595
v 0.100866 0.247153 -0.057941
v 0.119656 0.250576 -0.053840
v 0.134988 0.251539 -0.045993
v 0.149403 0.251603 -0.033702
v 0.157023 0.251243 -0.014710
v 0.153139 0.251646 0.000804
v 0.145166 0.248809 0.016265
v 0.133671 0.243979 0.004603
v 0.136507 0.245431 -0.003283
v 0.136313 0.244413 -0.017949
v 0.131987 0.244504 -0.025995
v 0.124272 0.243055 -0.033181
v 0.108831 0.242604 -0.039401
v 0.099295 0.242032 -0.040775
v 0.088726 0.240459 -0.038839
v 0.081912 0.238668 -0.033900
v 0.075290 0.236953 -0.023981
v 0.074566 0.233936 -0.006911
v 0.078912 0.233059 0.003382
v 0.088927 0.233248 0.015464
v 0.097929 0.234676 0.022620
v 0.077408 0.220781 -0.025575
v 0.082359 0.222752 -0.036537
v 0.090254 0.224729 -0.042628
v 0.101712 0.226949 -0.044001
v 0.112270 0.228689 -0.041621
v 0.125916 0.230582 -0.035090
v 0.134431 0.231328 -0.027262
v 0.139278 0.231228 -0.017734
v 0.139538 0.229823 -0.003537
v 0.135226 0.228034 0.006415
v 0.125304 0.225113 0.016850
v 0.112046 0.222044 0.023498
v 0.099792 0.220070 0.021049
v 0.090298 0.219169 0.012997
v 0.081357 0.218735 0.001359
v 0.077442 0.219209 -0.010172
v 0.083102 0.190425 -0.030226
v 0.079008 0.208745 -0.025413
v 0.082226 0.210775 -0.037674
v 0.086077 0.192621 -0.043158
v 0.090821 0.213199 -0.046447
v 0.095119 0.195487 -0.052206
v 0.103140 0.215318 -0.048166
v 0.108979 0.197790 -0.053191
v 0.115843 0.216830 -0.044560
v 0.120904 0.198992 -0.048291
v 0.127524 0.217837 -0.038170
v 0.131484 0.199803 -0.041156
v 0.137162 0.218201 -0.029168
v 0.140544 0.200183 -0.032076
v 0.142847 0.217628 -0.017545
v 0.146068 0.199639 -0.020527
v 0.142364 0.215944 -0.004668
v 0.144991 0.197925 -0.007883
v 0.136199 0.213596 0.006496
v 0.138356 0.195712 0.002610
v 0.126279 0.210994 0.015050
v 0.128837 0.193248 0.010638
v 0.114999 0.208526 0.020857
v 0.117366 0.190597 0.015471
v 0.102784 0.206828 0.019337
v 0.105047 0.188923 0.013184
v 0.092441 0.206255 0.011128
v 0.094969 0.188224 0.005296
v 0.084344 0.206320 0.000593
v 0.088191 0.188438 -0.005491
v 0.079935 0.207190 -0.011820
v 0.084153 0.189140 -0.017527
v 0.098915 0.150614 -0.038694
v 0.091228 0.169075 -0.036139
v 0.095107 0.169582 -0.047425
v 0.102347 0.150483 -0.048427
v 0.103519 0.170859 -0.055131
v 0.110203 0.151017 -0.054367
v 0.114851 0.172684 -0.055587
v 0.120394 0.152399 -0.054531
v 0.125708 0.174486 -0.050879
v 0.129827 0.153904 -0.049955
v 0.135379 0.176123 -0.043709
v 0.137933 0.154703 -0.043014
v 0.143241 0.177489 -0.034627
v 0.144455 0.154983 -0.034342
v 0.147459 0.178286 -0.023580
v 0.147028 0.154690 -0.023828
v 0.145961 0.178169 -0.011818
v 0.144784 0.154033 -0.013346
v 0.139716 0.177267 -0.001732
v 0.139446 0.153860 -0.004546
v 0.130386 0.175840 0.005767
v 0.131273 0.153195 0.001833
v 0.119015 0.174043 0.009460
v 0.121379 0.152337 0.003931
v 0.107697 0.172185 0.006587
v 0.111771 0.151257 0.000739
v 0.099144 0.170719 -0.001460
v 0.105133 0.150467 -0.007033
v 0.093762 0.169736 -0.012263
v 0.101191 0.150171 -0.016992
v 0.091078 0.169179 -0.024047
v 0.098958 0.150878 -0.027896
v 0.105385 0.130973 -0.040513
v 0.108949 0.131302 -0.048502
v 0.116649 0.131662 -0.051863
v 0.125650 0.132672 -0.050910
v 0.133361 0.133305 -0.046031
v 0.139468 0.132464 -0.038654
v 0.143909 0.131010 -0.030089
v 0.145229 0.129220 -0.020665
v 0.142354 0.127001 -0.011615
v 0.137735 0.126359 -0.004250
v 0.130391 0.125536 0.000270
v 0.121779 0.125297 0.000271
v 0.114294 0.125603 -0.004321
v 0.110045 0.126510 -0.012266
v 0.106604 0.129312 -0.021908
v 0.104837 0.130617 -0.031444
v 0.128175 0.117075 -0.047585
v 0.135078 0.118067 -0.042832
v 0.139912 0.116941 -0.034926
v 0.143966 0.115594 -0.026619
v 0.144204 0.113995 -0.017717
v 0.140970 0.112159 -0.009317
v 0.136332 0.111900 -0.002783
v 0.128991 0.111404 0.000538
v 0.121038 0.111413 -0.000508
v 0.114711 0.111761 -0.005304
v 0.111778 0.114487 -0.014538
v 0.107845 0.116866 -0.023618
v 0.106992 0.116456 -0.031883
v 0.108481 0.116476 -0.040074
v 0.112420 0.116259 -0.046857
v 0.120093 0.116224 -0.049074
v 0.144723 0.084877 -0.021171
v 0.143820 0.101043 -0.023144
v 0.144111 0.099846 -0.014555
v 0.144539 0.083773 -0.011658
v 0.140376 0.098438 -0.006751
v 0.139525 0.082637 -0.003738
v 0.135130 0.098414 -0.001100
v 0.132983 0.082802 0.001415
v 0.127729 0.098139 0.001532
v 0.126057 0.082403 0.005067
v 0.119951 0.098192 0.000037
v 0.119156 0.084446 0.002948
v 0.114441 0.100385 -0.006443
v 0.113835 0.087231 -0.003218
v 0.111336 0.102773 -0.015482
v 0.109934 0.086882 -0.012394
v 0.108072 0.103215 -0.023790
v 0.106772 0.087080 -0.021023
v 0.107960 0.102505 -0.031787
v 0.107073 0.087502 -0.028969
v 0.110040 0.102177 -0.039567
v 0.110321 0.086991 -0.036570
v 0.115265 0.101749 -0.045145
v 0.115501 0.086289 -0.043034
v 0.122930 0.101499 -0.047293
v 0.122709 0.085579 -0.046402
v 0.130843 0.102541 -0.045238
v 0.131333 0.086110 -0.045089
v 0.136706 0.103337 -0.039591
v 0.136310 0.087101 -0.038637
v 0.140285 0.102145 -0.031201
v 0.139975 0.085753 -0.029094
v 0.143982 0.067308 -0.010056
v 0.137932 0.065065 -0.000950
v 0.138224 0.047961 0.003164
v 0.142111 0.049588 -0.008752
v 0.138598 0.040193 0.003882
v 0.143672 0.037767 0.004171
v 0.145611 0.038763 -0.007518
v 0.141124 0.042871 -0.008070
v 0.139946 0.018564 0.005112
v 0.142238 0.017936 -0.011355
v 0.141019 0.004465 0.004870
v 0.142758 0.004689 -0.011239
v 0.143876 0.055193 -0.020968
v 0.147387 0.053340 -0.020868
v 0.145734 0.059707 -0.030364
v 0.140364 0.061994 -0.032450
v 0.140126 0.063769 -0.040226
v 0.137004 0.063658 -0.038292
v 0.133776 0.065844 -0.046691
v 0.131222 0.067218 -0.044977
v 0.120195 0.066639 -0.048274
v 0.121962 0.067610 -0.045889
v 0.111016 0.065319 -0.045374
v 0.113250 0.065790 -0.041664
v 0.130059 0.066704 0.004890
v 0.131793 0.052271 0.011347
v 0.125625 0.071646 0.009479
v 0.126240 0.062491 0.014504
v 0.117315 0.074296 0.007771
v 0.115786 0.067305 0.012417
v 0.111111 0.075545 0.001363
v 0.107348 0.064406 0.008660
v 0.103092 0.071316 -0.007204
v 0.100496 0.053540 -0.003681
v 0.099892 0.071750 -0.018134
v 0.098775 0.054620 -0.014214
v 0.101770 0.058631 -0.024234
v 0.097278 0.057895 -0.025234
v 0.106465 0.062016 -0.033698
v 0.102531 0.062056 -0.034417
v 0.145390 0.070387 -0.020790
v 0.145919 0.034419 -0.030480
v 0.143177 0.040003 -0.037798
v 0.138125 0.041723 -0.043318
v 0.130327 0.042780 -0.049410
v 0.119987 0.043418 -0.050730
v 0.108096 0.042649 -0.048812
v 0.100017 0.039529 -0.039284
v 0.094636 0.034277 -0.028057
v 0.114753 0.074132 -0.041929
v 0.122386 0.073300 -0.046004
v 0.131798 0.073435 -0.044987
v 0.136755 0.074079 -0.037676
v 0.140951 0.073349 -0.028938
v 0.104494 0.073016 -0.026775
v 0.109311 0.074145 -0.034907
v 0.093790 0.051764 -0.012542
v 0.092517 0.050831 -0.001765
v 0.092773 0.055261 0.006562
v 0.098230 0.063595 0.013986
v 0.114469 0.068253 0.015958
v 0.127491 0.063140 0.018313
v 0.134507 0.054854 0.017640
v 0.139231 0.046903 0.013994
v 0.143797 0.015971 -0.020927
v 0.143731 0.004491 -0.020333
v 0.138695 0.017484 -0.022914
v 0.142560 0.031632 -0.031600
v 0.141000 0.036750 -0.036116
v 0.137375 0.038305 -0.043043
v 0.129782 0.039449 -0.047461
v 0.118602 0.039683 -0.046979
v 0.111067 0.038584 -0.044196
v 0.102864 0.035714 -0.038218
v 0.096725 0.030413 -0.028335
v 0.090912 0.029630 -0.016634
v 0.090385 0.028956 -0.000129
v 0.089711 0.030076 0.005439
v 0.089597 0.041005 0.011886
v 0.093820 0.026284 -0.019873
v 0.094543 0.017171 -0.022597
v 0.091688 0.016375 -0.021530
v 0.090909 0.015445 -0.002732
v 0.090557 0.015608 0.008868
v 0.081882 0.016452 0.034014
v 0.136493 0.032433 0.048740
v 0.138714 0.016334 0.047899
v 0.131177 0.037671 0.047286
v 0.126399 0.040656 0.046617
v 0.119734 0.042889 0.046668
v 0.108826 0.044864 0.046031
v 0.091509 0.043471 0.042288
v 0.078912 0.036847 0.037476
v 0.077035 0.031038 0.033191
v 0.140845 0.003929 0.047575
v 0.139622 0.027229 -0.038225
v 0.134275 0.027231 -0.044619
v 0.127572 0.027494 -0.047740
v 0.118306 0.028375 -0.047217
v 0.111470 0.027289 -0.044165
v 0.104061 0.026394 -0.038803
v 0.098038 0.024465 -0.031690
v 0.100093 0.016728 -0.031748
v 0.104977 0.017379 -0.038874
v 0.111209 0.018043 -0.044619
v 0.119327 0.018138 -0.045069
v 0.127257 0.018164 -0.045920
v 0.134361 0.017942 -0.044594
v 0.138844 0.017076 -0.035268
v 0.144466 0.016209 -0.036081
v 0.140527 0.017331 -0.049873
v 0.133770 0.017791 -0.057041
v 0.123324 0.018215 -0.059612
v 0.112798 0.018237 -0.056423
v 0.103576 0.017836 -0.046660
v 0.096424 0.016520 -0.035839
v 0.144482 0.003960 -0.035398
v 0.140714 0.005308 -0.049279
v 0.133002 0.007114 -0.057660
v 0.123248 0.007239 -0.060075
v 0.112280 0.007390 -0.056744
v 0.103745 0.006355 -0.048363
v 0.095422 0.005340 -0.034487
v 0.091306 0.004320 -0.021936
v 0.090573 0.003903 -0.002296
v 0.089166 0.003928 0.010266
v 0.080361 0.003942 0.034928
v 0.072392 0.005249 0.052769
v 0.073432 0.016251 0.051984
v 0.071074 0.028958 0.051095
v 0.077308 0.036338 0.051577
v 0.090020 0.041086 0.054504
v 0.106745 0.041484 0.057004
v 0.118470 0.040042 0.057833
v 0.129758 0.036550 0.058421
v 0.137255 0.031405 0.061156
v 0.140345 0.015166 0.062329
v 0.140676 0.003548 0.062811
v 0.139774 0.015760 0.082318
v 0.140281 0.004032 0.083008
v 0.134277 0.029332 0.078977
v 0.125817 0.034097 0.078264
v 0.114863 0.036923 0.077927
v 0.102765 0.038361 0.076342
v 0.084687 0.037603 0.074337
v 0.070737 0.032672 0.068374
v 0.065382 0.026075 0.066902
v 0.065254 0.016421 0.067660
v 0.065034 0.005441 0.067857
v 0.067726 0.031229 0.077057
v 0.081312 0.035764 0.083817
v 0.096667 0.036866 0.086053
v 0.112782 0.035299 0.087278
v 0.124975 0.031567 0.088858
v 0.131528 0.027609 0.089594
v 0.135307 0.016155 0.093740
v 0.136117 0.004614 0.092942
v 0.062978 0.024294 0.076702
v 0.061172 0.017540 0.077880
v 0.060473 0.005956 0.078053
v 0.068758 0.027467 0.084167
v 0.078866 0.030134 0.087846
v 0.092955 0.028138 0.091098
v 0.071759 0.029350 0.101734
v 0.088897 0.026092 0.102438
v 0.106512 0.025906 0.091146
v 0.117813 0.023876 0.092614
v 0.127917 0.017095 0.092589
v 0.127774 0.017627 0.101620
v 0.127786 0.006036 0.102300
v 0.065984 0.029116 0.099067
v 0.102329 0.022348 0.099688
v 0.114521 0.022050 0.097823
v 0.114871 0.018883 0.107799
v 0.100294 0.019567 0.112139
v 0.086535 0.019551 0.114564
v 0.070510 0.026274 0.108919
v 0.074207 0.019026 0.114508
v 0.065844 0.027228 0.106343
v 0.063143 0.018310 0.108232
v 0.059775 0.017955 0.097223
v 0.065317 0.017758 0.079410
v 0.058990 0.006564 0.095875
v 0.062063 0.007071 0.108206
v 0.072838 0.007591 0.115182
v 0.086535 0.008690 0.116120
v 0.102088 0.008507 0.113730
v 0.115781 0.007872 0.109714
v -0.013888 0.520565 0.084587
v -0.030983 0.523307 0.082183
v -0.033170 0.492820 0.077222
v -0.014735 0.490549 0.080124
v -0.051739 0.493484 0.072206
v -0.046945 0.524289 0.077323
v -0.060973 0.526130 0.067894
v -0.068536 0.495189 0.062815
v -0.071198 0.531502 0.052178
v -0.082438 0.536698 0.038000
v -0.091552 0.506792 0.033399
v -0.079509 0.501874 0.046648
v -0.099311 0.509464 0.016004
v -0.088558 0.540684 0.020869
v -0.091107 0.543550 0.005769
v -0.102277 0.513125 -0.000031
v -0.087637 0.548980 -0.015553
v -0.099908 0.518575 -0.023472
v -0.092154 0.521359 -0.043548
v -0.079689 0.551722 -0.033467
v -0.066998 0.554429 -0.044651
v -0.077195 0.525075 -0.056975
v -0.055246 0.554920 -0.049993
v -0.039336 0.555480 -0.054113
v -0.045114 0.526635 -0.065738
v -0.062617 0.526128 -0.062353
v -0.029078 0.527008 -0.068017
v -0.024707 0.555532 -0.056932
v -0.011142 0.556990 -0.058578
v -0.013016 0.528396 -0.069796
v -0.035500 0.449813 0.072939
v -0.015933 0.448720 0.077383
v -0.031523 0.395360 0.069109
v -0.014673 0.397840 0.066482
v -0.029450 0.361073 0.041047
v -0.011096 0.360101 0.032634
v -0.022483 0.345981 0.019422
v -0.017828 0.335742 0.002194
v -0.008622 0.342805 0.002591
v -0.024574 0.353695 -0.030421
v -0.011513 0.361254 -0.033122
v -0.027382 0.370124 -0.047915
v -0.037091 0.381995 -0.058924
v -0.013375 0.393225 -0.068740
v -0.014659 0.417132 -0.080285
v -0.036595 0.417252 -0.083020
v -0.038437 0.451871 -0.086927
v -0.016429 0.452437 -0.088188
v -0.034058 0.490002 -0.078470
v -0.015136 0.491914 -0.079416
v -0.072762 0.452192 0.060835
v -0.054423 0.450507 0.067204
v -0.087511 0.458225 0.044358
v -0.101160 0.466528 0.032228
v -0.112867 0.472555 -0.005898
v -0.107593 0.468134 0.009164
v -0.112764 0.476243 -0.029549
v -0.088767 0.486038 -0.065896
v -0.104469 0.482059 -0.049005
v -0.071459 0.489482 -0.073451
v -0.052013 0.489346 -0.077529
v -0.051083 0.401276 0.060858
v -0.069244 0.403478 0.058222
v -0.104477 0.418798 0.035631
v -0.087351 0.409648 0.047673
v -0.112854 0.419937 0.010863
v -0.119553 0.422164 -0.010284
v -0.118137 0.429412 -0.029164
v -0.105952 0.436065 -0.049317
v -0.092643 0.447038 -0.065339
v -0.057683 0.451001 -0.083390
v -0.076486 0.449892 -0.076273
v -0.071835 0.374976 0.060768
v -0.047085 0.370226 0.059282
v -0.092673 0.376409 0.050743
v -0.113354 0.382463 0.034168
v -0.121595 0.388954 -0.012836
v -0.125834 0.387334 0.011729
v -0.117313 0.417644 -0.030657
v -0.116125 0.386589 -0.030813
v -0.103969 0.414380 -0.047081
v -0.088624 0.413746 -0.058917
v -0.070052 0.417394 -0.071998
v -0.055858 0.417476 -0.078204
v -0.102855 0.382895 -0.043298
v -0.085581 0.382590 -0.051506
v -0.055730 0.384157 -0.059272
v -0.119588 0.356850 0.031742
v -0.116314 0.369113 0.032717
v -0.126972 0.373855 0.013539
v -0.128005 0.361452 0.015152
v -0.123601 0.376597 -0.007393
v -0.129540 0.364355 -0.002588
v -0.119651 0.375468 -0.025278
v -0.123083 0.364536 -0.020093
v -0.107660 0.372406 -0.039391
v -0.112313 0.362291 -0.035815
v -0.090831 0.368485 -0.047928
v -0.095648 0.355836 -0.045530
v -0.067255 0.365409 -0.052071
v -0.076773 0.347953 -0.048935
v -0.050010 0.361862 -0.046528
v -0.059430 0.340185 -0.041193
v -0.037695 0.352358 -0.035804
v -0.044594 0.332668 -0.029353
v -0.028580 0.339362 -0.022837
v -0.031152 0.325488 -0.017154
v -0.025013 0.328600 0.001336
v -0.031348 0.322038 0.000722
v -0.033540 0.335048 0.017305
v -0.041881 0.322824 0.017428
v -0.045363 0.344724 0.033123
v -0.057786 0.327096 0.029362
v -0.062707 0.352812 0.043705
v -0.072451 0.331551 0.042581
v -0.081651 0.356960 0.050035
v -0.090408 0.338987 0.047634
v -0.103492 0.359510 0.049984
v -0.107598 0.347749 0.042670
v -0.117329 0.328258 -0.034993
v -0.115139 0.341212 -0.034946
v -0.099106 0.336552 -0.044456
v -0.100927 0.324340 -0.043169
v -0.080623 0.330871 -0.048048
v -0.083180 0.319426 -0.047433
v -0.065028 0.324521 -0.039543
v -0.068113 0.313594 -0.039104
v -0.049808 0.318888 -0.034976
v -0.054101 0.309038 -0.037620
v -0.040977 0.313166 -0.019122
v -0.047211 0.304571 -0.021121
v -0.039833 0.310021 -0.002566
v -0.045081 0.301514 -0.004267
v -0.048590 0.309763 0.014133
v -0.053925 0.301916 0.011511
v -0.061765 0.312021 0.027028
v -0.063324 0.302542 0.027160
v -0.076666 0.316046 0.038953
v -0.078598 0.305929 0.037273
v -0.093290 0.321771 0.045313
v -0.094978 0.310702 0.043829
v -0.109056 0.329267 0.038013
v -0.110539 0.317103 0.036361
v -0.123252 0.337081 0.029194
v -0.124628 0.324217 0.026892
v -0.132041 0.341323 0.013442
v -0.134468 0.328260 0.012470
v -0.131684 0.343208 -0.003315
v -0.134394 0.329920 -0.004279
v -0.128063 0.342620 -0.020559
v -0.126303 0.329103 -0.019683
v -0.067332 0.272372 -0.040405
v -0.064618 0.290154 -0.037554
v -0.056432 0.286438 -0.022994
v -0.061557 0.269769 -0.024755
v -0.057069 0.284934 -0.007127
v -0.063498 0.268586 -0.008335
v -0.062953 0.284179 0.008912
v -0.066847 0.267638 0.008660
v -0.072086 0.285140 0.023862
v -0.074607 0.267695 0.024133
v -0.083667 0.285861 0.036994
v -0.088650 0.269483 0.034262
v -0.100717 0.289709 0.040239
v -0.105401 0.272434 0.037572
v -0.116094 0.294359 0.032942
v -0.120850 0.276079 0.030738
v -0.128265 0.299021 0.021034
v -0.132301 0.279500 0.018170
v -0.138240 0.302928 0.007703
v -0.141444 0.282639 0.003818
v -0.139755 0.305013 -0.008394
v -0.142335 0.284283 -0.011660
v -0.132847 0.302049 -0.023361
v -0.137630 0.284936 -0.028290
v -0.122719 0.300557 -0.039613
v -0.126980 0.284141 -0.041735
v -0.107203 0.301616 -0.047596
v -0.112548 0.282234 -0.051224
v -0.089960 0.297194 -0.055242
v -0.095757 0.279335 -0.055448
v -0.071790 0.292141 -0.049607
v -0.079114 0.275798 -0.052498
v -0.123920 0.265929 0.036783
v -0.107800 0.263634 0.042149
v -0.128783 0.246872 0.033841
v -0.112865 0.242944 0.039922
v -0.124845 0.241126 0.017011
v -0.110224 0.236023 0.025160
v -0.138474 0.269821 0.020473
v -0.146978 0.274190 0.002973
v -0.149444 0.277453 -0.014542
v -0.143623 0.276729 -0.031309
v -0.130043 0.276510 -0.045739
v -0.114427 0.275291 -0.055291
v -0.096769 0.273754 -0.059830
v -0.078776 0.268908 -0.057285
v -0.065027 0.266614 -0.045104
v -0.060373 0.264103 -0.027947
v -0.062257 0.260674 -0.008062
v -0.065424 0.259201 0.011231
v -0.072993 0.259950 0.025181
v -0.087814 0.261301 0.037302
v -0.091915 0.239358 0.036087
v -0.076717 0.238171 0.024518
v -0.066666 0.237836 0.010829
v -0.062154 0.238787 -0.006143
v -0.062886 0.241698 -0.030089
v -0.069022 0.243551 -0.047109
v -0.083626 0.244359 -0.056595
v -0.100866 0.247153 -0.057941
v -0.119656 0.250576 -0.053840
v -0.134988 0.251539 -0.045993
v -0.149403 0.251603 -0.033702
v -0.157023 0.251243 -0.014710
v -0.153139 0.251646 0.000804
v -0.145166 0.248809 0.016265
v -0.133671 0.243979 0.004603
v -0.136507 0.245431 -0.003283
v -0.136313 0.244413 -0.017949
v -0.131987 0.244504 -0.025995
v -0.124272 0.243055 -0.033181
v -0.108831 0.242604 -0.039401
v -0.099295 0.242032 -0.040775
v -0.088726 0.240459 -0.038839
v -0.081912 0.238668 -0.033900
v -0.075290 0.236953 -0.023981
v -0.074566 0.233936 -0.006911
v -0.078912 0.233059 0.003382
v -0.088927 0.233248 0.015464
v -0.097929 0.234676 0.022620
v -0.077408 0.220781 -0.025575
v -0.082359 0.222752 -0.036537
v -0.090254 0.224729 -0.042628
v -0.101712 0.226949 -0.044001
v -0.112270 0.228689 -0.041621
v -0.125916 0.230582 -0.035090
v -0.134431 0.231328 -0.027262
v -0.139278 0.231228 -0.017734
v -0.139538 0.229823 -0.003537
v -0.135226 0.228034 0.006415
v -0.125304 0.225113 0.016850
v -0.112046 0.222044 0.023498
v -0.099792 0.220070 0.021049
v -0.090298 0.219169 0.012997
v -0.081357 0.218735 0.001359
v -0.077442 0.219209 -0.010172
v -0.083102 0.190425 -0.030226
v -0.086077 0.192621 -0.043158
v -0.082226 0.210775 -0.037674
v -0.079008 0.208745 -0.025413
v -0.095119 0.195487 -0.052206
v -0.090821 0.213199 -0.046447
v -0.108979 0.197790 -0.053191
v -0.103140 0.215318 -0.048166
v -0.120904 0.198992 -0.048291
v -0.115843 0.216830 -0.044560
v -0.131484 0.199803 -0.041156
v -0.127524 0.217837 -0.038170
v -0.140544 0.200183 -0.032076
v -0.137162 0.218201 -0.029168
v -0.146068 0.199639 -0.020527
v -0.142847 0.217628 -0.017545
v -0.144991 0.197925 -0.007883
v -0.142364 0.215944 -0.004668
v -0.138356 0.195712 0.002610
v -0.136199 0.213596 0.006496
v -0.128837 0.193248 0.010638
v -0.126279 0.210994 0.015050
v -0.117366 0.190597 0.015471
v -0.114999 0.208526 0.020857
v -0.105047 0.188923 0.013184
v -0.102784 0.206828 0.019337
v -0.094969 0.188224 0.005296
v -0.092441 0.206255 0.011128
v -0.088191 0.188438 -0.005491
v -0.084344 0.206320 0.000593
v -0.084153 0.189140 -0.017527
v -0.079935 0.207190 -0.011820
v -0.098915 0.150614 -0.038694
v -0.102347 0.150483 -0.048427
v -0.095107 0.169582 -0.047425
v -0.091228 0.169075 -0.036139
v -0.110203 0.151017 -0.054367
v -0.103519 0.170859 -0.055131
v -0.120394 0.152399 -0.054531
v -0.114851 0.172684 -0.055587
v -0.129827 0.153904 -0.049955
v -0.125708 0.174486 -0.050879
v -0.137933 0.154703 -0.043014
v -0.135379 0.176123 -0.043709
v -0.144455 0.154983 -0.034342
v -0.143241 0.177489 -0.034627
v -0.147028 0.154690 -0.023828
v -0.147459 0.178286 -0.023580
v -0.144784 0.154033 -0.013346
v -0.145961 0.178169 -0.011818
v -0.139446 0.153860 -0.004546
v -0.139716 0.177267 -0.001732
v -0.131273 0.153195 0.001833
v -0.130386 0.175840 0.005767
v -0.121379 0.152337 0.003931
v -0.119015 0.174043 0.009460
v -0.111771 0.151257 0.000739
v -0.107697 0.172185 0.006587
v -0.105133 0.150467 -0.007033
v -0.099144 0.170719 -0.001460
v -0.101191 0.150171 -0.016992
v -0.093762 0.169736 -0.012263
v -0.098958 0.150878 -0.027896
v -0.091078 0.169179 -0.024047
v -0.105385 0.130973 -0.040513
v -0.108949 0.131302 -0.048502
v -0.116649 0.131662 -0.051863
v -0.125650 0.132672 -0.050910
v -0.133361 0.133305 -0.046031
v -0.139468 0.132464 -0.038654
v -0.143909 0.131010 -0.030089
v -0.145229 0.129220 -0.020665
v -0.142354 0.127001 -0.011615
v -0.137735 0.126359 -0.004250
v -0.130391 0.125536 0.000270
v -0.121779 0.125297 0.000271
v -0.114294 0.125603 -0.004321
v -0.110045 0.126510 -0.012266
v -0.106604 0.129312 -0.021908
v -0.104837 0.130617 -0.031444
v -0.128175 0.117075 -0.047585
v -0.135078 0.118067 -0.042832
v -0.139912 0.116941 -0.034926
v -0.143966 0.115594 -0.026619
v -0.144204 0.113995 -0.017717
v -0.140970 0.112159 -0.009317
v -0.136332 0.111900 -0.002783
v -0.128991 0.111404 0.000538
v -0.121038 0.111413 -0.000508
v -0.114711 0.111761 -0.005304
v -0.111778 0.114487 -0.014538
v -0.107845 0.116866 -0.023618
v -0.106992 0.116456 -0.031883
v -0.108481 0.116476 -0.040074
v -0.112420 0.116259 -0.046857
v -0.120093 0.116224 -0.049074
v -0.144723 0.084877 -0.021171
v -0.144539 0.083773 -0.011658
v -0.144111 0.099846 -0.014555
v -0.143820 0.101043 -0.023144
v -0.139525 0.082637 -0.003738
v -0.140376 0.098438 -0.006751
v -0.132983 0.082802 0.001415
v -0.135130 0.098414 -0.001100
v -0.126057 0.082403 0.005067
v -0.127729 0.098139 0.001532
v -0.119156 0.084446 0.002948
v -0.119951 0.098192 0.000037
v -0.113835 0.087231 -0.003218
v -0.114441 0.100385 -0.006443
v -0.109934 0.086882 -0.012394
v -0.111336 0.102773 -0.015482
v -0.106772 0.087080 -0.021023
v -0.108072 0.103215 -0.023790
v -0.107073 0.087502 -0.028969
v -0.107960 0.102505 -0.031787
v -0.110321 0.086991 -0.036570
v -0.110040 0.102177 -0.039567
v -0.115501 0.086289 -0.043034
v -0.115265 0.101749 -0.045145
v -0.122709 0.085579 -0.046402
v -0.122930 0.101499 -0.047293
v -0.131333 0.086110 -0.045089
v -0.130843 0.102541 -0.045238
v -0.136310 0.087101 -0.038637
v -0.136706 0.103337 -0.039591
v -0.139975 0.085753 -0.029094
v -0.140285 0.102145 -0.031201
v -0.143982 0.067308 -0.010056
v -0.142111 0.049588 -0.008752
v -0.138224 0.047961 0.003164
v -0.137932 0.065065 -0.000950
v -0.138598 0.040193 0.003882
v -0.141124 0.042871 -0.008070
v -0.145611 0.038763 -0.007518
v -0.143672 0.037767 0.004171
v -0.142238 0.017936 -0.011355
v -0.139946 0.018564 0.005112
v -0.142758 0.004689 -0.011239
v -0.141019 0.004465 0.004870
v -0.143876 0.055193 -0.020968
v -0.140364 0.061994 -0.032450
v -0.145734 0.059707 -0.030364
v -0.147387 0.053340 -0.020868
v -0.137004 0.063658 -0.038292
v -0.140126 0.063769 -0.040226
v -0.131222 0.067218 -0.044977
v -0.133776 0.065844 -0.046691
v -0.121962 0.067610 -0.045889
v -0.120195 0.066639 -0.048274
v -0.113250 0.065790 -0.041664
v -0.111016 0.065319 -0.045374
v -0.131793 0.052271 0.011347
v -0.130059 0.066704 0.004890
v -0.126240 0.062491 0.014504
v -0.125625 0.071646 0.009479
v -0.115786 0.067305 0.012417
v -0.117315 0.074296 0.007771
v -0.107348 0.064406 0.008660
v -0.111111 0.075545 0.001363
v -0.100496 0.053540 -0.003681
v -0.103092 0.071316 -0.007204
v -0.098775 0.054620 -0.014214
v -0.099892 0.071750 -0.018134
v -0.097278 0.057895 -0.025234
v -0.101770 0.058631 -0.024234
v -0.102531 0.062056 -0.034417
v -0.106465 0.062016 -0.033698
v -0.145390 0.070387 -0.020790
v -0.145919 0.034419 -0.030480
v -0.143177 0.040003 -0.037798
v -0.138125 0.041723 -0.043318
v -0.130327 0.042780 -0.049410
v -0.119987 0.043418 -0.050730
v -0.108096 0.042649 -0.048812
v -0.100017 0.039529 -0.039284
v -0.094636 0.034277 -0.028057
v -0.114753 0.074132 -0.041929
v -0.122386 0.073300 -0.046004
v -0.131798 0.073435 -0.044987
v -0.136755 0.074079 -0.037676
v -0.140951 0.073349 -0.028938
v -0.104494 0.073016 -0.026775
v -0.109311 0.074145 -0.034907
v -0.093790 0.051764 -0.012542
v -0.092517 0.050831 -0.001765
v -0.092773 0.055261 0.006562
v -0.098230 0.063595 0.013986
v -0.114469 0.068253 0.015958
v -0.127491 0.063140 0.018313
v -0.134507 0.054854 0.017640
v -0.139231 0.046903 0.013994
v -0.143797 0.015971 -0.020927
v -0.143731 0.004491 -0.020333
v -0.142560 0.031632 -0.031600
v -0.138695 0.017484 -0.022914
v -0.141000 0.036750 -0.036116
v -0.137375 0.038305 -0.043043
v -0.129782 0.039449 -0.047461
v -0.118602 0.039683 -0.046979
v -0.111067 0.038584 -0.044196
v -0.102864 0.035714 -0.038218
v -0.096725 0.030413 -0.028335
v -0.090912 0.029630 -0.016634
v -0.090385 0.028956 -0.000129
v -0.089711 0.030076 0.005439
v -0.089597 0.041005 0.011886
v -0.093820 0.026284 -0.019873
v -0.091688 0.016375 -0.021530
v -0.094543 0.017171 -0.022597
v -0.090909 0.015445 -0.002732
v -0.090557 0.015608 0.008868
v -0.081882 0.016452 0.034014
v -0.138714 0.016334 0.047899
v -0.136493 0.032433 0.048740
v -0.131177 0.037671 0.047286
v -0.126399 0.040656 0.046617
v -0.119734 0.042889 0.046668
v -0.108826 0.044864 0.046031
v -0.091509 0.043471 0.042288
v -0.078912 0.036847 0.037476
v -0.077035 0.031038 0.033191
v -0.140845 0.003929 0.047575
v -0.139622 0.027229 -0.038225
v -0.134275 0.027231 -0.044619
v -0.127572 0.027494 -0.047740
v -0.118306 0.028375 -0.047217
v -0.111470 0.027289 -0.044165
v -0.104061 0.026394 -0.038803
v -0.098038 0.024465 -0.031690
v -0.100093 0.016728 -0.031748
v -0.104977 0.017379 -0.038874
v -0.111209 0.018043 -0.044619
v -0.119327 0.018138 -0.045069
v -0.127257 0.018164 -0.045920
v -0.134361 0.017942 -0.044594
v -0.138844 0.017076 -0.035268
v -0.144466 0.016209 -0.036081
v -0.140527 0.017331 -0.049873
v -0.133770 0.017791 -0.057041
v -0.123324 0.018215 -0.059612
v -0.112798 0.018237 -0.056423
v -0.103576 0.017836 -0.046660
v -0.096424 0.016520 -0.035839
v -0.144482 0.003960 -0.035398
v -0.140714 0.005308 -0.049279
v -0.133002 0.007114 -0.057660
v -0.123248 0.007239 -0.060075
v -0.112280 0.007390 -0.056744
v -0.103745 0.006355 -0.048363
v -0.095422 0.005340 -0.034487
v -0.091306 0.004320 -0.021936
v -0.090573 0.003903 -0.002296
v -0.089166 0.003928 0.010266
v -0.080361 0.003942 0.034928
v -0.073432 0.016251 0.051984
v -0.072392 0.005249 0.052769
v -0.071074 0.028958 0.051095
v -0.077308 0.036338 0.051577
v -0.090020 0.041086 0.054504
v -0.106745 0.041484 0.057004
v -0.118470 0.040042 0.057833
v -0.129758 0.036550 0.058421
v -0.137255 0.031405 0.061156
v -0.140345 0.015166 0.062329
v -0.140676 0.003548 0.062811
v -0.140281 0.004032 0.083008
v -0.139774 0.015760 0.082318
v -0.134277 0.029332 0.078977
v -0.125817 0.034097 0.078264
v -0.114863 0.036923 0.077927
v -0.102765 0.038361 0.076342
v -0.084687 0.037603 0.074337
v -0.070737 0.032672 0.068374
v -0.065382 0.026075 0.066902
v -0.065254 0.016421 0.067660
v -0.065034 0.005441 0.067857
v -0.081312 0.035764 0.083817
v -0.067726 0.031229 0.077057
v -0.096667 0.036866 0.086053
v -0.112782 0.035299 0.087278
v -0.124975 0.031567 0.088858
v -0.131528 0.027609 0.089594
v -0.135307 0.016155 0.093740
v -0.136117 0.004614 0.092942
v -0.062978 0.024294 0.076702
v -0.061172 0.017540 0.077880
v -0.060473 0.005956 0.078053
v -0.068758 0.027467 0.084167
v -0.078866 0.030134 0.087846
v -0.092955 0.028138 0.091098
v -0.071759 0.029350 0.101734
v -0.088897 0.026092 0.102438
v -0.106512 0.025906 0.091146
v -0.117813 0.023876 0.092614
v -0.127917 0.017095 0.092589
v -0.127774 0.017627 0.101620
v -0.127786 0.006036 0.102300
v -0.065984 0.029116 0.099067
v -0.102329 0.022348 0.099688
v -0.114521 0.022050 0.097823
v -0.114871 0.018883 0.107799
v -0.100294 0.019567 0.112139
v -0.086535 0.019551 0.114564
v -0.074207 0.019026 0.114508
v -0.070510 0.026274 0.108919
v -0.063143 0.018310 0.108232
v -0.065844 0.027228 0.106343
v -0.059775 0.017955 0.097223
v -0.065317 0.017758 0.079410
v -0.058990 0.006564 0.095875
v -0.062063 0.007071 0.108206
v -0.072838 0.007591 0.115182
v -0.086535 0.008690 0.116120
v -0.102088 0.008507 0.113730
v -0.115781 0.007872 0.109714
vt 0.738380 0.015900
vt 0.755427 0.005013
vt 0.741285 0.019320
vt 0.747051 0.022313
vt 0.736206 0.005013
vt 0.737824 0.010961
vt 0.754302 0.527153
vt 0.753029 0.517549
vt 0.762831 0.515124
vt 0.759027 0.528417
vt 0.769019 0.515879
vt 0.765695 0.526343
vt 0.767548 0.532654
vt 0.759870 0.533406
vt 0.690993 0.055748
vt 0.691979 0.049491
vt 0.711910 0.055748
vt 0.693472 0.044627
vt 0.695716 0.037736
vt 0.701914 0.037374
vt 0.770874 0.527489
vt 0.780988 0.523993
vt 0.781858 0.530264
vt 0.774012 0.533919
vt 0.778340 0.515026
vt 0.750444 0.037374
vt 0.755187 0.040037
vt 0.742554 0.054445
vt 0.760032 0.042473
vt 0.007192 0.014050
vt 0.005238 0.009411
vt 0.018726 0.001953
vt 0.003315 0.005696
vt 0.001953 0.001953
vt 0.010704 0.016683
vt 0.960353 0.010186
vt 0.968941 0.008136
vt 0.964887 0.012785
vt 0.960123 0.012180
vt 0.959344 0.008425
vt 0.968084 0.002929
vt 0.799490 0.551660
vt 0.795652 0.552163
vt 0.798047 0.546699
vt 0.952152 0.012785
vt 0.957613 0.007808
vt 0.956153 0.005949
vt 0.753546 0.533042
vt 0.747723 0.536208
vt 0.745703 0.532609
vt 0.718412 0.005013
vt 0.731484 0.021524
vt 0.716709 0.009085
vt 0.714846 0.012362
vt 0.710615 0.015959
vt 0.710425 0.021524
vt 0.745610 0.521136
vt 0.742023 0.532152
vt 0.739562 0.523289
vt 0.763887 0.048227
vt 0.787474 0.524670
vt 0.796077 0.534955
vt 0.792914 0.537989
vt 0.787275 0.531624
vt 0.761360 0.054445
vt 0.789198 0.518296
vt 0.799832 0.524459
vt 0.805386 0.533249
vt 0.798880 0.538811
vt 0.808471 0.541937
vt 0.802032 0.544599
vt 0.808445 0.549723
vt 0.804173 0.550513
vt 0.805586 0.556053
vt 0.741507 0.536214
vt 0.736955 0.535904
vt 0.735828 0.530737
vt 0.732379 0.535779
vt 0.729873 0.532782
vt 0.767325 0.006064
vt 0.770150 0.001953
vt 0.779270 0.018199
vt 0.766088 0.010796
vt 0.763375 0.013839
vt 0.760639 0.018199
vt 0.733850 0.521860
vt 0.728459 0.526447
vt 0.725052 0.534234
vt 0.722749 0.529206
vt 0.727285 0.537044
vt 0.718633 0.542594
vt 0.717191 0.539867
vt 0.716096 0.530948
vt 0.712810 0.541839
vt 0.710581 0.535871
vt 0.815580 0.009254
vt 0.817994 0.005078
vt 0.829756 0.016220
vt 0.819526 0.001953
vt 0.812460 0.011614
vt 0.812200 0.016220
vt 0.708392 0.546869
vt 0.706064 0.541759
vt 0.714669 0.544611
vt 0.709189 0.549650
vt 0.607010 0.005040
vt 0.605956 0.001953
vt 0.618890 0.001953
vt 0.608023 0.007636
vt 0.608527 0.010669
vt 0.611131 0.012302
vt 0.706784 0.548662
vt 0.700792 0.545708
vt 0.706333 0.551583
vt 0.700919 0.554461
vt 0.699450 0.551167
vt 0.696365 0.547336
vt 0.866739 0.004330
vt 0.868730 0.001953
vt 0.877515 0.016105
vt 0.862672 0.007660
vt 0.694804 0.553787
vt 0.691040 0.557221
vt 0.687030 0.555216
vt 0.692747 0.548611
vt 0.860079 0.011196
vt 0.860858 0.016105
vt 0.688240 0.563421
vt 0.682608 0.561689
vt 0.689346 0.571912
vt 0.681350 0.569778
vt 0.696183 0.556687
vt 0.688820 0.576268
vt 0.681363 0.576412
vt 0.691538 0.577577
vt 0.691328 0.583609
vt 0.692139 0.573791
vt 0.695474 0.571493
vt 0.887327 0.004715
vt 0.900836 0.015029
vt 0.883959 0.006645
vt 0.882176 0.011046
vt 0.883273 0.015029
vt 0.889112 0.001953
vt 0.693154 0.560386
vt 0.701781 0.563816
vt 0.706048 0.558698
vt 0.711855 0.553245
vt 0.719032 0.547807
vt 0.727928 0.542093
vt 0.736145 0.541297
vt 0.745901 0.539856
vt 0.756956 0.538666
vt 0.769465 0.537176
vt 0.781880 0.537127
vt 0.790998 0.543347
vt 0.796520 0.540871
vt 0.958466 0.001953
vt 0.963025 0.003068
vt 0.799171 0.560931
vt 0.791309 0.563433
vt 0.787964 0.555414
vt 0.783759 0.549658
vt 0.778135 0.544564
vt 0.769393 0.546334
vt 0.758671 0.545352
vt 0.747096 0.546662
vt 0.736164 0.548775
vt 0.727684 0.549951
vt 0.720435 0.554761
vt 0.714223 0.559849
vt 0.709197 0.564954
vt 0.705091 0.570311
vt 0.700026 0.576217
vt 0.698416 0.585477
vt 0.700501 0.588520
vt 0.694721 0.593109
vt 0.692265 0.596944
vt 0.687564 0.588492
vt 0.682300 0.585055
vt 0.909223 0.008474
vt 0.912513 0.005325
vt 0.925377 0.015911
vt 0.907957 0.012444
vt 0.908297 0.015911
vt 0.915534 0.001953
vt 0.696576 0.598241
vt 0.702087 0.595955
vt 0.700977 0.604141
vt 0.700108 0.607875
vt 0.694383 0.601417
vt 0.736107 0.044701
vt 0.738482 0.047983
vt 0.716773 0.054531
vt 0.733460 0.041108
vt 0.730718 0.037374
vt 0.738883 0.054531
vt 0.706336 0.604741
vt 0.706136 0.610820
vt 0.707479 0.614829
vt 0.706236 0.616937
vt 0.703187 0.611843
vt 0.835377 0.007054
vt 0.837207 0.005414
vt 0.852740 0.015400
vt 0.834298 0.011109
vt 0.835195 0.015400
vt 0.841470 0.001953
vt 0.712767 0.617800
vt 0.712579 0.610232
vt 0.716897 0.619445
vt 0.717955 0.621788
vt 0.710070 0.619996
vt 0.770456 0.043885
vt 0.770335 0.041852
vt 0.783171 0.037374
vt 0.772913 0.048092
vt 0.769282 0.047249
vt 0.768335 0.037374
vt 0.719611 0.614103
vt 0.721322 0.620675
vt 0.721367 0.624552
vt 0.726928 0.621540
vt 0.725677 0.626689
vt 0.733537 0.623990
vt 0.734042 0.626625
vt 0.792297 0.004596
vt 0.794573 0.001953
vt 0.805150 0.017411
vt 0.790638 0.008763
vt 0.789705 0.013158
vt 0.786420 0.017411
vt 0.739200 0.622910
vt 0.735284 0.618538
vt 0.728236 0.616063
vt 0.744329 0.621818
vt 0.745924 0.625145
vt 0.738688 0.626692
vt 0.668785 0.040831
vt 0.671588 0.037374
vt 0.685379 0.056832
vt 0.666049 0.045656
vt 0.665215 0.050672
vt 0.661529 0.056832
vt 0.751804 0.619280
vt 0.746340 0.616027
vt 0.759450 0.617868
vt 0.760091 0.620704
vt 0.751921 0.623869
vt 0.759657 0.610915
vt 0.763459 0.615987
vt 0.939648 0.001953
vt 0.942734 0.004349
vt 0.930055 0.015629
vt 0.945305 0.007604
vt 0.946074 0.011949
vt 0.946760 0.015629
vt 0.764042 0.618957
vt 0.767396 0.611454
vt 0.769750 0.615671
vt 0.764014 0.607197
vt 0.771649 0.609011
vt 0.772590 0.610652
vt 0.768848 0.604315
vt 0.773426 0.606378
vt 0.790432 0.048856
vt 0.790753 0.045826
vt 0.804084 0.048856
vt 0.794183 0.039148
vt 0.796699 0.037374
vt 0.792273 0.042265
vt 0.775446 0.608778
vt 0.778280 0.611744
vt 0.778873 0.602605
vt 0.779865 0.604058
vt 0.624894 0.001953
vt 0.635816 0.001953
vt 0.624370 0.004097
vt 0.625338 0.006797
vt 0.626983 0.008283
vt 0.629284 0.010707
vt 0.777293 0.598216
vt 0.781386 0.599992
vt 0.782677 0.607182
vt 0.781547 0.601891
vt 0.786759 0.599814
vt 0.772178 0.619447
vt 0.766023 0.624175
vt 0.759009 0.627595
vt 0.748095 0.631843
vt 0.734990 0.632880
vt 0.719670 0.630951
vt 0.712684 0.626007
vt 0.709047 0.624173
vt 0.703267 0.621201
vt 0.700016 0.614708
vt 0.696891 0.610631
vt 0.691505 0.605276
vt 0.688653 0.599368
vt 0.685495 0.592620
vt 0.682632 0.588914
vt 0.780672 0.615599
vt 0.785589 0.610475
vt 0.793095 0.602270
vt 0.797103 0.571950
vt 0.791343 0.569975
vt 0.792356 0.583350
vt 0.787019 0.581149
vt 0.785737 0.595224
vt 0.782730 0.592319
vt 0.796074 0.586336
vt 0.800008 0.574792
vt 0.802191 0.566275
vt 0.806894 0.565106
vt 0.805422 0.575207
vt 0.800813 0.590016
vt 0.782183 0.565641
vt 0.779571 0.558444
vt 0.774542 0.552703
vt 0.768652 0.554334
vt 0.760239 0.553475
vt 0.750291 0.553778
vt 0.739419 0.556187
vt 0.728517 0.557811
vt 0.720017 0.562676
vt 0.714246 0.569771
vt 0.709161 0.577899
vt 0.705628 0.581598
vt 0.705809 0.588212
vt 0.708167 0.595869
vt 0.710359 0.599906
vt 0.715918 0.604340
vt 0.722614 0.607147
vt 0.729453 0.609217
vt 0.736797 0.611988
vt 0.744392 0.609908
vt 0.753875 0.606567
vt 0.759852 0.601715
vt 0.765404 0.597939
vt 0.770572 0.593984
vt 0.776160 0.589325
vt 0.778782 0.580036
vt 0.782117 0.571663
vt 0.770702 0.577909
vt 0.772261 0.571184
vt 0.771059 0.562436
vt 0.769308 0.586071
vt 0.765380 0.590730
vt 0.756416 0.595559
vt 0.748803 0.600027
vt 0.740696 0.603663
vt 0.734685 0.603778
vt 0.726586 0.600671
vt 0.718457 0.598219
vt 0.714949 0.591608
vt 0.714645 0.586718
vt 0.715293 0.581189
vt 0.718031 0.574319
vt 0.724302 0.570105
vt 0.730226 0.566010
vt 0.739202 0.560958
vt 0.748684 0.558658
vt 0.759588 0.560803
vt 0.765329 0.568950
vt 0.767137 0.576935
vt 0.765980 0.584214
vt 0.756591 0.590186
vt 0.747531 0.593555
vt 0.739902 0.596962
vt 0.734803 0.596273
vt 0.728447 0.593519
vt 0.722224 0.591242
vt 0.722910 0.583613
vt 0.725950 0.576745
vt 0.732072 0.572541
vt 0.738647 0.567200
vt 0.747579 0.564978
vt 0.755352 0.565278
vt 0.758197 0.569650
vt 0.757506 0.575257
vt 0.757296 0.579377
vt 0.751648 0.584401
vt 0.745157 0.587883
vt 0.737882 0.590124
vt 0.730379 0.586728
vt 0.732941 0.580029
vt 0.739209 0.576360
vt 0.746548 0.573039
vt 0.752545 0.571270
vt 0.753018 0.577261
vt 0.747713 0.579358
vt 0.742356 0.582117
vt 0.737119 0.583808
vt 0.809900 0.594712
vt 0.800581 0.607807
vt 0.820844 0.601119
vt 0.807909 0.616091
vt 0.828696 0.608359
vt 0.814602 0.623792
vt 0.791061 0.617847
vt 0.797040 0.626266
vt 0.802703 0.635304
vt 0.783886 0.623679
vt 0.788200 0.632295
vt 0.793546 0.641635
vt 0.775618 0.628608
vt 0.778926 0.638055
vt 0.782453 0.647956
vt 0.767931 0.632621
vt 0.769963 0.642091
vt 0.778851 0.656890
vt 0.760374 0.635482
vt 0.747676 0.638452
vt 0.742593 0.681488
vt 0.747513 0.661679
vt 0.763174 0.658551
vt 0.758046 0.679432
vt 0.732717 0.641081
vt 0.717779 0.637971
vt 0.760984 0.644938
vt 0.748461 0.647541
vt 0.728918 0.665879
vt 0.724575 0.684166
vt 0.730508 0.650616
vt 0.715437 0.648947
vt 0.711205 0.663719
vt 0.706261 0.631004
vt 0.697578 0.625979
vt 0.694171 0.620605
vt 0.689656 0.616691
vt 0.685703 0.613190
vt 0.774641 0.678974
vt 0.706401 0.644209
vt 0.700420 0.638464
vt 0.694230 0.633816
vt 0.690577 0.628190
vt 0.684783 0.624414
vt 0.678586 0.620974
vt 0.703980 0.681471
vt 0.688856 0.662970
vt 0.701979 0.657407
vt 0.695728 0.648325
vt 0.689452 0.646870
vt 0.685166 0.637480
vt 0.679433 0.631853
vt 0.672036 0.628073
vt 0.682078 0.604759
vt 0.679016 0.596699
vt 0.676241 0.589509
vt 0.672604 0.583440
vt 0.674473 0.611596
vt 0.671094 0.600970
vt 0.668715 0.591020
vt 0.664770 0.583886
vt 0.665219 0.619291
vt 0.659930 0.608931
vt 0.660223 0.595800
vt 0.655959 0.587119
vt 0.672901 0.576617
vt 0.672432 0.566702
vt 0.673213 0.557351
vt 0.662539 0.575725
vt 0.660235 0.566070
vt 0.664326 0.556790
vt 0.650936 0.575190
vt 0.650880 0.565599
vt 0.656032 0.554681
vt 0.678275 0.552712
vt 0.684291 0.547224
vt 0.689466 0.542647
vt 0.694577 0.537699
vt 0.671070 0.551917
vt 0.678051 0.546450
vt 0.683945 0.538579
vt 0.693376 0.527957
vt 0.665622 0.548762
vt 0.672729 0.542599
vt 0.677818 0.531750
vt 0.689094 0.519751
vt 0.700111 0.532879
vt 0.706117 0.528427
vt 0.716284 0.520986
vt 0.727115 0.515868
vt 0.700515 0.522353
vt 0.714455 0.510211
vt 0.783686 0.465198
vt 0.766055 0.468449
vt 0.751251 0.448834
vt 0.765802 0.438956
vt 0.727553 0.501418
vt 0.716708 0.477957
vt 0.734119 0.474711
vt 0.737832 0.488730
vt 0.724074 0.492527
vt 0.676575 0.511119
vt 0.689194 0.501145
vt 0.699248 0.513497
vt 0.710638 0.502364
vt 0.701551 0.488314
vt 0.746941 0.473214
vt 0.749468 0.485398
vt 0.736441 0.511752
vt 0.746177 0.509530
vt 0.752804 0.507621
vt 0.762929 0.505754
vt 0.770754 0.504573
vt 0.782008 0.505342
vt 0.736179 0.500143
vt 0.748904 0.496211
vt 0.763287 0.494141
vt 0.771847 0.492711
vt 0.784859 0.493783
vt 0.767030 0.481087
vt 0.783996 0.477455
vt 0.792174 0.512167
vt 0.801972 0.518399
vt 0.810826 0.525914
vt 0.796621 0.503036
vt 0.808340 0.510819
vt 0.817658 0.518048
vt 0.800869 0.491294
vt 0.813450 0.498581
vt 0.827182 0.512219
vt 0.812311 0.536666
vt 0.814433 0.546026
vt 0.814902 0.556060
vt 0.823519 0.531617
vt 0.824736 0.544871
vt 0.825486 0.557502
vt 0.832703 0.529743
vt 0.841847 0.543837
vt 0.840245 0.558917
vt 0.815609 0.565399
vt 0.825532 0.567584
vt 0.838949 0.572221
vt 0.814319 0.578815
vt 0.824891 0.583696
vt 0.837690 0.588131
vt 0.670116 0.661627
vt 0.673904 0.645802
vt 0.664297 0.640874
vt 0.652831 0.649284
vt 0.637503 0.634668
vt 0.648672 0.626379
vt 0.640184 0.612304
vt 0.638247 0.597139
vt 0.635651 0.585763
vt 0.635177 0.574538
vt 0.626560 0.619822
vt 0.619842 0.603791
vt 0.616436 0.591095
vt 0.683550 0.683980
vt 0.660090 0.677218
vt 0.644004 0.660195
vt 0.628779 0.642484
vt 0.614025 0.625636
vt 0.606778 0.610995
vt 0.601499 0.596475
vt 0.615392 0.579607
vt 0.636235 0.566294
vt 0.638925 0.559249
vt 0.639855 0.548682
vt 0.656105 0.547911
vt 0.639448 0.537840
vt 0.657171 0.537804
vt 0.621505 0.566464
vt 0.621915 0.551399
vt 0.600341 0.573502
vt 0.601866 0.557071
vt 0.599628 0.583365
vt 0.622602 0.537082
vt 0.602804 0.539739
vt 0.664508 0.524277
vt 0.801971 0.479962
vt 0.791956 0.473183
vt 0.799752 0.469116
vt 0.789576 0.461307
vt 0.795445 0.457369
vt 0.822574 0.481745
vt 0.839382 0.493553
vt 0.812438 0.463949
vt 0.806664 0.446973
vt 0.797653 0.654113
vt 0.813516 0.649049
vt 0.825722 0.634398
vt 0.839751 0.616790
vt 0.848689 0.595660
vt 0.851713 0.577020
vt 0.859173 0.563265
vt 0.855349 0.540750
vt 0.845662 0.522183
vt 0.855912 0.507546
vt 0.827695 0.437127
vt 0.834532 0.451111
vt 0.851445 0.426624
vt 0.856610 0.438857
vt 0.875551 0.417355
vt 0.878482 0.426158
vt 0.883751 0.444051
vt 0.859896 0.456536
vt 0.836758 0.469389
vt 0.853993 0.478013
vt 0.872596 0.465907
vt 0.890519 0.448239
vt 0.896980 0.451903
vt 0.880727 0.472825
vt 0.866627 0.492098
vt 0.864679 0.520922
vt 0.877582 0.501672
vt 0.892035 0.480166
vt 0.907123 0.459533
vt 0.854100 0.583713
vt 0.867741 0.568477
vt 0.868880 0.540136
vt 0.883286 0.548602
vt 0.877137 0.527380
vt 0.890930 0.512681
vt 0.906533 0.492727
vt 0.919194 0.478025
vt 0.921045 0.445798
vt 0.928716 0.471257
vt 0.909364 0.434236
vt 0.901736 0.430914
vt 0.895890 0.417351
vt 0.895337 0.409520
vt 0.863938 0.403149
vt 0.884750 0.395192
vt 0.841796 0.409878
vt 0.818369 0.414168
vt 0.799065 0.422418
vt 0.787750 0.442382
vt 0.780171 0.418748
vt 0.857933 0.387314
vt 0.872238 0.382623
vt 0.840603 0.390609
vt 0.819380 0.396351
vt 0.796850 0.408863
vt 0.800698 0.396424
vt 0.782041 0.404368
vt 0.769618 0.415968
vt 0.769395 0.400934
vt 0.759183 0.412596
vt 0.737239 0.400024
vt 0.739981 0.385157
vt 0.756871 0.396548
vt 0.776905 0.440796
vt 0.734255 0.450924
vt 0.724309 0.458579
vt 0.710963 0.461483
vt 0.702557 0.467057
vt 0.684392 0.456015
vt 0.695379 0.449328
vt 0.662302 0.445423
vt 0.677515 0.436910
vt 0.639596 0.440835
vt 0.661926 0.428805
vt 0.737366 0.424077
vt 0.717984 0.433118
vt 0.706219 0.440996
vt 0.686883 0.425545
vt 0.669464 0.419142
vt 0.698462 0.415123
vt 0.714353 0.403026
vt 0.718591 0.388127
vt 0.722623 0.371980
vt 0.783118 0.394232
vt 0.771753 0.390031
vt 0.760988 0.384331
vt 0.745670 0.374303
vt 0.732740 0.359255
vt 0.676367 0.405494
vt 0.690334 0.394284
vt 0.697653 0.377971
vt 0.702723 0.362279
vt 0.711703 0.344645
vt 0.895469 0.535160
vt 0.910633 0.519597
vt 0.920878 0.507865
vt 0.930012 0.497093
vt 0.940703 0.491666
vt 0.458933 0.766493
vt 0.439508 0.742068
vt 0.462325 0.729378
vt 0.473114 0.747099
vt 0.430725 0.704873
vt 0.457099 0.700728
vt 0.433675 0.674327
vt 0.456431 0.671906
vt 0.443790 0.635112
vt 0.457532 0.646204
vt 0.452462 0.621984
vt 0.464202 0.635044
vt 0.468122 0.626132
vt 0.885031 0.619980
vt 0.895980 0.604698
vt 0.898891 0.616997
vt 0.877233 0.603698
vt 0.885039 0.585259
vt 0.864210 0.592276
vt 0.877544 0.575580
vt 0.891204 0.558608
vt 0.904983 0.544931
vt 0.919288 0.532505
vt 0.930693 0.521476
vt 0.940453 0.513012
vt 0.947916 0.504939
vt 0.476842 0.724034
vt 0.484134 0.736198
vt 0.475025 0.699911
vt 0.473084 0.675596
vt 0.472355 0.655425
vt 0.478230 0.641417
vt 0.483286 0.626159
vt 0.912801 0.597684
vt 0.911037 0.616314
vt 0.905338 0.582708
vt 0.899385 0.568523
vt 0.914948 0.555490
vt 0.930039 0.544300
vt 0.940372 0.535203
vt 0.949413 0.526861
vt 0.957529 0.518891
vt 0.496415 0.723926
vt 0.490035 0.714581
vt 0.488739 0.696018
vt 0.486745 0.674425
vt 0.485199 0.657825
vt 0.486417 0.642593
vt 0.490366 0.626494
vt 0.916898 0.614283
vt 0.923554 0.604554
vt 0.920812 0.571900
vt 0.938648 0.561515
vt 0.948276 0.552627
vt 0.956667 0.544642
vt 0.964996 0.536242
vt 0.501461 0.702029
vt 0.510025 0.710326
vt 0.500245 0.690684
vt 0.497530 0.675729
vt 0.496197 0.658178
vt 0.496303 0.638679
vt 0.495576 0.625740
vt 0.931031 0.614469
vt 0.917662 0.621236
vt 0.928541 0.584276
vt 0.941423 0.574952
vt 0.953930 0.566911
vt 0.961346 0.559019
vt 0.970292 0.553370
vt 0.520722 0.695766
vt 0.511196 0.690256
vt 0.507742 0.680656
vt 0.505822 0.669093
vt 0.503815 0.654203
vt 0.520575 0.641489
vt 0.515407 0.654927
vt 0.510130 0.647304
vt 0.512293 0.636192
vt 0.529324 0.644552
vt 0.524056 0.660887
vt 0.936182 0.595144
vt 0.946710 0.585673
vt 0.957437 0.579911
vt 0.964745 0.573918
vt 0.974013 0.570156
vt 0.528207 0.679920
vt 0.518770 0.676908
vt 0.512926 0.669109
vt 0.509978 0.658359
vt 0.533593 0.663422
vt 0.975341 0.587358
vt 0.967258 0.588615
vt 0.960621 0.592886
vt 0.950227 0.599248
vt 0.940519 0.607700
vt 0.506376 0.629348
vt 0.501672 0.620588
vt 0.920888 0.630144
vt 0.930359 0.626849
vt 0.939722 0.621224
vt 0.948156 0.615069
vt 0.957942 0.609675
vt 0.966806 0.605443
vt 0.975631 0.605557
vt 0.538414 0.646463
vt 0.967107 0.622514
vt 0.974754 0.623302
vt 0.540483 0.630232
vt 0.533565 0.629271
vt 0.526742 0.626249
vt 0.519795 0.621401
vt 0.513149 0.615430
vt 0.507848 0.609256
vt 0.930576 0.640280
vt 0.937042 0.635157
vt 0.944607 0.632642
vt 0.951901 0.628760
vt 0.959180 0.625918
vt 0.944039 0.651855
vt 0.946873 0.647786
vt 0.951414 0.644619
vt 0.956572 0.642519
vt 0.961956 0.640577
vt 0.967377 0.638946
vt 0.973632 0.641130
vt 0.542328 0.614465
vt 0.538244 0.613329
vt 0.535978 0.611895
vt 0.529531 0.608723
vt 0.525157 0.605911
vt 0.521540 0.601935
vt 0.540488 0.594798
vt 0.539559 0.593269
vt 0.962400 0.663706
vt 0.963717 0.662019
vt 0.965347 0.660556
vt 0.967160 0.659303
vt 0.969070 0.658246
vt 0.971091 0.657386
vt 0.973210 0.657109
vt 0.546246 0.600379
vt 0.544353 0.599510
vt 0.542777 0.598160
vt 0.541559 0.596606
vt 0.548459 0.590490
vt 0.971493 0.667798
vt 0.887701 0.374649
vt 0.901004 0.383450
vt 0.909751 0.392249
vt 0.923075 0.406031
vt 0.908204 0.412644
vt 0.486742 0.815262
vt 0.489804 0.834144
vt 0.480417 0.839553
vt 0.468391 0.821751
vt 0.468659 0.848745
vt 0.455158 0.833017
vt 0.474517 0.797253
vt 0.490020 0.800592
vt 0.465513 0.796216
vt 0.460839 0.812414
vt 0.440530 0.805202
vt 0.448543 0.790690
vt 0.443174 0.823016
vt 0.424872 0.816371
vt 0.857048 0.366967
vt 0.868493 0.356983
vt 0.845287 0.356131
vt 0.855455 0.344746
vt 0.427934 0.918411
vt 0.411713 0.909198
vt 0.420281 0.890672
vt 0.436657 0.900801
vt 0.429977 0.870240
vt 0.444665 0.881804
vt 0.442417 0.851041
vt 0.455654 0.865291
vt 0.848632 0.376356
vt 0.836441 0.367285
vt 0.396562 0.901853
vt 0.402382 0.882502
vt 0.411988 0.861630
vt 0.426504 0.840842
vt 0.467068 0.879577
vt 0.481155 0.866977
vt 0.491470 0.859229
vt 0.506878 0.854324
vt 0.925789 0.386979
vt 0.914548 0.381332
vt 0.899117 0.369896
vt 0.886016 0.358773
vt 0.876748 0.346993
vt 0.861063 0.332850
vt 0.443399 0.923524
vt 0.451743 0.908387
vt 0.457869 0.894313
vt 0.881434 0.337123
vt 0.873070 0.324659
vt 0.458442 0.933452
vt 0.467414 0.922245
vt 0.473677 0.908840
vt 0.484233 0.897342
vt 0.495494 0.888031
vt 0.505752 0.877761
vt 0.517897 0.870297
vt 0.927771 0.372766
vt 0.914910 0.365642
vt 0.902679 0.357037
vt 0.891101 0.347536
vt 0.500492 0.914743
vt 0.508683 0.904684
vt 0.518243 0.896134
vt 0.529365 0.890220
vt 0.932456 0.353597
vt 0.921984 0.347610
vt 0.912596 0.340130
vt 0.903058 0.332519
vt 0.896267 0.321935
vt 0.888608 0.311358
vt 0.479264 0.945606
vt 0.486631 0.935509
vt 0.493269 0.924779
vt 0.500135 0.959519
vt 0.503516 0.947596
vt 0.508496 0.937827
vt 0.514249 0.929604
vt 0.520458 0.921211
vt 0.529003 0.914276
vt 0.538640 0.909657
vt 0.938416 0.335468
vt 0.930832 0.328085
vt 0.924807 0.318659
vt 0.918271 0.309273
vt 0.913176 0.300134
vt 0.903544 0.295443
vt 0.541114 0.922881
vt 0.551407 0.921654
vt 0.945093 0.323575
vt 0.939777 0.315634
vt 0.936301 0.305694
vt 0.930819 0.297700
vt 0.925216 0.288471
vt 0.919217 0.282096
vt 0.521838 0.967001
vt 0.521772 0.955238
vt 0.525246 0.945698
vt 0.530500 0.937586
vt 0.534162 0.929824
vt 0.952216 0.298507
vt 0.948400 0.292152
vt 0.945747 0.285888
vt 0.942323 0.279222
vt 0.938463 0.272639
vt 0.542523 0.972191
vt 0.543135 0.964923
vt 0.543943 0.957710
vt 0.546076 0.952299
vt 0.550268 0.946126
vt 0.555908 0.942748
vt 0.563026 0.940903
vt 0.957212 0.304235
vt 0.565164 0.971515
vt 0.566961 0.968861
vt 0.569774 0.966674
vt 0.572874 0.964929
vt 0.576149 0.963531
vt 0.970724 0.281005
vt 0.967793 0.278740
vt 0.965184 0.276132
vt 0.962947 0.273320
vt 0.961228 0.270094
vt 0.959869 0.266661
vt 0.563413 0.978232
vt 0.564100 0.974711
vt 0.981898 0.262272
vt 0.584787 0.982988
vt 0.832550 0.379240
vt 0.825893 0.372470
vt 0.814363 0.383431
vt 0.810275 0.373921
vt 0.796700 0.381045
vt 0.795599 0.368975
vt 0.779390 0.380289
vt 0.779969 0.364640
vt 0.770937 0.377768
vt 0.772660 0.363403
vt 0.749491 0.367059
vt 0.763000 0.373800
vt 0.752790 0.357070
vt 0.765517 0.362115
vt 0.384692 0.893083
vt 0.391410 0.874597
vt 0.397746 0.854763
vt 0.370269 0.880999
vt 0.374481 0.864644
vt 0.378132 0.846784
vt 0.357296 0.870507
vt 0.356606 0.858212
vt 0.356544 0.845670
vt 0.343325 0.868297
vt 0.340905 0.860400
vt 0.337179 0.849962
vt 0.337858 0.870420
vt 0.333435 0.864142
vt 0.327427 0.856125
vt 0.332568 0.874044
vt 0.320963 0.882506
vt 0.313851 0.877729
vt 0.326745 0.869161
vt 0.304896 0.869718
vt 0.318188 0.863083
vt 0.410566 0.833175
vt 0.423692 0.770789
vt 0.392229 0.822361
vt 0.408953 0.803756
vt 0.418189 0.789209
vt 0.398009 0.764125
vt 0.402666 0.746363
vt 0.398165 0.714977
vt 0.409596 0.678476
vt 0.415787 0.648253
vt 0.424671 0.619779
vt 0.286853 0.858217
vt 0.296281 0.842379
vt 0.257850 0.852301
vt 0.265375 0.830442
vt 0.230390 0.849228
vt 0.234734 0.823915
vt 0.207433 0.849405
vt 0.215833 0.829245
vt 0.642837 0.401980
vt 0.645146 0.419995
vt 0.628581 0.419056
vt 0.659400 0.401576
vt 0.658538 0.419746
vt 0.737909 0.351929
vt 0.307802 0.896855
vt 0.296918 0.891816
vt 0.287700 0.883616
vt 0.274849 0.875430
vt 0.264504 0.866269
vt 0.719409 0.339000
vt 0.284307 0.914911
vt 0.276571 0.904316
vt 0.268542 0.898072
vt 0.256944 0.888481
vt 0.245061 0.879809
vt 0.232209 0.869347
vt 0.214122 0.868182
vt 0.194895 0.867938
vt 0.619898 0.407638
vt 0.625100 0.396200
vt 0.636175 0.384793
vt 0.649823 0.382653
vt 0.668282 0.380259
vt 0.677411 0.370111
vt 0.686175 0.356623
vt 0.684414 0.345375
vt 0.689307 0.339590
vt 0.697450 0.332604
vt 0.260684 0.934706
vt 0.254504 0.921839
vt 0.247774 0.911358
vt 0.237354 0.902202
vt 0.224430 0.895060
vt 0.210377 0.888313
vt 0.196727 0.884759
vt 0.183764 0.880917
vt 0.620189 0.387830
vt 0.627959 0.378249
vt 0.639137 0.373874
vt 0.653182 0.369369
vt 0.662594 0.364835
vt 0.673064 0.353814
vt 0.624685 0.369462
vt 0.633586 0.361624
vt 0.641711 0.354438
vt 0.653300 0.350888
vt 0.660160 0.339903
vt 0.668035 0.331332
vt 0.675273 0.322506
vt 0.229874 0.947082
vt 0.229738 0.936488
vt 0.224665 0.926922
vt 0.216438 0.919135
vt 0.207385 0.912273
vt 0.198074 0.905734
vt 0.188476 0.899574
vt 0.178703 0.893129
vt 0.611192 0.385292
vt 0.617276 0.374513
vt 0.612286 0.363157
vt 0.618139 0.355964
vt 0.624990 0.350281
vt 0.632042 0.344315
vt 0.638584 0.338039
vt 0.644626 0.331159
vt 0.649886 0.323635
vt 0.198292 0.956439
vt 0.201753 0.948091
vt 0.200357 0.939441
vt 0.194609 0.932307
vt 0.188284 0.925374
vt 0.181626 0.918713
vt 0.174828 0.912276
vt 0.168036 0.905976
vt 0.601104 0.377292
vt 0.607131 0.369700
vt 0.607755 0.344433
vt 0.614385 0.338308
vt 0.619751 0.332597
vt 0.625081 0.327760
vt 0.630694 0.321069
vt 0.174415 0.957431
vt 0.173631 0.949244
vt 0.171956 0.943852
vt 0.166122 0.934919
vt 0.161877 0.928761
vt 0.157758 0.922094
vt 0.153201 0.915847
vt 0.590118 0.366715
vt 0.595361 0.361210
vt 0.600103 0.355760
vt 0.604216 0.350450
vt 0.150349 0.960131
vt 0.147804 0.954403
vt 0.145621 0.944648
vt 0.143446 0.936023
vt 0.139094 0.931480
vt 0.134235 0.927674
vt 0.577015 0.351421
vt 0.583007 0.348114
vt 0.587618 0.343761
vt 0.591853 0.338217
vt 0.595635 0.333836
vt 0.599518 0.329485
vt 0.603390 0.325184
vt 0.607097 0.320306
vt 0.611220 0.316453
vt 0.122510 0.958500
vt 0.120652 0.955175
vt 0.574386 0.322435
vt 0.577389 0.321682
vt 0.579753 0.318823
vt 0.582028 0.316154
vt 0.584378 0.313565
vt 0.586807 0.311074
vt 0.589156 0.308531
vt 0.591308 0.305528
vt 0.595090 0.302419
vt 0.131231 0.974487
vt 0.130008 0.967674
vt 0.127817 0.963338
vt 0.124660 0.961310
vt 0.571541 0.291312
vt 0.107179 0.982988
vt 0.686791 0.479061
vt 0.669182 0.471783
vt 0.650896 0.461918
vt 0.674768 0.493917
vt 0.659636 0.488906
vt 0.645571 0.482792
vt 0.660339 0.506711
vt 0.643849 0.505030
vt 0.625410 0.498099
vt 0.646769 0.523071
vt 0.630797 0.522737
vt 0.614452 0.515955
vt 0.622351 0.430035
vt 0.606749 0.417509
vt 0.606575 0.425983
vt 0.636653 0.457736
vt 0.632212 0.471697
vt 0.613228 0.481632
vt 0.596392 0.509940
vt 0.590147 0.537139
vt 0.589100 0.552759
vt 0.581738 0.562350
vt 0.582177 0.584519
vt 0.572944 0.573139
vt 0.135504 0.710093
vt 0.148367 0.700545
vt 0.162479 0.716316
vt 0.147319 0.725617
vt 0.173893 0.739561
vt 0.153229 0.744859
vt 0.179081 0.763134
vt 0.159543 0.768348
vt 0.187976 0.785327
vt 0.165910 0.788085
vt 0.189716 0.808546
vt 0.168776 0.808783
vt 0.187935 0.831066
vt 0.167955 0.829958
vt 0.585251 0.443205
vt 0.601893 0.438605
vt 0.614330 0.453424
vt 0.598170 0.464220
vt 0.621711 0.441629
vt 0.607185 0.432836
vt 0.201478 0.811268
vt 0.198484 0.831461
vt 0.211627 0.814187
vt 0.206969 0.829052
vt 0.221934 0.818667
vt 0.598816 0.484586
vt 0.150381 0.811473
vt 0.148348 0.829888
vt 0.570089 0.450713
vt 0.578745 0.467982
vt 0.582657 0.486221
vt 0.583244 0.505478
vt 0.584391 0.524806
vt 0.582641 0.542827
vt 0.569810 0.557377
vt 0.558444 0.572325
vt 0.123205 0.724111
vt 0.127381 0.741055
vt 0.135916 0.757101
vt 0.142545 0.775184
vt 0.147840 0.793297
vt 0.118046 0.751463
vt 0.120633 0.765410
vt 0.122429 0.777047
vt 0.129263 0.792859
vt 0.131250 0.808733
vt 0.126215 0.822595
vt 0.552116 0.458088
vt 0.553266 0.475319
vt 0.559061 0.490411
vt 0.562319 0.507002
vt 0.564632 0.522981
vt 0.558545 0.539839
vt 0.553906 0.556701
vt 0.548575 0.570475
vt 0.114144 0.736418
vt 0.557013 0.527851
vt 0.547484 0.538163
vt 0.546179 0.553316
vt 0.543660 0.565217
vt 0.102552 0.732969
vt 0.105631 0.745340
vt 0.106771 0.758138
vt 0.107088 0.770109
vt 0.105151 0.783943
vt 0.101366 0.797738
vt 0.096144 0.808266
vt 0.535710 0.477655
vt 0.543172 0.488485
vt 0.549640 0.500880
vt 0.551835 0.513714
vt 0.528631 0.550469
vt 0.540252 0.552196
vt 0.539659 0.563006
vt 0.529463 0.560672
vt 0.079936 0.729702
vt 0.094638 0.731769
vt 0.096360 0.742558
vt 0.082794 0.740018
vt 0.095823 0.753651
vt 0.082914 0.750707
vt 0.093666 0.764814
vt 0.080520 0.761161
vt 0.089656 0.775665
vt 0.075094 0.771671
vt 0.083307 0.784870
vt 0.071098 0.778342
vt 0.077149 0.791365
vt 0.066116 0.782449
vt 0.515099 0.494884
vt 0.523260 0.489310
vt 0.529091 0.499303
vt 0.518400 0.504270
vt 0.534482 0.509163
vt 0.521652 0.513200
vt 0.538473 0.520293
vt 0.524304 0.522346
vt 0.540786 0.530390
vt 0.526403 0.531195
vt 0.540909 0.542132
vt 0.527840 0.541063
vt 0.490669 0.513258
vt 0.506414 0.508695
vt 0.509523 0.516728
vt 0.492558 0.519496
vt 0.512325 0.524640
vt 0.494477 0.525535
vt 0.514210 0.532677
vt 0.496441 0.531707
vt 0.514736 0.540958
vt 0.499085 0.538629
vt 0.514770 0.549038
vt 0.499889 0.548068
vt 0.514413 0.557307
vt 0.501730 0.554616
vt 0.053040 0.733264
vt 0.063690 0.729919
vt 0.064785 0.742425
vt 0.049474 0.739890
vt 0.062292 0.755235
vt 0.048152 0.751683
vt 0.059272 0.761586
vt 0.057395 0.769840
vt 0.045538 0.761561
vt 0.055597 0.773749
vt 0.043437 0.765678
vt 0.488974 0.506704
vt 0.503778 0.500172
vt 0.463858 0.524280
vt 0.480450 0.522093
vt 0.481380 0.526899
vt 0.463990 0.526645
vt 0.482339 0.531729
vt 0.464490 0.529882
vt 0.482905 0.536619
vt 0.464802 0.533413
vt 0.482088 0.541219
vt 0.463974 0.536659
vt 0.479684 0.545313
vt 0.462133 0.539377
vt 0.016159 0.737506
vt 0.032481 0.732398
vt 0.031200 0.739091
vt 0.017575 0.743451
vt 0.030451 0.748041
vt 0.017186 0.749071
vt 0.031194 0.754894
vt 0.016828 0.752565
vt 0.031519 0.759532
vt 0.016592 0.754565
vt 0.462451 0.521187
vt 0.475587 0.514184
vt 0.478797 0.517638
vt 0.463332 0.522616
vt 0.444046 0.528992
vt -0.001368 0.747324
vt 0.793820 0.677800
vt 0.806048 0.681780
vt 0.835172 0.656219
vt 0.824244 0.686776
vt 0.879938 0.639590
vt 0.864747 0.624425
vt 0.850056 0.616016
vt 0.842711 0.638964
vt 0.858884 0.646713
vt 0.876421 0.655417
vt 0.851867 0.665794
vt 0.874916 0.672353
vt 0.843920 0.689746
vt 0.870315 0.691891
vt 0.643905 0.680639
vt 0.634854 0.662702
vt 0.621417 0.686181
vt 0.615174 0.669558
vt 0.595136 0.695719
vt 0.591916 0.672059
vt 0.585293 0.592369
vt 0.592072 0.603081
vt 0.600015 0.615648
vt 0.609263 0.629807
vt 0.621165 0.645649
vt 0.605884 0.656003
vt 0.596090 0.640425
vt 0.588149 0.622220
vt 0.582478 0.606043
vt 0.578815 0.593139
vt 0.148588 0.691868
vt 0.154723 0.692637
vt 0.156164 0.702451
vt 0.588775 0.655986
vt 0.588346 0.640979
vt 0.441089 0.604788
vt 0.416136 0.600397
vt 0.431003 0.592214
vt 0.398089 0.626486
vt 0.390613 0.605370
vt 0.406939 0.579948
vt 0.424890 0.575579
vt 0.400400 0.559754
vt 0.418196 0.554903
vt 0.314222 0.833583
vt 0.335324 0.826253
vt 0.361249 0.819045
vt 0.390848 0.779866
vt 0.380767 0.794969
vt 0.326595 0.803457
vt 0.352459 0.796607
vt 0.308034 0.813201
vt 0.283938 0.822999
vt 0.375732 0.778965
vt 0.322128 0.786647
vt 0.348079 0.780186
vt 0.296967 0.793288
vt 0.270108 0.805872
vt 0.377452 0.764758
vt 0.318581 0.773490
vt 0.346805 0.768539
vt 0.376685 0.744838
vt 0.311120 0.754260
vt 0.348365 0.748104
vt 0.373088 0.714809
vt 0.309789 0.726262
vt 0.343066 0.720041
vt 0.292304 0.778747
vt 0.232923 0.799482
vt 0.265237 0.787088
vt 0.288176 0.760140
vt 0.232572 0.780109
vt 0.260762 0.768022
vt 0.284099 0.734549
vt 0.231423 0.752587
vt 0.259603 0.742859
vt 0.204566 0.788000
vt 0.198537 0.763337
vt 0.195433 0.734063
vt 0.224829 0.724894
vt 0.186268 0.709161
vt 0.218350 0.697156
vt 0.180415 0.694221
vt 0.212432 0.676743
vt 0.251454 0.715792
vt 0.279944 0.705761
vt 0.301917 0.698261
vt 0.247311 0.687771
vt 0.275447 0.679697
vt 0.299051 0.673856
vt 0.249405 0.666425
vt 0.270081 0.660873
vt 0.293087 0.653687
vt 0.334963 0.691070
vt 0.364751 0.685129
vt 0.388360 0.680658
vt 0.326366 0.667193
vt 0.359157 0.658214
vt 0.386140 0.653385
vt 0.318762 0.648292
vt 0.351946 0.638480
vt 0.375039 0.631434
vt 0.184088 0.667658
vt 0.213149 0.655214
vt 0.242110 0.642436
vt 0.152777 0.680019
vt 0.149107 0.664111
vt 0.179069 0.645877
vt 0.206642 0.630326
vt 0.233933 0.618805
vt 0.147424 0.646607
vt 0.177398 0.622736
vt 0.203183 0.613531
vt 0.229085 0.604472
vt 0.145440 0.632799
vt 0.142614 0.617787
vt 0.173098 0.608760
vt 0.201060 0.599666
vt 0.225640 0.591181
vt 0.139606 0.594606
vt 0.169471 0.588108
vt 0.199510 0.576143
vt 0.220085 0.569593
vt 0.264783 0.636956
vt 0.288454 0.630795
vt 0.315641 0.627452
vt 0.256816 0.614025
vt 0.282964 0.608102
vt 0.311870 0.605776
vt 0.253762 0.599108
vt 0.279745 0.593011
vt 0.309071 0.587832
vt 0.250095 0.585548
vt 0.275780 0.580214
vt 0.302083 0.572076
vt 0.245435 0.566515
vt 0.273362 0.561766
vt 0.300212 0.551000
vt 0.385746 0.583320
vt 0.381225 0.567303
vt 0.347264 0.619083
vt 0.366532 0.612624
vt 0.340267 0.599948
vt 0.362794 0.589823
vt 0.360092 0.572708
vt 0.338048 0.582270
vt 0.331926 0.564231
vt 0.354442 0.554830
vt 0.375150 0.548859
vt 0.395649 0.544803
vt 0.413740 0.541390
vt 0.870522 0.705140
vt 0.853265 0.704441
vt 0.838358 0.704953
vt 0.329017 0.545483
vt 0.132096 0.566212
vt 0.165089 0.559426
vt 0.126770 0.539225
vt 0.159771 0.531969
vt 0.123575 0.523207
vt 0.155589 0.516573
vt 0.189213 0.551058
vt 0.211224 0.545707
vt 0.182942 0.526278
vt 0.202752 0.515415
vt 0.178688 0.508106
vt 0.196618 0.497720
vt 0.236686 0.537839
vt 0.268293 0.531532
vt 0.228731 0.505879
vt 0.261115 0.499321
vt 0.224002 0.488238
vt 0.256788 0.481865
vt 0.296696 0.523398
vt 0.327704 0.519171
vt 0.290819 0.490602
vt 0.321733 0.486097
vt 0.286969 0.472963
vt 0.318181 0.466022
vt 0.351798 0.518712
vt 0.370295 0.516526
vt 0.389097 0.514468
vt 0.346489 0.488290
vt 0.365134 0.487442
vt 0.383045 0.484202
vt 0.340916 0.460790
vt 0.362120 0.460128
vt 0.381037 0.464063
vt 0.406016 0.511320
vt 0.871001 0.736397
vt 0.855119 0.734249
vt 0.400102 0.480940
vt 0.866221 0.767163
vt 0.851531 0.765213
vt 0.400862 0.461880
vt 0.861177 0.786010
vt 0.849950 0.785075
vt 0.832049 0.732746
vt 0.824802 0.762120
vt 0.819457 0.781503
vt 0.809219 0.724980
vt 0.791794 0.721950
vt 0.799736 0.753916
vt 0.781933 0.754333
vt 0.792956 0.781350
vt 0.774237 0.779247
vt 0.779562 0.717313
vt 0.765112 0.714559
vt 0.770675 0.749453
vt 0.756228 0.747021
vt 0.763733 0.775360
vt 0.750178 0.775120
vt 0.749503 0.712643
vt 0.735251 0.712857
vt 0.719370 0.712201
vt 0.703268 0.712716
vt 0.742760 0.745475
vt 0.729948 0.744447
vt 0.715078 0.744513
vt 0.700287 0.745290
vt 0.738011 0.773850
vt 0.726275 0.772474
vt 0.712107 0.772032
vt 0.697522 0.772801
vt 0.685410 0.714252
vt 0.668318 0.710725
vt 0.654585 0.712117
vt 0.686598 0.743867
vt 0.674852 0.743086
vt 0.657911 0.743946
vt 0.686961 0.771618
vt 0.676118 0.768714
vt 0.659787 0.771347
vt 0.627723 0.716543
vt 0.627627 0.748694
vt 0.626882 0.772768
vt 0.601219 0.723526
vt 0.599905 0.750671
vt 0.598974 0.767248
vt 0.819127 0.058260
vt 0.830037 0.051774
vt 0.881727 0.127354
vt 0.849874 0.052140
vt 0.791256 0.108578
vt 0.795129 0.092770
vt 0.955715 0.079138
vt 0.971216 0.096386
vt 0.800083 0.080200
vt 0.807329 0.068285
vt 0.981558 0.189034
vt 0.951057 0.207219
vt 0.790071 0.137324
vt 0.789121 0.125207
vt 0.902432 0.230389
vt 0.875852 0.229633
vt 0.814409 0.200935
vt 0.802372 0.166135
vt 0.937125 0.069272
vt 0.793246 0.149723
vt 0.981830 0.155670
vt 0.875387 0.061450
vt 0.906888 0.051774
vt 0.923953 0.224195
vt 0.919524 0.054172
vt 0.840643 0.219237
vt 0.979470 0.120552
vt 0.282012 0.425773
vt 0.283443 0.397250
vt 0.299554 0.399587
vt 0.296469 0.428909
vt 0.316092 0.400626
vt 0.332786 0.401922
vt 0.325334 0.430940
vt 0.310750 0.429813
vt 0.342093 0.435334
vt 0.350263 0.407151
vt 0.366199 0.411897
vt 0.358679 0.440331
vt 0.383376 0.414719
vt 0.398273 0.418681
vt 0.391723 0.448590
vt 0.376256 0.444807
vt 0.419894 0.425074
vt 0.414882 0.455044
vt 0.439792 0.427997
vt 0.457303 0.432384
vt 0.454360 0.462667
vt 0.435833 0.459258
vt 0.468382 0.464026
vt 0.471055 0.434328
vt 0.487277 0.435763
vt 0.485800 0.465469
vt 0.502263 0.436668
vt 0.517344 0.438578
vt 0.514787 0.468377
vt 0.501158 0.466157
vt 0.284366 0.365820
vt 0.301346 0.366764
vt 0.283533 0.333389
vt 0.297032 0.333992
vt 0.278933 0.301766
vt 0.293786 0.306715
vt 0.276563 0.279412
vt 0.283389 0.277431
vt 0.287146 0.290486
vt 0.518466 0.287246
vt 0.508994 0.311551
vt 0.500459 0.306795
vt 0.512358 0.283999
vt 0.498397 0.322391
vt 0.509727 0.340416
vt 0.492076 0.332713
vt 0.512946 0.356523
vt 0.515927 0.380072
vt 0.499133 0.380821
vt 0.497788 0.359819
vt 0.517971 0.407396
vt 0.502116 0.405988
vt 0.317946 0.367397
vt 0.334282 0.369157
vt 0.353610 0.372921
vt 0.369325 0.379936
vt 0.389828 0.382181
vt 0.403275 0.386798
vt 0.422482 0.391763
vt 0.439249 0.397722
vt 0.457271 0.402067
vt 0.471661 0.405088
vt 0.487499 0.405432
vt 0.314416 0.336636
vt 0.329477 0.338573
vt 0.347528 0.342415
vt 0.366211 0.348724
vt 0.388916 0.351078
vt 0.407416 0.354555
vt 0.422446 0.361420
vt 0.440580 0.367417
vt 0.455850 0.376438
vt 0.470085 0.379412
vt 0.484708 0.380524
vt 0.309142 0.319914
vt 0.328261 0.323063
vt 0.345922 0.323795
vt 0.367819 0.328039
vt 0.388660 0.332370
vt 0.409404 0.335155
vt 0.529583 0.440389
vt 0.525739 0.470494
vt 0.530904 0.409091
vt 0.528660 0.379944
vt 0.523923 0.357283
vt 0.516330 0.315282
vt 0.519129 0.340516
vt 0.523886 0.289774
vt 0.270426 0.302268
vt 0.270404 0.280290
vt 0.270435 0.333737
vt 0.270443 0.365820
vt 0.270456 0.396002
vt 0.270480 0.423787
vt 0.425141 0.335662
vt 0.424120 0.354324
vt 0.441126 0.353689
vt 0.456219 0.354759
vt 0.472645 0.358570
vt 0.483701 0.359545
vt 0.440583 0.334713
vt 0.455888 0.334701
vt 0.479102 0.335210
vt 0.370235 0.314062
vt 0.385124 0.318244
vt 0.386971 0.325053
vt 0.369128 0.320721
vt 0.399635 0.321192
vt 0.404666 0.328096
vt 0.414972 0.322638
vt 0.419911 0.328868
vt 0.430748 0.322074
vt 0.435475 0.328129
vt 0.446037 0.318292
vt 0.450717 0.326174
vt 0.460423 0.312614
vt 0.469054 0.323661
vt 0.473060 0.304746
vt 0.481551 0.318635
vt 0.484950 0.296068
vt 0.490579 0.308909
vt 0.495899 0.287674
vt 0.497868 0.296782
vt 0.504046 0.277777
vt 0.507654 0.281023
vt 0.293389 0.272487
vt 0.304078 0.281039
vt 0.296230 0.285762
vt 0.288712 0.274841
vt 0.316305 0.288524
vt 0.306075 0.297533
vt 0.329286 0.295774
vt 0.320088 0.306160
vt 0.342546 0.302710
vt 0.335521 0.312002
vt 0.356699 0.308933
vt 0.351858 0.315362
vt 0.426485 0.300861
vt 0.440280 0.297759
vt 0.442493 0.306066
vt 0.428309 0.309271
vt 0.453541 0.293478
vt 0.456074 0.301244
vt 0.465523 0.287696
vt 0.468124 0.294753
vt 0.474508 0.283473
vt 0.478375 0.288837
vt 0.484847 0.276637
vt 0.488974 0.281514
vt 0.493990 0.270004
vt 0.497517 0.273455
vt 0.302523 0.261548
vt 0.313097 0.268124
vt 0.309721 0.273463
vt 0.299085 0.266119
vt 0.323954 0.274292
vt 0.320886 0.279862
vt 0.335364 0.280384
vt 0.333104 0.286660
vt 0.347032 0.286245
vt 0.345268 0.292857
vt 0.359549 0.291305
vt 0.358323 0.298403
vt 0.372591 0.296021
vt 0.371665 0.303275
vt 0.386021 0.299342
vt 0.385790 0.306950
vt 0.399158 0.301059
vt 0.399286 0.309088
vt 0.412677 0.301317
vt 0.413296 0.309774
vt 0.465814 0.260149
vt 0.476099 0.255250
vt 0.479369 0.265702
vt 0.468867 0.271288
vt 0.486438 0.250747
vt 0.488995 0.260644
vt 0.314285 0.242233
vt 0.324716 0.247060
vt 0.319791 0.257012
vt 0.309512 0.251893
vt 0.335186 0.252139
vt 0.330382 0.262898
vt 0.345795 0.257079
vt 0.341289 0.267724
vt 0.356582 0.261482
vt 0.352395 0.272809
vt 0.367742 0.264889
vt 0.364030 0.276949
vt 0.378952 0.267616
vt 0.376065 0.280685
vt 0.390247 0.269634
vt 0.388125 0.283379
vt 0.400686 0.271000
vt 0.399718 0.284677
vt 0.412088 0.270984
vt 0.411328 0.282946
vt 0.422948 0.270112
vt 0.424444 0.281552
vt 0.433690 0.268938
vt 0.436224 0.282349
vt 0.444387 0.266960
vt 0.448122 0.278308
vt 0.455091 0.264051
vt 0.460032 0.273976
vt 0.358560 0.254980
vt 0.368040 0.256945
vt 0.363262 0.241808
vt 0.372151 0.244362
vt 0.365192 0.230678
vt 0.377609 0.233692
vt 0.380286 0.260066
vt 0.391533 0.262994
vt 0.401769 0.264720
vt 0.411918 0.264060
vt 0.423121 0.264171
vt 0.433419 0.263536
vt 0.443635 0.262567
vt 0.453612 0.259157
vt 0.463760 0.256172
vt 0.473758 0.252055
vt 0.485384 0.245770
vt 0.316295 0.237367
vt 0.327874 0.242248
vt 0.336658 0.246903
vt 0.347181 0.251554
vt 0.352553 0.237679
vt 0.342738 0.233533
vt 0.333635 0.229458
vt 0.323960 0.224186
vt 0.468431 0.238411
vt 0.481647 0.231768
vt 0.459411 0.242521
vt 0.450295 0.243858
vt 0.440999 0.245152
vt 0.430605 0.246570
vt 0.421357 0.247004
vt 0.411632 0.247416
vt 0.401588 0.247353
vt 0.393609 0.247426
vt 0.384716 0.245627
vt 0.388744 0.234753
vt 0.394877 0.235239
vt 0.406023 0.234426
vt 0.413171 0.234471
vt 0.421354 0.234034
vt 0.434019 0.233543
vt 0.441454 0.233093
vt 0.449920 0.232188
vt 0.456623 0.231161
vt 0.465803 0.229809
vt 0.477027 0.225216
vt 0.331128 0.217469
vt 0.338175 0.220605
vt 0.348436 0.224957
vt 0.356170 0.228245
vt 0.463714 0.219536
vt 0.455404 0.220843
vt 0.448258 0.221771
vt 0.439871 0.223052
vt 0.432035 0.224080
vt 0.421142 0.225176
vt 0.412829 0.225425
vt 0.405158 0.225326
vt 0.395019 0.224711
vt 0.387396 0.224143
vt 0.377358 0.223011
vt 0.367212 0.221260
vt 0.358995 0.218728
vt 0.351139 0.215708
vt 0.342120 0.211635
vt 0.334872 0.207978
vt 0.473614 0.217496
vt 0.461663 0.200089
vt 0.464083 0.211840
vt 0.455768 0.213092
vt 0.453227 0.201404
vt 0.447572 0.213993
vt 0.445103 0.202352
vt 0.439211 0.214944
vt 0.436380 0.202952
vt 0.430344 0.215739
vt 0.428322 0.203343
vt 0.421377 0.216219
vt 0.420382 0.203549
vt 0.412566 0.216277
vt 0.412381 0.203528
vt 0.403944 0.215841
vt 0.404390 0.203310
vt 0.395331 0.215216
vt 0.396388 0.202806
vt 0.386851 0.214468
vt 0.388483 0.202083
vt 0.378210 0.213437
vt 0.380523 0.201109
vt 0.369933 0.212126
vt 0.372575 0.199768
vt 0.362196 0.210208
vt 0.364792 0.197797
vt 0.354130 0.207410
vt 0.357065 0.195092
vt 0.346093 0.204169
vt 0.349464 0.191903
vt 0.338210 0.200493
vt 0.342015 0.188152
vt 0.469875 0.198797
vt 0.473004 0.210418
vt 0.452841 0.174218
vt 0.456864 0.186050
vt 0.449118 0.186449
vt 0.445831 0.174526
vt 0.441791 0.186505
vt 0.439176 0.174258
vt 0.434584 0.186586
vt 0.432456 0.173830
vt 0.427174 0.186900
vt 0.425629 0.173553
vt 0.419655 0.187357
vt 0.418799 0.173502
vt 0.412238 0.187960
vt 0.411878 0.173592
vt 0.404956 0.188623
vt 0.405017 0.173793
vt 0.397598 0.189049
vt 0.398156 0.173953
vt 0.390132 0.189060
vt 0.391302 0.173980
vt 0.382501 0.188713
vt 0.384457 0.173919
vt 0.374811 0.187860
vt 0.377817 0.173484
vt 0.367488 0.185895
vt 0.371324 0.172257
vt 0.360491 0.182950
vt 0.365085 0.170191
vt 0.353629 0.179237
vt 0.358792 0.167480
vt 0.347078 0.174855
vt 0.352639 0.164142
vt 0.459973 0.173056
vt 0.464776 0.185226
vt 0.448325 0.164038
vt 0.442062 0.164198
vt 0.436136 0.163508
vt 0.429971 0.162463
vt 0.423708 0.161445
vt 0.417290 0.160554
vt 0.410815 0.159751
vt 0.404412 0.158988
vt 0.398041 0.158260
vt 0.391675 0.157703
vt 0.385516 0.157381
vt 0.379484 0.157243
vt 0.373579 0.157104
vt 0.367770 0.156725
vt 0.361705 0.156019
vt 0.355740 0.154467
vt 0.454579 0.162819
vt 0.429297 0.153689
vt 0.423106 0.152653
vt 0.416638 0.151740
vt 0.410058 0.150826
vt 0.403734 0.149969
vt 0.397294 0.149257
vt 0.390990 0.148720
vt 0.384936 0.148434
vt 0.379192 0.148541
vt 0.373884 0.148966
vt 0.368252 0.149503
vt 0.362559 0.149942
vt 0.356714 0.149562
vt 0.452504 0.157305
vt 0.446492 0.157336
vt 0.440802 0.156379
vt 0.435116 0.154998
vt 0.410542 0.131552
vt 0.409576 0.142043
vt 0.403081 0.141107
vt 0.403099 0.130342
vt 0.396517 0.140367
vt 0.395548 0.129285
vt 0.390054 0.139738
vt 0.387999 0.128363
vt 0.383796 0.139322
vt 0.381002 0.127222
vt 0.377913 0.139704
vt 0.374995 0.128690
vt 0.372553 0.141008
vt 0.370154 0.131910
vt 0.367367 0.142850
vt 0.364469 0.134311
vt 0.362186 0.144603
vt 0.359995 0.138033
vt 0.356062 0.145472
vt 0.357222 0.142587
vt 0.456330 0.149204
vt 0.451805 0.152816
vt 0.446646 0.150744
vt 0.451115 0.144763
vt 0.441207 0.148622
vt 0.445450 0.141083
vt 0.435397 0.146511
vt 0.439417 0.137835
vt 0.429262 0.145021
vt 0.432692 0.135469
vt 0.422790 0.144066
vt 0.425456 0.134494
vt 0.416199 0.143114
vt 0.417772 0.133052
vt 0.404558 0.118404
vt 0.395391 0.115522
vt 0.396964 0.100154
vt 0.407532 0.104149
vt 0.398854 0.093297
vt 0.400930 0.088629
vt 0.410881 0.093031
vt 0.408298 0.098163
vt 0.407732 0.072296
vt 0.421030 0.075972
vt 0.413604 0.061456
vt 0.424225 0.064795
vt 0.416818 0.110054
vt 0.418553 0.106821
vt 0.424806 0.112166
vt 0.424767 0.117251
vt 0.432577 0.116884
vt 0.430332 0.119966
vt 0.438447 0.120509
vt 0.438002 0.123683
vt 0.447666 0.125302
vt 0.445556 0.127344
vt 0.454936 0.127482
vt 0.454120 0.131481
vt 0.385557 0.115101
vt 0.386288 0.100790
vt 0.378342 0.116935
vt 0.376683 0.107155
vt 0.370791 0.119692
vt 0.366763 0.112698
vt 0.365066 0.123596
vt 0.358131 0.116448
vt 0.356642 0.128660
vt 0.345661 0.125899
vt 0.352352 0.136095
vt 0.343461 0.133558
vt 0.343557 0.142106
vt 0.339505 0.142866
vt 0.474318 0.135997
vt 0.471645 0.139754
vt 0.463110 0.135106
vt 0.465321 0.132483
vt 0.412890 0.121513
vt 0.432013 0.093091
vt 0.436936 0.098669
vt 0.442413 0.101305
vt 0.449291 0.104684
vt 0.456231 0.108528
vt 0.464427 0.112348
vt 0.473877 0.115288
vt 0.484675 0.118067
vt 0.450056 0.135316
vt 0.443385 0.130784
vt 0.435876 0.127635
vt 0.427563 0.126528
vt 0.419771 0.124838
vt 0.351819 0.143177
vt 0.462902 0.145017
vt 0.456379 0.139869
vt 0.339799 0.132521
vt 0.338734 0.124805
vt 0.342094 0.117835
vt 0.350250 0.111869
vt 0.364504 0.109671
vt 0.374751 0.103431
vt 0.381152 0.096545
vt 0.388551 0.091490
vt 0.429891 0.075780
vt 0.430479 0.065230
vt 0.434090 0.078108
vt 0.435367 0.090695
vt 0.438116 0.095371
vt 0.443975 0.098527
vt 0.450769 0.101621
vt 0.459757 0.105338
vt 0.466620 0.107633
vt 0.475166 0.111225
vt 0.485879 0.114325
vt 0.495528 0.121303
vt 0.486247 0.139177
vt 0.325176 0.143018
vt 0.320574 0.129052
vt 0.320413 0.123980
vt 0.328859 0.115987
vt 0.494290 0.116329
vt 0.496988 0.108301
vt 0.499835 0.108551
vt 0.315348 0.150788
vt 0.309847 0.135060
vt 0.307233 0.125345
vt 0.301518 0.103226
vt 0.369985 0.062459
vt 0.379728 0.050991
vt 0.365857 0.068193
vt 0.362081 0.071881
vt 0.356478 0.075284
vt 0.347413 0.080053
vt 0.332405 0.087559
vt 0.319579 0.093645
vt 0.314525 0.098220
vt 0.386940 0.042236
vt 0.443322 0.088206
vt 0.450747 0.090034
vt 0.456986 0.092835
vt 0.464522 0.097115
vt 0.471384 0.099332
vt 0.478751 0.103793
vt 0.486325 0.108036
vt 0.489644 0.102047
vt 0.483106 0.097044
vt 0.475859 0.092120
vt 0.468035 0.088992
vt 0.460814 0.085325
vt 0.453991 0.081817
vt 0.443999 0.079186
vt 0.443769 0.074146
vt 0.455178 0.074162
vt 0.462380 0.074393
vt 0.469974 0.076711
vt 0.476751 0.081887
vt 0.483357 0.090274
vt 0.491595 0.097860
vt 0.442483 0.063706
vt 0.454872 0.063536
vt 0.465238 0.065082
vt 0.474427 0.068370
vt 0.483124 0.074981
vt 0.490483 0.082581
vt 0.500322 0.092964
vt 0.508202 0.101799
vt 0.305174 0.154204
vt 0.299892 0.137616
vt 0.296861 0.126963
vt 0.290455 0.105472
vt 0.286013 0.089365
vt 0.295745 0.087226
vt 0.307024 0.083700
vt 0.315816 0.081925
vt 0.327552 0.077317
vt 0.341373 0.070904
vt 0.350707 0.066087
vt 0.359241 0.060197
vt 0.363791 0.053167
vt 0.372408 0.041050
vt 0.379129 0.033052
vt 0.360173 0.028808
vt 0.365894 0.020418
vt 0.354361 0.040697
vt 0.348233 0.046002
vt 0.340240 0.050615
vt 0.331505 0.055666
vt 0.317372 0.061520
vt 0.305912 0.068775
vt 0.298748 0.071161
vt 0.290155 0.072607
vt 0.280793 0.075105
vt 0.301594 0.061942
vt 0.312116 0.054075
vt 0.323736 0.048956
vt 0.335438 0.043414
vt 0.343683 0.037786
vt 0.348319 0.033845
vt 0.350935 0.023020
vt 0.356837 0.014689
vt 0.294692 0.063476
vt 0.287875 0.062785
vt 0.277862 0.064673
vt 0.298837 0.055317
vt 0.307542 0.049800
vt 0.317644 0.041652
vt 0.298656 0.040289
vt 0.310788 0.033466
vt 0.327974 0.036284
vt 0.336381 0.031328
vt 0.345012 0.025570
vt 0.341551 0.019293
vt 0.344718 0.009971
vt 0.294921 0.043573
vt 0.321951 0.029883
vt 0.332160 0.027544
vt 0.329182 0.018624
vt 0.315791 0.020015
vt 0.303803 0.023025
vt 0.295132 0.034791
vt 0.293869 0.027172
vt 0.293065 0.038262
vt 0.286285 0.035569
vt 0.284540 0.045733
vt 0.290633 0.060330
vt 0.274887 0.046942
vt 0.277399 0.032800
vt 0.286156 0.020971
vt 0.299730 0.013853
vt 0.315577 0.009963
vt 0.330066 0.008700
vt 0.775567 0.119323
vt 0.772049 0.125245
vt 0.771360 0.107654
vt 0.775188 0.113332
vt 0.764761 0.129868
vt 0.765024 0.104291
vt 0.755613 0.102008
vt 0.756021 0.132081
vt 0.750658 0.133128
vt 0.747699 0.101875
vt 0.736357 0.104915
vt 0.741155 0.134973
vt 0.716745 0.142396
vt 0.728939 0.106325
vt 0.713310 0.105643
vt 0.708016 0.144983
vt 0.696414 0.148315
vt 0.701697 0.104228
vt 0.690001 0.147684
vt 0.691788 0.102687
vt 0.683143 0.144568
vt 0.685158 0.101875
vt 0.676710 0.139013
vt 0.674712 0.104143
vt 0.671993 0.131902
vt 0.668196 0.108051
vt 0.667894 0.123442
vt 0.666061 0.115422
vt 0.258949 0.425792
vt 0.244487 0.428947
vt 0.241358 0.399630
vt 0.257469 0.397270
vt 0.224816 0.400685
vt 0.230194 0.429869
vt 0.215592 0.431007
vt 0.208117 0.401990
vt 0.198815 0.435404
vt 0.182213 0.440398
vt 0.174690 0.411961
vt 0.190634 0.407220
vt 0.157506 0.414775
vt 0.164623 0.444866
vt 0.149148 0.448642
vt 0.142603 0.418729
vt 0.125980 0.455082
vt 0.120977 0.425110
vt 0.101076 0.428023
vt 0.105025 0.459287
vt 0.086497 0.462688
vt 0.083563 0.432403
vt 0.072475 0.464043
vt 0.055056 0.465481
vt 0.053588 0.435774
vt 0.069810 0.434343
vt 0.038601 0.436675
vt 0.039698 0.466165
vt 0.026068 0.468381
vt 0.023521 0.438581
vt 0.239539 0.366806
vt 0.256519 0.365840
vt 0.243836 0.334033
vt 0.257336 0.333411
vt 0.247068 0.306763
vt 0.261917 0.301786
vt 0.253689 0.290532
vt 0.257418 0.277470
vt 0.264244 0.279430
vt 0.022392 0.287230
vt 0.028499 0.283977
vt 0.040408 0.306770
vt 0.031875 0.311533
vt 0.042472 0.322373
vt 0.048792 0.332700
vt 0.031143 0.340409
vt 0.027925 0.356520
vt 0.043083 0.359817
vt 0.041738 0.380823
vt 0.024945 0.380073
vt 0.038753 0.405994
vt 0.022899 0.407399
vt 0.206600 0.369223
vt 0.222937 0.367454
vt 0.187269 0.372988
vt 0.171554 0.379999
vt 0.137599 0.386842
vt 0.151047 0.382233
vt 0.118390 0.391795
vt 0.083598 0.402084
vt 0.101622 0.397747
vt 0.069208 0.405100
vt 0.053371 0.405440
vt 0.226452 0.336695
vt 0.211390 0.338642
vt 0.174656 0.348789
vt 0.193338 0.342485
vt 0.151949 0.351129
vt 0.133449 0.354593
vt 0.118420 0.361448
vt 0.100287 0.367436
vt 0.085018 0.376451
vt 0.056162 0.380529
vt 0.070785 0.379420
vt 0.212598 0.323138
vt 0.231718 0.319977
vt 0.194936 0.323873
vt 0.173038 0.328107
vt 0.131455 0.335189
vt 0.152198 0.332421
vt 0.015115 0.470494
vt 0.011281 0.440389
vt 0.009966 0.409093
vt 0.012211 0.379946
vt 0.016948 0.357284
vt 0.021741 0.340512
vt 0.024540 0.315269
vt 0.016973 0.289761
vt 0.116744 0.354349
vt 0.115719 0.335681
vt 0.099740 0.353703
vt 0.084648 0.354765
vt 0.068224 0.358572
vt 0.057169 0.359544
vt 0.100278 0.334718
vt 0.084976 0.334698
vt 0.061765 0.335198
vt 0.170618 0.314133
vt 0.171727 0.320790
vt 0.153885 0.325107
vt 0.155729 0.318300
vt 0.136190 0.328132
vt 0.141219 0.321232
vt 0.120946 0.328889
vt 0.125884 0.322662
vt 0.105384 0.328135
vt 0.110110 0.322081
vt 0.090144 0.326168
vt 0.094822 0.318283
vt 0.071811 0.323644
vt 0.080439 0.312591
vt 0.059316 0.318612
vt 0.067803 0.304710
vt 0.050288 0.308881
vt 0.055915 0.296026
vt 0.042997 0.296750
vt 0.044963 0.287634
vt 0.033201 0.280995
vt 0.036807 0.277743
vt 0.247424 0.272562
vt 0.252097 0.274898
vt 0.244603 0.285834
vt 0.236755 0.281132
vt 0.234772 0.297610
vt 0.224538 0.288624
vt 0.220764 0.306244
vt 0.211563 0.295873
vt 0.205333 0.312087
vt 0.198304 0.302802
vt 0.188996 0.315443
vt 0.184152 0.309015
vt 0.114368 0.300860
vt 0.112546 0.309273
vt 0.098364 0.306050
vt 0.100576 0.297737
vt 0.084785 0.301212
vt 0.087318 0.293438
vt 0.072737 0.294706
vt 0.075339 0.287641
vt 0.062487 0.288784
vt 0.066354 0.283412
vt 0.051887 0.281459
vt 0.056013 0.276571
vt 0.043335 0.273406
vt 0.046863 0.269942
vt 0.238307 0.261663
vt 0.241737 0.266219
vt 0.231113 0.273574
vt 0.227742 0.268247
vt 0.219956 0.279976
vt 0.216890 0.274415
vt 0.207743 0.286770
vt 0.205484 0.280501
vt 0.195581 0.292958
vt 0.193817 0.286352
vt 0.182527 0.298491
vt 0.181301 0.291398
vt 0.169185 0.303349
vt 0.168258 0.296096
vt 0.155061 0.307006
vt 0.154830 0.299400
vt 0.141566 0.309128
vt 0.141693 0.301098
vt 0.127556 0.309796
vt 0.128174 0.301336
vt 0.075059 0.260054
vt 0.071997 0.271210
vt 0.061496 0.265615
vt 0.064776 0.255143
vt 0.051869 0.260555
vt 0.054441 0.250632
vt 0.226586 0.242403
vt 0.231338 0.252039
vt 0.221062 0.257158
vt 0.216155 0.247225
vt 0.210474 0.263039
vt 0.205684 0.252297
vt 0.199568 0.267855
vt 0.195074 0.257223
vt 0.188461 0.272926
vt 0.184283 0.261609
vt 0.176824 0.277049
vt 0.173121 0.264994
vt 0.164788 0.280764
vt 0.161909 0.267697
vt 0.152727 0.283437
vt 0.150613 0.269691
vt 0.141134 0.284713
vt 0.140173 0.271033
vt 0.129525 0.282960
vt 0.128772 0.270991
vt 0.116413 0.281541
vt 0.117915 0.270095
vt 0.104633 0.282317
vt 0.107176 0.268898
vt 0.092740 0.278255
vt 0.096480 0.266899
vt 0.080831 0.273906
vt 0.085779 0.263971
vt 0.172832 0.257057
vt 0.182314 0.255112
vt 0.168740 0.244477
vt 0.177632 0.241948
vt 0.163301 0.233803
vt 0.175723 0.230829
vt 0.160583 0.260150
vt 0.149332 0.263050
vt 0.139095 0.264750
vt 0.128948 0.264065
vt 0.117747 0.264149
vt 0.107450 0.263491
vt 0.097237 0.262502
vt 0.087263 0.259072
vt 0.077117 0.256071
vt 0.067123 0.251942
vt 0.055503 0.245643
vt 0.224588 0.237547
vt 0.213008 0.242423
vt 0.204221 0.247068
vt 0.193694 0.251706
vt 0.188346 0.237844
vt 0.198166 0.233719
vt 0.207273 0.229659
vt 0.216953 0.224393
vt 0.059263 0.231613
vt 0.072471 0.238274
vt 0.081484 0.242402
vt 0.090599 0.243756
vt 0.099893 0.245070
vt 0.110285 0.246515
vt 0.119532 0.246976
vt 0.129257 0.247416
vt 0.139300 0.247383
vt 0.147279 0.247480
vt 0.156173 0.245708
vt 0.152164 0.234827
vt 0.146031 0.235292
vt 0.134887 0.234440
vt 0.127739 0.234461
vt 0.119557 0.233995
vt 0.106894 0.233463
vt 0.099458 0.232991
vt 0.090993 0.232064
vt 0.084292 0.231021
vt 0.075113 0.229651
vt 0.063895 0.225042
vt 0.209804 0.217699
vt 0.202756 0.220826
vt 0.192489 0.225156
vt 0.184749 0.228422
vt 0.077228 0.219349
vt 0.085536 0.220676
vt 0.092681 0.221623
vt 0.101064 0.222932
vt 0.108898 0.223988
vt 0.119789 0.225127
vt 0.128101 0.225410
vt 0.135772 0.225343
vt 0.145913 0.224768
vt 0.153537 0.224231
vt 0.163577 0.223138
vt 0.173727 0.221424
vt 0.181950 0.218921
vt 0.189813 0.215927
vt 0.198841 0.211882
vt 0.206100 0.208244
vt 0.067328 0.217289
vt 0.079353 0.199841
vt 0.087784 0.201183
vt 0.085197 0.212900
vt 0.076885 0.211627
vt 0.095905 0.202160
vt 0.093391 0.213826
vt 0.104624 0.202797
vt 0.101749 0.214807
vt 0.112680 0.203228
vt 0.110613 0.215639
vt 0.120620 0.203476
vt 0.119578 0.216157
vt 0.128623 0.203500
vt 0.128388 0.216256
vt 0.136615 0.203327
vt 0.137013 0.215862
vt 0.144619 0.202868
vt 0.145629 0.215277
vt 0.152528 0.202190
vt 0.154112 0.214568
vt 0.160492 0.201258
vt 0.162757 0.213576
vt 0.168444 0.199958
vt 0.171037 0.212299
vt 0.176235 0.198026
vt 0.178780 0.210413
vt 0.183973 0.195358
vt 0.186853 0.207647
vt 0.191587 0.192204
vt 0.194899 0.204434
vt 0.199054 0.188489
vt 0.202794 0.200788
vt 0.071144 0.198525
vt 0.067967 0.210182
vt 0.088302 0.173888
vt 0.095313 0.174226
vt 0.091962 0.186189
vt 0.084217 0.185762
vt 0.101971 0.173996
vt 0.099289 0.186276
vt 0.108698 0.173614
vt 0.106496 0.186396
vt 0.115533 0.173390
vt 0.113907 0.186757
vt 0.122370 0.173395
vt 0.121425 0.187265
vt 0.129294 0.173544
vt 0.128840 0.187920
vt 0.136155 0.173803
vt 0.136120 0.188634
vt 0.143015 0.174021
vt 0.143476 0.189111
vt 0.149868 0.174104
vt 0.150942 0.189172
vt 0.156711 0.174098
vt 0.158575 0.188874
vt 0.163350 0.173715
vt 0.166268 0.188068
vt 0.169847 0.172539
vt 0.173600 0.186149
vt 0.176096 0.170522
vt 0.180612 0.183247
vt 0.182404 0.167857
vt 0.187494 0.179577
vt 0.188574 0.164558
vt 0.194065 0.175231
vt 0.081173 0.172707
vt 0.076306 0.184916
vt 0.092877 0.163660
vt 0.099145 0.163863
vt 0.105085 0.163221
vt 0.111270 0.162231
vt 0.117552 0.161272
vt 0.123988 0.160444
vt 0.130476 0.159706
vt 0.136890 0.159006
vt 0.143268 0.158342
vt 0.149637 0.157849
vt 0.155791 0.157588
vt 0.161816 0.157510
vt 0.167709 0.157428
vt 0.173509 0.157105
vt 0.179570 0.156454
vt 0.185539 0.154946
vt 0.086625 0.162418
vt 0.112034 0.153439
vt 0.118250 0.152469
vt 0.124738 0.151625
vt 0.131334 0.150783
vt 0.137671 0.149995
vt 0.144119 0.149355
vt 0.150424 0.148887
vt 0.156472 0.148667
vt 0.162199 0.148837
vt 0.167484 0.149319
vt 0.173088 0.149919
vt 0.178757 0.150419
vt 0.184596 0.150096
vt 0.088728 0.156843
vt 0.094747 0.156908
vt 0.100464 0.156009
vt 0.106183 0.154687
vt 0.131135 0.131493
vt 0.138595 0.130380
vt 0.138444 0.141143
vt 0.131935 0.142002
vt 0.146159 0.129423
vt 0.145016 0.140482
vt 0.153718 0.128602
vt 0.151481 0.139930
vt 0.160727 0.127559
vt 0.157734 0.139589
vt 0.166699 0.129110
vt 0.163594 0.140041
vt 0.171468 0.132387
vt 0.168914 0.141407
vt 0.177091 0.134867
vt 0.174047 0.143309
vt 0.181476 0.138650
vt 0.179178 0.145131
vt 0.184103 0.143251
vt 0.185287 0.146073
vt 0.084983 0.148460
vt 0.090305 0.144142
vt 0.094663 0.150259
vt 0.089445 0.152259
vt 0.096045 0.140551
vt 0.100157 0.148207
vt 0.102142 0.137388
vt 0.106015 0.146165
vt 0.108912 0.135117
vt 0.112186 0.144747
vt 0.116168 0.134241
vt 0.118682 0.143869
vt 0.123879 0.132899
vt 0.125294 0.142995
vt 0.137345 0.118422
vt 0.134636 0.104117
vt 0.145277 0.100284
vt 0.146560 0.115673
vt 0.143516 0.093394
vt 0.133984 0.098116
vt 0.131499 0.092939
vt 0.141528 0.088689
vt 0.121673 0.075705
vt 0.135038 0.072235
vt 0.118672 0.064476
vt 0.129364 0.061288
vt 0.125244 0.109887
vt 0.117166 0.116974
vt 0.117222 0.111881
vt 0.123571 0.106625
vt 0.111554 0.119607
vt 0.109367 0.116484
vt 0.103819 0.123209
vt 0.103433 0.120021
vt 0.096198 0.126749
vt 0.094127 0.124664
vt 0.087555 0.130734
vt 0.086816 0.126709
vt 0.155939 0.101095
vt 0.156399 0.115401
vt 0.165422 0.107613
vt 0.163576 0.117343
vt 0.175233 0.113322
vt 0.171071 0.120218
vt 0.183788 0.117232
vt 0.176715 0.124206
vt 0.196051 0.126939
vt 0.185030 0.129434
vt 0.198076 0.134645
vt 0.189146 0.136961
vt 0.201818 0.144041
vt 0.197784 0.143189
vt 0.067252 0.134821
vt 0.076329 0.131502
vt 0.078491 0.134175
vt 0.069851 0.138636
vt 0.128961 0.121416
vt 0.110377 0.092666
vt 0.105352 0.098171
vt 0.099828 0.100717
vt 0.092892 0.103980
vt 0.085884 0.107702
vt 0.077618 0.111366
vt 0.068112 0.114117
vt 0.057255 0.116671
vt 0.091547 0.134666
vt 0.098304 0.130240
vt 0.105871 0.127207
vt 0.114202 0.126226
vt 0.122023 0.124646
vt 0.189492 0.144048
vt 0.078492 0.144099
vt 0.085134 0.139101
vt 0.201754 0.133691
vt 0.202991 0.126005
vt 0.199782 0.118968
vt 0.191755 0.112832
vt 0.177551 0.110347
vt 0.167426 0.103931
vt 0.161158 0.096941
vt 0.153856 0.091763
vt 0.112818 0.075378
vt 0.112412 0.064818
vt 0.107069 0.090213
vt 0.108579 0.077637
vt 0.104235 0.094848
vt 0.098321 0.097908
vt 0.091473 0.100886
vt 0.082420 0.104440
vt 0.075516 0.106604
vt 0.066902 0.110025
vt 0.056126 0.112904
vt 0.055250 0.137745
vt 0.046334 0.119678
vt 0.216112 0.144515
vt 0.221035 0.130661
vt 0.221308 0.125595
vt 0.213042 0.117414
vt 0.047673 0.114732
vt 0.042282 0.106839
vt 0.045134 0.106649
vt 0.231618 0.136911
vt 0.225753 0.152508
vt 0.234449 0.127255
vt 0.240634 0.105263
vt 0.163487 0.051420
vt 0.173003 0.063076
vt 0.177018 0.068889
vt 0.180721 0.072651
vt 0.186257 0.076163
vt 0.195228 0.081112
vt 0.210085 0.088929
vt 0.222781 0.095290
vt 0.227739 0.099973
vt 0.156449 0.042524
vt 0.099165 0.087588
vt 0.091712 0.089288
vt 0.085425 0.091977
vt 0.077813 0.096117
vt 0.070913 0.098203
vt 0.063462 0.102518
vt 0.055805 0.106606
vt 0.052605 0.100549
vt 0.059240 0.095680
vt 0.066578 0.090900
vt 0.074457 0.087923
vt 0.081741 0.084392
vt 0.088624 0.081008
vt 0.098656 0.078552
vt 0.098978 0.073515
vt 0.087581 0.073331
vt 0.080383 0.073429
vt 0.072752 0.075603
vt 0.065883 0.080648
vt 0.059122 0.088905
vt 0.050739 0.096322
vt 0.100451 0.063099
vt 0.088083 0.062710
vt 0.077703 0.064064
vt 0.068462 0.067176
vt 0.059648 0.073617
vt 0.052151 0.081068
vt 0.042116 0.091246
vt 0.034056 0.099911
vt 0.235845 0.156159
vt 0.241511 0.139694
vt 0.244781 0.129103
vt 0.251646 0.107749
vt 0.246739 0.089392
vt 0.256423 0.091740
vt 0.235538 0.085622
vt 0.226785 0.083658
vt 0.215146 0.078799
vt 0.201456 0.072097
vt 0.192217 0.067090
vt 0.183801 0.061029
vt 0.179393 0.053908
vt 0.171024 0.041620
vt 0.164472 0.033483
vt 0.177992 0.021118
vt 0.183531 0.029627
vt 0.189092 0.041635
vt 0.195110 0.047065
vt 0.203010 0.051844
vt 0.211641 0.057076
vt 0.225654 0.063229
vt 0.236961 0.070727
vt 0.244073 0.073267
vt 0.252633 0.074898
vt 0.261940 0.077598
vt 0.231066 0.055900
vt 0.241421 0.063991
vt 0.219553 0.050534
vt 0.207966 0.044747
vt 0.199837 0.038947
vt 0.195283 0.034911
vt 0.192900 0.024034
vt 0.187177 0.015579
vt 0.248290 0.065673
vt 0.255119 0.065130
vt 0.265090 0.067235
vt 0.244318 0.057427
vt 0.235730 0.051725
vt 0.225801 0.043364
vt 0.244819 0.042410
vt 0.232833 0.035328
vt 0.215584 0.037778
vt 0.207279 0.032646
vt 0.198769 0.026708
vt 0.202368 0.020506
vt 0.199402 0.011118
vt 0.248483 0.045774
vt 0.221744 0.031508
vt 0.211583 0.028953
vt 0.214754 0.020099
vt 0.228118 0.021775
vt 0.240044 0.025041
vt 0.249888 0.029402
vt 0.248461 0.036990
vt 0.257291 0.037961
vt 0.250454 0.040505
vt 0.258817 0.048158
vt 0.252414 0.062617
vt 0.268442 0.049577
vt 0.266236 0.035386
vt 0.257736 0.023370
vt 0.244315 0.015961
vt 0.228549 0.011731
vt 0.214085 0.010159
vt 0.773073 0.199440
vt 0.772693 0.205430
vt 0.768865 0.211109
vt 0.769555 0.193517
vt 0.762267 0.188894
vt 0.762530 0.214471
vt 0.753118 0.216754
vt 0.753527 0.186681
vt 0.748164 0.185634
vt 0.745205 0.216888
vt 0.733862 0.213848
vt 0.738661 0.183790
vt 0.714251 0.176367
vt 0.726445 0.212438
vt 0.710815 0.213120
vt 0.705522 0.173779
vt 0.699203 0.214535
vt 0.693920 0.170448
vt 0.689294 0.216075
vt 0.687507 0.171079
vt 0.682664 0.216888
vt 0.680649 0.174195
vt 0.672218 0.214619
vt 0.674215 0.179750
vt 0.665702 0.210712
vt 0.669499 0.186860
vt 0.665399 0.195320
vt 0.663566 0.203341
vn -0.5590 -0.3200 0.7649
vn -0.2670 -0.9432 0.1977
vn -0.1562 -0.3326 0.9300
vn -0.1814 -0.9578 0.2230
vn -0.7048 -0.6982 0.1255
vn -0.0599 -0.1124 0.9919
vn -0.1098 -0.0626 0.9920
vn -0.1549 -0.0633 0.9859
vn 0.0141 -0.3445 0.9387
vn -0.2173 -0.9753 0.0402
vn 0.0077 -0.9271 0.3746
vn -0.6003 -0.2971 0.7425
vn -0.4671 -0.6972 0.5438
vn 0.0370 -0.2342 0.9715
vn 0.0486 -0.9471 0.3173
vn -0.1173 -0.0202 0.9929
vn 0.3378 -0.8607 0.3809
vn -0.0622 -0.3072 0.9496
vn 0.7372 -0.2353 0.6334
vn 0.3619 -0.1761 0.9154
vn 0.6649 -0.6405 0.3842
vn -0.1798 -0.4883 0.8540
vn 0.1165 -0.5260 0.8425
vn -0.4775 -0.1833 0.8593
vn -0.1893 -0.1370 0.9723
vn -0.1674 -0.4274 0.8884
vn 0.0875 -0.9792 -0.1833
vn 0.1667 0.8286 0.5344
vn 0.1095 0.0323 0.9935
vn 0.4368 -0.1726 0.8828
vn 0.5023 0.5596 0.6592
vn 0.7989 -0.4326 0.4180
vn 0.7610 0.3420 -0.5513
vn -0.5501 -0.8289 0.1015
vn -0.6692 -0.3153 0.6729
vn -0.2185 -0.9496 0.2246
vn 0.2004 -0.4823 0.8528
vn -0.0096 -0.9868 0.1620
vn -0.0435 -0.1865 0.9815
vn -0.0384 -0.2377 0.9706
vn 0.1295 -0.7785 0.6142
vn 0.0322 -0.1378 0.9899
vn 0.0595 -0.2306 0.9712
vn 0.0501 -0.3446 0.9374
vn -0.0460 -0.3057 0.9510
vn -0.2646 -0.2926 0.9189
vn -0.3981 -0.3671 0.8407
vn -0.4067 -0.8608 0.3060
vn -0.3755 -0.6509 0.6599
vn -0.7319 -0.6763 0.0835
vn -0.6406 -0.2999 0.7069
vn -0.0996 -0.9862 0.1326
vn 0.0381 -0.4252 0.9043
vn -0.4287 -0.8974 -0.1046
vn -0.1403 -0.0807 0.9868
vn -0.2416 -0.0526 0.9690
vn -0.0644 -0.1606 0.9849
vn -0.7983 -0.6008 0.0420
vn -0.6517 -0.2111 0.7285
vn -0.0931 -0.1556 0.9834
vn 0.0619 -0.4835 0.8732
vn -0.0795 -0.2311 0.9697
vn -0.3956 -0.8419 0.3671
vn -0.5692 -0.8178 0.0846
vn -0.5136 -0.1748 0.8400
vn -0.0354 -0.3272 0.9443
vn -0.8415 -0.5390 0.0361
vn -0.5756 -0.7092 0.4071
vn 0.4035 -0.6335 0.6602
vn 0.0167 -0.9726 0.2321
vn 0.1241 -0.6487 0.7509
vn -0.1809 -0.6249 0.7594
vn -0.1011 -0.8154 0.5700
vn 0.0234 -0.6351 0.7721
vn -0.4506 -0.0003 0.8928
vn -0.8054 -0.1678 0.5685
vn -0.7916 -0.3590 0.4944
vn -0.0536 -0.5188 0.8532
vn -0.1183 -0.3256 0.9381
vn -0.1360 -0.3259 0.9356
vn -0.3328 -0.5302 0.7799
vn -0.2879 -0.1242 0.9496
vn -0.0510 -0.3161 0.9474
vn -0.1534 0.2228 0.9627
vn 0.0987 -0.1205 0.9878
vn -0.0684 -0.6360 0.7686
vn 0.1287 -0.5090 0.8511
vn -0.6447 -0.7064 0.2922
vn -0.4827 -0.4012 0.7785
vn -0.8703 0.4290 0.2421
vn -0.6005 -0.2130 0.7707
vn -0.9054 -0.0034 0.4245
vn -0.3405 -0.3569 0.8699
vn -0.2957 -0.4775 0.8274
vn -0.3472 -0.5843 0.7335
vn -0.4452 -0.5262 0.7245
vn -0.5486 -0.4968 0.6725
vn -0.4311 -0.5292 0.7308
vn -0.2152 -0.6497 0.7290
vn -0.2583 -0.6100 0.7491
vn -0.3145 -0.5808 0.7508
vn 0.0831 -0.3482 0.9337
vn 0.2445 -0.0499 0.9684
vn 0.0994 -0.5174 0.8499
vn 0.6792 -0.3026 0.6687
vn 0.6648 -0.3736 0.6469
vn 0.4667 -0.3475 0.8133
vn 0.1044 -0.4518 0.8860
vn -0.1181 -0.5485 0.8278
vn -0.2179 -0.6801 0.7000
vn -0.3023 -0.6719 0.6761
vn -0.4891 -0.5320 0.6912
vn -0.5307 -0.4145 0.7393
vn -0.3830 -0.4590 0.8016
vn -0.2658 -0.5952 0.7583
vn -0.4559 -0.5946 0.6623
vn -0.6301 -0.4752 0.6141
vn -0.6727 -0.3519 0.6509
vn -0.6240 -0.1272 0.7710
vn -0.5384 -0.0121 0.8426
vn -0.3608 0.4554 0.8139
vn 0.0260 -0.2270 0.9735
vn -0.1929 -0.1466 0.9702
vn -0.0117 -0.2619 0.9650
vn -0.6301 0.4561 0.6285
vn -0.3202 -0.3796 0.8680
vn -0.8876 0.1834 0.4226
vn -0.6232 0.0602 0.7797
vn -0.4856 0.7443 0.4585
vn 0.2476 -0.0158 0.9687
vn -0.4743 0.6291 0.6159
vn -0.4279 -0.3405 0.8372
vn -0.7613 0.5989 0.2485
vn -0.5960 0.4323 0.6767
vn -0.2418 0.8205 0.5179
vn 0.0921 -0.1070 0.9900
vn -0.3470 0.8044 0.4822
vn -0.1815 -0.1198 0.9761
vn -0.6604 0.5366 0.5253
vn -0.3242 0.5187 0.7911
vn -0.0690 0.6354 0.7691
vn -0.4452 0.0125 0.8953
vn -0.2149 0.8940 0.3932
vn -0.6143 0.3955 0.6828
vn -0.5318 0.1648 0.8307
vn -0.3751 0.3775 0.8466
vn 0.2337 0.6261 0.7439
vn 0.2435 0.4749 0.8457
vn 0.8516 0.5108 0.1176
vn 0.7782 0.0248 0.6275
vn 0.1924 0.8213 0.5371
vn 0.0996 -0.1714 0.9802
vn 0.2907 0.8428 0.4530
vn 0.7215 0.2281 0.6538
vn 0.2690 0.2480 0.9307
vn 0.7643 0.4465 0.4653
vn 0.4381 -0.2271 0.8698
vn 0.2838 0.7124 0.6418
vn 0.0452 -0.2487 0.9675
vn 0.3021 0.7981 0.5214
vn 0.4666 0.2336 0.8530
vn 0.8137 0.5183 0.2630
vn 0.4239 -0.3536 0.8338
vn 0.4398 0.5116 0.7382
vn 0.2279 0.8779 0.4210
vn 0.5332 0.5659 0.6289
vn -0.3235 -0.0435 0.9452
vn 0.7295 0.4601 0.5061
vn -0.0847 -0.1130 0.9900
vn 0.6001 0.4160 0.6832
vn 0.9430 0.3022 0.1397
vn 0.3712 -0.5107 0.7755
vn 0.7589 0.3121 0.5715
vn 0.6329 0.7499 0.1924
vn 0.3072 0.7230 0.6188
vn -0.2898 -0.2342 0.9280
vn -0.4236 -0.5465 0.7224
vn 0.9154 0.1319 0.3804
vn -0.0425 -0.3759 0.9257
vn 0.5171 0.5189 0.6807
vn -0.5786 -0.0963 0.8099
vn 0.0806 0.6711 0.7370
vn 0.6956 0.3186 0.6439
vn -0.5200 -0.4215 0.7429
vn -0.5051 -0.1880 0.8423
vn -0.4390 -0.2480 0.8636
vn -0.2796 -0.2725 0.9206
vn 0.0714 -0.3929 0.9168
vn 0.0868 -0.3527 0.9317
vn 0.2263 -0.2859 0.9311
vn -0.0861 -0.2553 0.9630
vn -0.3548 -0.2202 0.9086
vn -0.0040 -0.2370 0.9715
vn 0.1158 -0.3464 0.9309
vn -0.0567 -0.3509 0.9347
vn 0.2225 -0.2384 0.9453
vn 0.1095 -0.3882 0.9150
vn -0.1443 -0.4061 0.9024
vn -0.1464 -0.1219 0.9817
vn -0.1186 0.1514 0.9813
vn -0.3711 -0.3829 0.8460
vn -0.4920 -0.4022 0.7721
vn -0.5218 -0.2727 0.8083
vn 0.1342 -0.2168 0.9669
vn 0.6306 0.0437 0.7749
vn 0.0410 0.1282 0.9909
vn 0.5674 0.3003 0.7667
vn -0.0049 0.1022 0.9948
vn 0.5956 0.3701 0.7130
vn -0.5748 -0.1631 0.8019
vn -0.6278 -0.2550 0.7354
vn -0.5765 -0.4674 0.6702
vn -0.4457 -0.4550 0.7709
vn -0.4401 -0.3048 0.8446
vn -0.5022 -0.1664 0.8486
vn 0.4351 -0.1138 0.8932
vn 0.3372 -0.3629 0.8687
vn 0.1215 -0.4819 0.8678
vn 0.0557 -0.6075 0.7923
vn -0.1266 -0.6418 0.7563
vn -0.2576 -0.6822 0.6843
vn -0.4909 -0.7073 0.5087
vn -0.7057 -0.5711 0.4194
vn -0.5419 -0.6965 0.4704
vn -0.5341 -0.6984 0.4764
vn -0.7322 -0.3688 0.5726
vn -0.6935 -0.1838 0.6966
vn -0.7084 0.0180 0.7056
vn -0.6809 0.0873 0.7271
vn -0.5296 0.1658 0.8319
vn -0.3204 0.3543 0.8785
vn -0.1694 0.3640 0.9159
vn 0.3723 0.1989 0.9065
vn 0.6485 0.1171 0.7522
vn 0.4552 0.4877 0.7450
vn 0.3834 0.4973 0.7783
vn 0.5763 0.3007 0.7599
vn 0.6515 0.1478 0.7441
vn 0.6231 0.2349 0.7460
vn 0.6191 0.3265 0.7142
vn 0.5513 0.1855 0.8134
vn 0.4583 0.1044 0.8826
vn 0.5063 0.0577 0.8604
vn 0.3833 -0.0505 0.9222
vn 0.2013 -0.2963 0.9336
vn 0.5885 0.2393 0.7723
vn 0.7273 0.3185 0.6079
vn 0.6956 0.4098 0.5901
vn 0.4796 0.5993 0.6409
vn 0.3869 0.6696 0.6340
vn 0.3959 0.4499 0.8006
vn 0.0172 0.3082 0.9512
vn -0.3939 0.2761 0.8767
vn -0.6135 0.1775 0.7695
vn -0.7143 -0.0171 0.6996
vn -0.7154 -0.3452 0.6075
vn -0.6386 -0.6132 0.4650
vn -0.6797 -0.6553 0.3297
vn -0.6828 -0.6470 0.3395
vn -0.4727 -0.7528 0.4582
vn -0.1342 -0.7587 0.6374
vn 0.1329 -0.5543 0.8216
vn 0.4627 -0.4767 0.7474
vn 0.8060 -0.1398 0.5752
vn 0.8301 0.2800 0.4823
vn 0.7162 0.5099 0.4765
vn 0.3414 0.5190 0.7836
vn 0.2325 0.4181 0.8782
vn 0.1873 0.3115 0.9316
vn -0.0410 0.1869 0.9815
vn -0.3144 0.1285 0.9406
vn -0.4757 -0.1609 0.8647
vn -0.5813 -0.4445 0.6816
vn -0.5745 -0.5560 0.6007
vn -0.5063 -0.6908 0.5162
vn -0.2370 -0.8905 0.3884
vn 0.2623 -0.9300 0.2576
vn 0.6578 -0.7321 0.1770
vn 0.8448 -0.4313 0.3166
vn 0.8315 0.1889 0.5225
vn 0.4605 0.4544 0.7625
vn 0.1023 0.4842 0.8690
vn 0.0109 0.3114 0.9502
vn -0.1556 0.0890 0.9838
vn -0.3723 -0.1467 0.9164
vn -0.4126 -0.2956 0.8616
vn -0.2450 -0.5505 0.7981
vn 0.1738 -0.8054 0.5666
vn 0.3418 -0.2089 0.9163
vn 0.0297 0.0509 0.9983
vn -0.1314 0.1858 0.9738
vn -0.1617 0.2662 0.9503
vn -0.4606 -0.2299 0.8573
vn -0.4845 -0.2488 0.8387
vn -0.4266 -0.1933 0.8836
vn -0.3896 -0.1837 0.9025
vn -0.4580 -0.2025 0.8656
vn -0.4462 -0.2268 0.8657
vn -0.4164 -0.2243 0.8811
vn -0.4367 -0.1902 0.8792
vn -0.4641 -0.1926 0.8646
vn -0.3162 -0.2250 0.9216
vn -0.3769 -0.2428 0.8939
vn -0.4018 -0.1859 0.8966
vn -0.3705 -0.2413 0.8969
vn -0.3128 -0.2923 0.9037
vn -0.2637 -0.2145 0.9405
vn -0.3003 -0.3301 0.8949
vn -0.3034 -0.2643 0.9155
vn -0.2932 -0.1476 0.9446
vn -0.0568 -0.3761 0.9248
vn 0.0958 -0.3943 0.9140
vn 0.2641 -0.0767 0.9614
vn 0.2443 -0.1357 0.9602
vn -0.1821 -0.1296 0.9747
vn -0.1645 -0.1045 0.9808
vn 0.1251 -0.4819 0.8672
vn -0.0091 -0.4917 0.8707
vn -0.1433 -0.2589 0.9552
vn 0.1642 -0.3198 0.9332
vn 0.3211 -0.1457 0.9358
vn 0.3434 -0.0590 0.9373
vn 0.2029 -0.3434 0.9170
vn 0.1437 -0.4146 0.8986
vn 0.3170 -0.1739 0.9323
vn 0.1770 -0.5686 0.8033
vn 0.2200 -0.6359 0.7398
vn 0.1828 -0.5821 0.7923
vn 0.4488 -0.4630 0.7643
vn 0.4056 -0.5332 0.7424
vn -0.3155 -0.1074 0.9428
vn 0.3989 -0.5140 0.7594
vn 0.3858 -0.6318 0.6723
vn 0.1270 -0.6438 0.7546
vn 0.3441 -0.6241 0.7014
vn 0.5598 -0.5579 0.6127
vn 0.5829 -0.6154 0.5306
vn 0.2841 -0.0063 0.9588
vn 0.4208 -0.1060 0.9010
vn 0.4844 -0.3207 0.8139
vn 0.1860 -0.5367 0.8230
vn 0.2026 -0.5893 0.7821
vn 0.3840 -0.5481 0.7430
vn 0.6491 -0.4401 0.6204
vn 0.6454 -0.5065 0.5718
vn 0.0859 -0.6571 0.7489
vn 0.1193 -0.5272 0.8413
vn 0.2020 -0.0845 0.9757
vn 0.2785 -0.2941 0.9143
vn 0.4350 -0.7534 0.4931
vn 0.3835 -0.7578 0.5279
vn 0.4790 -0.4623 0.7462
vn 0.5515 -0.3486 0.7578
vn 0.5813 -0.6413 0.5009
vn 0.5922 -0.7263 0.3490
vn 0.6090 -0.6809 0.4069
vn 0.7917 -0.3893 0.4708
vn 0.3552 -0.4116 0.8393
vn 0.4713 -0.1847 0.8624
vn 0.4890 -0.3493 0.7993
vn 0.6735 -0.1592 0.7219
vn 0.7246 -0.1539 0.6718
vn 0.6196 -0.5902 0.5175
vn 0.8351 -0.1295 0.5347
vn 0.7508 -0.2657 0.6047
vn 0.2848 -0.8910 0.3535
vn 0.0442 -0.3729 0.9268
vn -0.1263 -0.2978 0.9462
vn 0.0187 -0.4349 0.9003
vn 0.1095 -0.2669 0.9575
vn 0.3877 -0.5234 0.7588
vn 0.0619 -0.2361 0.9698
vn 0.1926 -0.0176 0.9811
vn 0.3214 0.1293 0.9381
vn 0.5129 -0.5104 0.6903
vn 0.4527 0.1221 0.8832
vn 0.4888 0.2386 0.8391
vn 0.4203 0.1170 0.8998
vn 0.1319 -0.0593 0.9895
vn 0.1279 0.0468 0.9907
vn 0.1297 0.1420 0.9813
vn 0.0768 0.1388 0.9873
vn 0.2248 0.1744 0.9587
vn 0.1319 0.1873 0.9734
vn 0.1453 0.6299 0.7630
vn 0.1025 0.5846 0.8048
vn 0.0335 0.5465 0.8368
vn 0.0379 0.3062 0.9512
vn 0.0911 0.2004 0.9755
vn 0.1618 0.2469 0.9554
vn -0.1333 0.4309 0.8925
vn -0.0451 0.3221 0.9456
vn 0.0745 0.2113 0.9746
vn 0.4890 0.0863 0.8680
vn 0.3631 0.2026 0.9094
vn 0.1780 0.1390 0.9742
vn 0.1375 0.1608 0.9774
vn 0.2863 0.2711 0.9190
vn -0.0485 0.5319 0.8454
vn -0.0163 0.3571 0.9339
vn 0.0661 0.1434 0.9875
vn 0.1643 0.1926 0.9674
vn 0.1877 0.3007 0.9351
vn 0.0300 0.4539 0.8905
vn 0.0187 0.5525 0.8333
vn 0.0271 0.5418 0.8401
vn 0.0274 0.2997 0.9536
vn 0.0655 0.3807 0.9224
vn -0.0175 0.4386 0.8985
vn -0.0979 0.3670 0.9251
vn -0.0606 0.4643 0.8836
vn -0.0006 0.3535 0.9354
vn -0.0573 0.3981 0.9155
vn -0.0096 0.3237 0.9461
vn -0.0677 0.1900 0.9794
vn -0.1599 0.0420 0.9862
vn -0.0953 0.6208 0.7782
vn -0.2171 0.5996 0.7703
vn -0.3424 0.4589 0.8199
vn -0.2215 0.5526 0.8035
vn -0.2234 0.6536 0.7231
vn -0.3476 0.5690 0.7453
vn -0.1861 -0.3592 0.9145
vn -0.4195 -0.4320 0.7984
vn -0.5147 -0.3945 0.7612
vn -0.5650 -0.1255 0.8155
vn -0.5858 -0.4369 0.6826
vn -0.5422 -0.3106 0.7807
vn -0.7122 -0.0392 0.7008
vn -0.7746 -0.2863 0.5639
vn -0.6839 -0.1894 0.7045
vn -0.4146 -0.3616 0.8351
vn -0.5042 -0.2988 0.8103
vn -0.6350 -0.2541 0.7295
vn -0.3827 -0.2758 0.8817
vn -0.4909 -0.2512 0.8342
vn -0.4574 -0.1723 0.8724
vn 0.3526 0.0802 0.9323
vn 0.5716 -0.5226 0.6326
vn 0.6660 -0.4733 0.5765
vn 0.4167 -0.0323 0.9085
vn 0.5141 -0.1371 0.8467
vn 0.7095 -0.5131 0.4831
vn 0.7467 -0.5882 0.3107
vn 0.7573 -0.6216 0.2001
vn 0.8776 -0.3744 0.2993
vn 0.8731 -0.2534 0.4164
vn 0.6658 -0.3054 0.6807
vn 0.7827 -0.4671 0.4114
vn 0.8750 -0.3991 0.2742
vn 0.2976 0.1266 0.9463
vn 0.4349 0.0882 0.8962
vn 0.4000 0.1256 0.9079
vn 0.5468 -0.0181 0.8371
vn 0.7355 -0.2048 0.6459
vn 0.8055 -0.2671 0.5289
vn 0.8573 -0.3202 0.4031
vn 0.8590 -0.4147 0.3003
vn 0.8321 -0.2879 0.4740
vn 0.2634 -0.8964 0.3564
vn 0.5085 -0.5847 0.6321
vn 0.5657 -0.4954 0.6592
vn 0.7418 0.2251 0.6318
vn 0.6485 0.2804 0.7077
vn 0.2814 -0.9349 0.2164
vn 0.2835 -0.8010 0.5274
vn 0.2993 -0.9467 0.1191
vn 0.0291 -0.9716 0.2350
vn 0.8081 -0.4905 0.3263
vn 0.7354 0.0779 0.6732
vn 0.3980 -0.2548 0.8813
vn 0.5724 0.1223 0.8108
vn -0.4695 0.0618 0.8808
vn -0.1496 0.1434 0.9783
vn -0.1133 0.1833 0.9765
vn 0.1626 0.6540 0.7388
vn 0.1863 0.6755 0.7135
vn -0.4222 0.2059 0.8828
vn -0.2180 0.4833 0.8479
vn -0.2331 0.1638 0.9586
vn 0.1747 0.4580 0.8716
vn -0.4777 -0.1584 0.8641
vn -0.7317 -0.2407 0.6377
vn -0.7355 -0.3653 0.5707
vn -0.7530 -0.3644 0.5480
vn -0.6427 -0.2446 0.7261
vn -0.3371 -0.0561 0.9398
vn -0.4135 -0.0016 0.9105
vn -0.8641 -0.1035 0.4925
vn -0.8447 0.1341 0.5182
vn -0.8829 0.1232 0.4530
vn 0.1288 0.3375 0.9325
vn -0.3590 0.1120 0.9266
vn 0.0249 0.2173 0.9758
vn -0.3974 0.0388 0.9168
vn -0.1357 0.0082 0.9907
vn -0.4328 -0.0632 0.8993
vn -0.6518 -0.2961 0.6982
vn -0.6142 -0.2415 0.7513
vn -0.5598 -0.1152 0.8206
vn -0.1856 0.3233 0.9279
vn -0.2559 0.2692 0.9285
vn -0.4548 0.1249 0.8818
vn -0.9318 -0.2306 0.2802
vn -0.8906 -0.1298 0.4358
vn -0.8917 -0.0579 0.4489
vn -0.9442 -0.0176 0.3290
vn -0.9146 -0.1165 0.3872
vn -0.9165 -0.1239 0.3803
vn -0.9568 -0.0553 0.2855
vn -0.4781 -0.1283 0.8689
vn -0.4507 -0.0895 0.8882
vn -0.4177 0.1368 0.8982
vn -0.3069 -0.0441 0.9507
vn -0.3035 0.2476 0.9201
vn -0.2109 0.3287 0.9206
vn -0.2634 0.3843 0.8848
vn -0.5081 0.4793 0.7157
vn -0.8392 -0.0128 -0.5436
vn -0.7788 0.6072 -0.1573
vn -0.9677 -0.2507 -0.0266
vn -0.8777 -0.4436 0.1812
vn -0.6953 -0.1925 0.6925
vn -0.4817 -0.2071 0.8515
vn -0.2133 -0.2752 0.9374
vn -0.3490 -0.5178 0.7811
vn -0.0987 -0.0513 0.9938
vn -0.0224 0.0824 0.9963
vn 0.0187 -0.1225 0.9923
vn 0.0454 0.3635 0.9305
vn 0.0031 -0.0871 0.9962
vn 0.0398 -0.2797 0.9593
vn -0.0185 -0.5089 0.8606
vn 0.1554 -0.0834 0.9843
vn 0.1692 0.2736 0.9468
vn 0.0095 0.1231 0.9923
vn 0.1472 0.5666 0.8107
vn 0.0332 0.2646 0.9638
vn -0.0098 -0.0389 0.9992
vn -0.0213 0.3263 0.9450
vn 0.0767 -0.1008 0.9919
vn 0.0596 -0.1237 0.9905
vn -0.1402 0.3357 0.9315
vn -0.0853 0.3261 0.9415
vn -0.0164 0.3474 0.9376
vn -0.0188 0.6344 0.7728
vn -0.0913 0.6264 0.7741
vn 0.2697 0.3001 0.9150
vn 0.5250 -0.0242 0.8508
vn 0.6145 -0.1347 0.7773
vn 0.3942 0.2689 0.8788
vn 0.6099 -0.3359 0.7177
vn 0.3841 -0.0760 0.9202
vn 0.7899 -0.0507 0.6111
vn 0.4132 -0.5643 0.7148
vn 0.0553 0.1524 0.9868
vn -0.0139 0.4456 0.8951
vn 0.0363 0.6915 0.7214
vn -0.0305 0.1939 0.9805
vn 0.0725 -0.2319 0.9700
vn -0.2256 -0.0724 0.9715
vn -0.2364 -0.0849 0.9679
vn -0.2174 -0.0467 0.9750
vn -0.3051 0.3145 0.8989
vn 0.0853 0.7644 0.6390
vn -0.1331 0.8512 0.5077
vn -0.2992 0.8018 0.5173
vn -0.3699 0.7068 0.6030
vn -0.4178 0.5453 0.7267
vn -0.0478 -0.3320 0.9421
vn -0.2482 -0.1156 0.9618
vn -0.2810 0.0193 0.9595
vn -0.3394 0.2236 0.9137
vn -0.4607 0.3869 0.7988
vn -0.1188 0.1483 0.9818
vn -0.0855 0.3952 0.9146
vn -0.2243 0.5137 0.8282
vn -0.5233 0.6288 0.5751
vn -0.7079 0.6713 -0.2197
vn -0.4295 0.3629 -0.8270
vn -0.5072 0.3989 -0.7640
vn -0.4375 0.0848 -0.8952
vn -0.4362 -0.0295 -0.8994
vn -0.5688 -0.3168 -0.7590
vn -0.3586 -0.3770 -0.8540
vn -0.6654 -0.3850 -0.6396
vn -0.2253 -0.3631 -0.9041
vn -0.6919 -0.6989 0.1810
vn -0.1099 -0.6722 -0.7322
vn -0.1754 -0.9687 0.1759
vn 0.0391 -0.5852 0.8099
vn -0.5871 -0.5558 0.5886
vn -0.3842 -0.4271 0.8185
vn -0.8662 -0.3819 0.3222
vn -0.7387 -0.3379 0.5832
vn -0.3898 -0.2875 0.8749
vn -0.0542 -0.0461 0.9975
vn -0.0986 0.3122 0.9449
vn -0.3154 0.5572 0.7682
vn -0.5881 0.6866 0.4275
vn -0.7149 0.6797 -0.1644
vn -0.5978 0.4451 -0.6668
vn -0.3884 0.0353 -0.9208
vn -0.0640 -0.1948 -0.9788
vn 0.1295 -0.1712 -0.9767
vn 0.0107 -0.6735 -0.7391
vn -0.1585 -0.9528 0.2590
vn 0.2674 -0.4709 0.8407
vn 0.3107 -0.1887 0.9316
vn -0.0367 -0.3676 0.9293
vn 0.1142 -0.1277 0.9852
vn -0.1080 0.2272 0.9678
vn -0.4134 0.5071 0.7563
vn -0.6704 0.6320 0.3887
vn -0.7781 0.6145 -0.1301
vn -0.7027 0.4015 -0.5874
vn -0.4760 0.1175 -0.8716
vn -0.2461 -0.1317 -0.9603
vn -0.2506 -0.2956 -0.9219
vn -0.2872 -0.7672 -0.5735
vn 0.3807 -0.8961 0.2281
vn 0.6651 -0.4205 0.6172
vn 0.3810 -0.0429 0.9236
vn -0.0567 0.2033 0.9775
vn -0.4804 0.3690 0.7957
vn -0.7657 0.4760 0.4326
vn -0.8899 0.4508 -0.0690
vn -0.8222 0.2765 -0.4976
vn -0.7094 0.1157 -0.6952
vn -0.5683 -0.1163 -0.8146
vn -0.4104 -0.4250 -0.8068
vn 0.0562 -0.6245 -0.7790
vn 0.8588 -0.4065 -0.3119
vn 0.9287 -0.0752 0.3631
vn 0.4409 -0.0777 0.8942
vn -0.0091 0.1368 0.9906
vn -0.5552 0.2059 0.8059
vn -0.8238 0.2848 0.4901
vn -0.9639 0.2650 -0.0269
vn -0.9005 0.1388 -0.4120
vn -0.8440 -0.0031 -0.5364
vn -0.6297 -0.2393 -0.7390
vn -0.1348 -0.3666 -0.9205
vn -0.6561 -0.3022 -0.6915
vn -0.7055 -0.2114 -0.6765
vn -0.3169 -0.3313 -0.8887
vn -0.2009 -0.3418 -0.9180
vn -0.8917 -0.2197 -0.3957
vn -0.9010 -0.1225 -0.4162
vn 0.3782 -0.1651 0.9109
vn -0.1336 0.0116 0.9910
vn -0.5606 0.1087 0.8209
vn -0.8358 0.1463 0.5293
vn -0.9953 0.0954 0.0167
vn -0.9136 -0.0021 -0.4067
vn -0.8278 -0.1220 -0.5476
vn -0.5251 -0.2698 -0.8071
vn -0.9972 -0.0329 0.0670
vn -0.8283 0.0520 0.5579
vn -0.5155 0.0597 0.8548
vn -0.0254 0.0432 0.9987
vn 0.5804 0.0383 0.8134
vn 0.3530 -0.3349 -0.8736
vn 0.8664 -0.2159 -0.4502
vn 0.9902 -0.0741 0.1183
vn 0.7338 0.0208 0.6790
vn 0.2236 0.0818 0.9712
vn -0.3584 0.0198 0.9334
vn -0.7713 -0.0444 0.6349
vn -0.9824 -0.1376 0.1263
vn -0.6929 -0.1034 0.7136
vn -0.9769 -0.1215 0.1758
vn -0.8796 -0.1941 -0.4342
vn -0.5431 -0.3512 -0.7627
vn -0.1679 -0.4647 -0.8694
vn 0.3675 -0.4562 -0.8105
vn 0.8715 -0.2803 -0.4025
vn 0.9825 -0.1042 0.1545
vn 0.7166 -0.0988 0.6905
vn 0.1910 -0.1132 0.9750
vn -0.2891 -0.1166 0.9502
vn 0.6778 -0.5577 -0.4791
vn 0.8478 -0.5041 0.1646
vn 0.5386 -0.3962 0.7436
vn 0.0803 -0.2819 0.9561
vn -0.2507 -0.2000 0.9472
vn -0.6105 -0.1162 0.7834
vn -0.9743 -0.0973 0.2034
vn -0.8351 -0.1496 -0.5293
vn -0.4059 -0.2596 -0.8763
vn -0.1066 -0.3855 -0.9165
vn 0.1987 -0.4996 -0.8432
vn 0.2789 -0.4268 -0.8603
vn 0.5573 -0.6327 -0.5377
vn 0.6832 -0.6944 0.2260
vn 0.3834 -0.5111 0.7693
vn 0.0007 -0.3087 0.9512
vn -0.3088 -0.1993 0.9300
vn -0.6776 -0.1431 0.7214
vn -0.9806 -0.1484 0.1280
vn -0.7875 -0.1843 -0.5881
vn -0.3475 -0.2197 -0.9116
vn 0.0409 -0.3249 -0.9449
vn -0.3160 -0.9487 -0.0076
vn -0.0553 -0.7978 0.6003
vn -0.3561 -0.7428 0.5670
vn -0.6468 -0.6587 0.3844
vn -0.9027 -0.4132 -0.1202
vn -0.8608 -0.5057 0.0581
vn -0.8578 -0.1341 -0.4962
vn -0.8224 -0.2717 -0.4998
vn -0.6356 0.2315 -0.7365
vn -0.5349 0.0764 -0.8415
vn -0.8590 -0.1996 -0.4714
vn -0.5883 -0.0675 -0.8058
vn -0.4427 0.0354 -0.8960
vn -0.2822 0.0809 -0.9560
vn 0.3725 -0.3981 0.8383
vn 0.5103 -0.4379 0.7401
vn 0.7501 0.3886 0.5351
vn 0.7656 0.4185 0.4887
vn 0.6979 0.7147 0.0466
vn 0.7098 0.6966 0.1048
vn 0.5076 0.7465 -0.4302
vn 0.4912 0.8106 -0.3189
vn -0.0076 0.5199 -0.8542
vn -0.0945 0.6873 -0.7202
vn 0.2422 -0.3942 0.8865
vn 0.6808 0.3266 0.6556
vn 0.6856 0.7257 0.0581
vn 0.5011 0.7345 -0.4575
vn 0.0650 0.4571 -0.8870
vn -0.2238 0.8640 -0.4510
vn -0.7416 0.4524 -0.4953
vn -0.9340 0.0311 -0.3559
vn -0.8834 -0.4665 -0.0447
vn -0.5410 -0.8039 0.2469
vn -0.2144 -0.9169 0.3365
vn 0.0998 -0.8693 0.4842
vn 0.6451 -0.3100 0.6983
vn 0.7905 0.4722 0.3901
vn 0.6901 0.7047 0.1648
vn 0.3907 0.9125 -0.1212
vn 0.7552 -0.1204 0.6443
vn 0.8122 0.4066 0.4183
vn 0.6471 0.7244 0.2378
vn 0.2414 0.9698 0.0342
vn -0.3794 0.9081 -0.1775
vn -0.7986 0.5536 -0.2363
vn -0.9788 0.0637 -0.1945
vn -0.8473 -0.5306 -0.0255
vn -0.4127 -0.8947 0.1706
vn -0.1369 -0.9378 0.3190
vn 0.2415 -0.7692 0.5915
vn -0.4087 0.8871 -0.2143
vn -0.8183 0.5150 -0.2553
vn -0.9824 0.0234 -0.1854
vn -0.8430 -0.5371 -0.0273
vn -0.4020 -0.8991 0.1731
vn -0.0273 -0.9355 0.3522
vn 0.3504 -0.7641 0.5417
vn 0.8073 -0.2329 0.5422
vn 0.8702 0.3539 0.3428
vn 0.6475 0.7442 0.1639
vn 0.1511 0.9875 -0.0456
vn 0.7959 0.4226 0.4334
vn 0.5396 0.7894 0.2926
vn 0.0271 0.9996 0.0041
vn -0.5070 0.8294 -0.2344
vn -0.8264 0.4659 -0.3161
vn -0.9550 -0.0228 -0.2959
vn -0.7853 -0.5804 -0.2154
vn -0.2431 -0.9671 -0.0749
vn 0.3693 -0.9283 0.0436
vn 0.7085 -0.6721 0.2152
vn 0.8976 -0.0719 0.4349
vn -0.9251 -0.2467 -0.2888
vn -0.6927 -0.6844 -0.2276
vn -0.2190 -0.9514 -0.2167
vn 0.3664 -0.9296 -0.0385
vn 0.7978 -0.5424 0.2632
vn 0.7891 0.1156 0.6032
vn 0.5328 0.5420 0.6499
vn 0.2923 0.7720 0.5644
vn -0.2906 0.9223 0.2549
vn -0.7995 0.5956 -0.0773
vn -0.9494 0.2369 -0.2060
vn -0.4021 -0.9113 -0.0883
vn 0.2095 -0.9498 0.2322
vn 0.6743 -0.4437 0.5903
vn 0.6608 0.2185 0.7181
vn 0.4436 0.5746 0.6878
vn 0.1957 0.7398 0.6437
vn -0.3869 0.8109 0.4390
vn -0.8766 0.4785 0.0506
vn -0.9865 0.0627 -0.1512
vn -0.8906 -0.4033 -0.2101
vn -0.6838 -0.7025 -0.1972
vn -0.3771 0.7919 0.4803
vn -0.8773 0.4659 0.1154
vn -0.9830 -0.0472 -0.1772
vn -0.8089 -0.4997 -0.3097
vn -0.5721 -0.7590 -0.3109
vn -0.2197 -0.9648 -0.1443
vn 0.3372 -0.9136 0.2271
vn 0.7044 -0.3800 0.5996
vn 0.6511 0.2490 0.7170
vn 0.4286 0.5753 0.6967
vn 0.1447 0.7472 0.6486
vn -0.4094 -0.3315 0.8500
vn 0.3597 -0.0829 0.9294
vn 0.6477 0.4461 0.6176
vn 0.4183 0.2423 0.8754
vn 0.5964 0.5995 0.5337
vn 0.3924 0.5759 0.7172
vn 0.4421 0.7398 0.5071
vn 0.0811 0.8228 0.5625
vn 0.0505 0.8172 0.5742
vn -0.2543 0.8305 0.4956
vn -0.2811 0.7823 0.5559
vn -0.4506 0.6810 0.5773
vn -0.3761 0.7478 0.5471
vn -0.4569 0.7484 0.4808
vn -0.3754 0.7573 0.5344
vn 0.6214 0.7832 0.0195
vn 0.4620 0.7309 -0.5023
vn 0.5059 0.8626 -0.0022
vn 0.3566 0.7407 -0.5693
vn 0.3268 0.9443 0.0392
vn 0.2178 0.8075 -0.5482
vn 0.0061 0.9927 0.1203
vn 0.0352 0.8629 -0.5041
vn -0.2669 0.9560 0.1220
vn -0.1416 0.8841 -0.4453
vn -0.4547 0.8869 0.0811
vn -0.3634 0.9264 0.0982
vn -0.3723 0.7916 -0.4845
vn -0.3036 0.8483 -0.4339
vn 0.1315 0.4274 -0.8945
vn -0.4130 0.2634 -0.8718
vn 0.1316 0.3867 -0.9128
vn -0.1930 0.1095 -0.9751
vn -0.3889 0.0861 -0.9173
vn -0.3071 0.3376 -0.8898
vn -0.3518 0.3708 -0.8595
vn -0.4550 0.2637 -0.8506
vn -0.6101 -0.1115 -0.7845
vn -0.7567 -0.2483 -0.6048
vn -0.8450 -0.3180 -0.4300
vn -0.0475 0.4863 -0.8725
vn -0.0337 0.4908 -0.8706
vn 0.4223 0.2356 -0.8753
vn 0.3264 0.2888 -0.9000
vn 0.6835 0.1681 -0.7103
vn 0.5493 0.3690 -0.7497
vn 0.8916 -0.1973 -0.4076
vn 0.9040 0.2680 -0.3330
vn 0.6610 -0.7397 0.1261
vn 0.8069 -0.5357 0.2488
vn 0.9268 -0.3724 0.0485
vn 0.2933 -0.5033 0.8128
vn 0.5345 -0.5050 0.6777
vn -0.4902 0.7030 0.5152
vn -0.4655 0.8775 0.1148
vn -0.2332 0.8488 -0.4744
vn 0.1332 0.5518 -0.8233
vn 0.3648 0.2813 -0.8876
vn -0.4761 0.6556 0.5861
vn -0.3180 0.9426 0.1015
vn 0.0826 0.8798 -0.4681
vn 0.4096 0.5193 -0.7500
vn 0.5806 0.2136 -0.7857
vn 0.6627 0.1105 -0.7407
vn 0.7383 0.0030 -0.6745
vn 0.7026 -0.4067 -0.5839
vn 0.4366 -0.8839 0.1677
vn 0.0741 -0.4958 0.8653
vn -0.0411 -0.1757 0.9836
vn -0.1940 -0.0976 0.9761
vn -0.3612 0.0802 0.9290
vn -0.4702 0.1310 0.8728
vn -0.5098 0.2076 0.8349
vn -0.4708 0.5247 0.7093
vn -0.1368 0.9647 0.2250
vn 0.3404 0.8430 -0.4165
vn 0.5803 0.4424 -0.6838
vn 0.6646 0.1584 -0.7302
vn 0.6937 -0.0138 -0.7202
vn 0.6897 -0.0524 -0.7222
vn 0.6247 -0.3235 -0.7107
vn 0.3975 -0.9026 0.1651
vn -0.0714 -0.6080 0.7907
vn -0.2144 -0.4940 0.8426
vn -0.3646 -0.3472 0.8640
vn -0.4589 -0.1079 0.8819
vn -0.2032 -0.9029 0.3788
vn -0.4705 -0.8139 0.3409
vn -0.5622 -0.5651 0.6038
vn -0.5411 -0.2057 0.8154
vn -0.5092 0.0074 0.8606
vn -0.4990 0.1279 0.8571
vn -0.3946 0.4332 0.8103
vn -0.0085 0.8898 0.4563
vn 0.5077 0.8438 -0.1740
vn 0.7154 0.4592 -0.5266
vn 0.7365 0.2161 -0.6411
vn 0.7130 0.0438 -0.6998
vn 0.6788 -0.0422 -0.7331
vn 0.6658 -0.1453 -0.7319
vn 0.5213 -0.7611 -0.3859
vn 0.0234 -0.9658 -0.2584
vn -0.5000 -0.8637 0.0637
vn -0.6559 -0.6001 0.4579
vn -0.6236 -0.2892 0.7263
vn -0.5930 -0.0864 0.8005
vn -0.5637 0.0430 0.8248
vn -0.4495 0.2509 0.8573
vn -0.0131 0.6294 0.7769
vn 0.5346 0.7841 0.3154
vn 0.7943 0.5868 -0.1577
vn 0.8219 0.3380 -0.4585
vn 0.7920 0.0984 -0.6025
vn 0.7736 -0.0681 -0.6300
vn 0.7729 -0.1667 -0.6122
vn 0.6582 -0.5407 -0.5238
vn -0.5314 -0.7189 0.4481
vn -0.6971 -0.3919 0.6003
vn -0.7503 -0.1967 0.6311
vn -0.6817 0.0350 0.7308
vn -0.3159 0.3867 0.8664
vn 0.1805 0.6465 0.7413
vn 0.6681 0.6555 0.3522
vn 0.8892 0.4555 -0.0434
vn 0.9054 0.1484 -0.3978
vn 0.8437 -0.1035 -0.5267
vn 0.8153 -0.2079 -0.5404
vn 0.6975 -0.4868 -0.5259
vn 0.2727 -0.9011 -0.3371
vn -0.2539 -0.9627 0.0930
vn -0.3697 0.5987 0.7105
vn 0.3400 0.7101 0.6165
vn 0.8466 0.4351 0.3067
vn 0.9880 0.1514 -0.0318
vn 0.9564 -0.1267 -0.2632
vn 0.9003 -0.2375 -0.3648
vn 0.6453 -0.6204 -0.4457
vn 0.0814 -0.9713 -0.2235
vn -0.3368 -0.9416 0.0026
vn -0.6067 -0.7867 0.1142
vn -0.8952 -0.3325 0.2967
vn -0.9346 -0.2684 0.2333
vn -0.8824 0.1201 0.4550
vn 0.9759 -0.0485 0.2127
vn 0.9575 -0.2881 0.0109
vn 0.4451 -0.8443 -0.2983
vn -0.4003 -0.8462 -0.3516
vn -0.1808 -0.9058 -0.3831
vn -0.6056 -0.7411 -0.2898
vn -0.9851 -0.1705 0.0202
vn -0.9383 -0.3226 -0.1249
vn -0.9759 0.0197 0.2174
vn -0.3782 0.6056 0.7001
vn 0.4017 0.6113 0.6819
vn 0.9236 0.2106 0.3202
vn 0.9785 -0.1868 0.0870
vn -0.0904 -0.6734 0.7338
vn 0.4004 0.3479 0.8477
vn 0.4988 0.4278 0.7538
vn 0.4872 0.4840 0.7269
vn 0.4626 0.2188 0.8592
vn 0.5700 0.2516 0.7822
vn 0.6268 0.2397 0.7414
vn 0.5688 0.0456 0.8212
vn 0.7247 0.0010 0.6890
vn 0.5770 -0.0159 0.8166
vn 0.6813 0.0278 0.7315
vn 0.7331 0.0720 0.6763
vn 0.4061 0.0480 0.9125
vn 0.8439 0.0839 0.5300
vn 0.8290 0.5172 0.2127
vn 0.4387 0.5426 0.7163
vn 0.4847 0.3537 0.8000
vn 0.3273 0.1574 0.9317
vn -0.1405 0.0207 0.9899
vn 0.2417 -0.4599 0.8544
vn 0.2768 -0.9217 0.2716
vn 0.1768 -0.9840 -0.0210
vn 0.5903 -0.7420 -0.3178
vn 0.0763 -0.8749 -0.4782
vn 0.3919 -0.3702 -0.8423
vn -0.0062 -0.3713 -0.9285
vn 0.2975 -0.3382 -0.8928
vn 0.0218 -0.2507 -0.9678
vn 0.2257 -0.1467 -0.9631
vn 0.1297 -0.1560 -0.9792
vn 0.2778 0.3569 -0.8919
vn 0.3093 0.3385 -0.8887
vn 0.4333 0.8415 -0.3228
vn 0.4471 0.8531 -0.2689
vn 0.4098 0.7733 0.4838
vn 0.3332 0.8340 0.4398
vn 0.3615 0.5563 0.7482
vn 0.1873 0.5649 0.8036
vn 0.4334 0.5553 0.7099
vn 0.5112 0.7057 0.4906
vn 0.4989 0.8027 -0.3268
vn 0.5424 0.7065 -0.4546
vn 0.5712 0.5813 -0.5795
vn -0.0829 0.2750 0.9579
vn 0.5636 0.8185 -0.1115
vn 0.4337 0.7638 0.4779
vn 0.2641 0.5526 0.7905
vn 0.0980 0.2197 0.9706
vn 0.0335 -0.0347 0.9988
vn 0.1283 -0.3049 0.9437
vn 0.5375 -0.7050 0.4627
vn 0.4596 -0.8773 0.1382
vn 0.1900 -0.8585 -0.4764
vn 0.0477 -0.3856 -0.9214
vn -0.0427 -0.1658 -0.9852
vn 0.1178 -0.0194 -0.9929
vn 0.4437 0.4433 -0.7789
vn 0.0886 -0.3815 -0.9201
vn 0.1196 -0.2545 -0.9597
vn 0.4350 -0.0122 -0.9003
vn 0.7000 0.3847 -0.6017
vn 0.7652 0.6436 0.0137
vn 0.6376 0.5750 0.5126
vn 0.5585 0.3412 0.7561
vn 0.3909 0.1320 0.9109
vn 0.2261 -0.1220 0.9664
vn 0.2831 -0.4024 0.8706
vn -0.3020 -0.8670 0.3964
vn -0.2338 -0.9718 0.0298
vn 0.1262 -0.7676 -0.6284
vn -0.7260 -0.2668 0.6339
vn -0.8912 -0.3760 0.2537
vn -0.8775 -0.4377 -0.1961
vn -0.4968 -0.6214 -0.6058
vn -0.0121 -0.5141 -0.8576
vn 0.2178 -0.4130 -0.8843
vn 0.6090 -0.2281 -0.7597
vn 0.9220 0.1065 -0.3722
vn 0.9281 0.3290 0.1744
vn 0.7150 0.3524 0.6038
vn 0.5242 0.2920 0.8000
vn 0.1963 0.1511 0.9688
vn -0.1018 -0.0225 0.9946
vn -0.7889 -0.5977 -0.1431
vn -0.8316 -0.5120 -0.2153
vn -0.4491 -0.6815 -0.5779
vn -0.3645 -0.7552 -0.5448
vn 0.0082 -0.6406 -0.7678
vn 0.0693 -0.7245 -0.6857
vn 0.3283 -0.5195 -0.7889
vn 0.4385 -0.6250 -0.6458
vn 0.6625 -0.3595 -0.6572
vn 0.7384 -0.4698 -0.4838
vn 0.9440 -0.0911 -0.3170
vn 0.9497 -0.2136 -0.2291
vn 0.9669 0.2058 0.1509
vn 0.9951 0.0941 -0.0306
vn 0.7191 0.3747 0.5852
vn 0.7367 0.4266 0.5246
vn 0.4387 0.3560 0.8251
vn 0.3024 0.4277 0.8519
vn 0.1741 0.2716 0.9465
vn 0.2054 0.3619 0.9093
vn -0.2603 0.1678 0.9508
vn -0.1435 0.2774 0.9500
vn -0.6530 -0.0746 0.7537
vn -0.6082 0.0449 0.7925
vn -0.9226 -0.3250 0.2079
vn -0.8810 -0.2993 0.3664
vn 0.3526 0.4235 0.8344
vn 0.2441 0.4263 0.8710
vn 0.1837 0.3665 0.9121
vn 0.1107 0.3535 0.9289
vn -0.0001 0.2640 0.9645
vn 0.0387 0.2626 0.9641
vn -0.4012 0.0156 0.9159
vn -0.1385 0.0928 0.9860
vn -0.7411 -0.3928 0.5445
vn -0.5469 -0.3625 0.7546
vn -0.6904 -0.7228 -0.0292
vn -0.6149 -0.7863 0.0600
vn -0.2345 -0.8276 -0.5100
vn -0.2037 -0.8133 -0.5450
vn 0.3506 -0.6978 -0.6247
vn 0.1088 -0.5338 -0.8386
vn 0.7785 -0.4307 -0.4566
vn 0.3822 -0.1834 -0.9057
vn 0.8098 -0.2491 -0.5311
vn 0.8777 -0.0283 -0.4783
vn 0.6334 0.0728 -0.7704
vn 0.7988 0.4311 0.4196
vn 0.8995 0.4056 0.1627
vn 0.5270 0.4510 0.7203
vn 0.2031 0.3673 0.9076
vn 0.0613 0.2996 0.9521
vn 0.3297 0.3129 0.8907
vn -0.0625 0.1667 0.9840
vn 0.1113 0.0838 0.9902
vn -0.3612 -0.2330 0.9029
vn -0.1337 -0.2762 0.9518
vn -0.5952 -0.6885 0.4143
vn -0.3332 -0.6803 0.6528
vn -0.5126 -0.8054 -0.2976
vn -0.3453 -0.9385 -0.0067
vn -0.2088 -0.4880 -0.8475
vn -0.0566 -0.6207 -0.7820
vn 0.1826 -0.0412 -0.9823
vn 0.4196 -0.0365 -0.9070
vn 0.6257 0.2435 -0.7411
vn 0.7424 0.3514 -0.5704
vn 0.9014 0.4328 0.0105
vn 0.8497 0.5184 -0.0968
vn 0.5583 0.4630 0.6885
vn 0.7505 0.5398 0.3813
vn 0.8531 -0.5043 0.1340
vn -0.5507 -0.1435 0.8223
vn -0.8452 -0.1555 0.5113
vn -0.9485 -0.2732 0.1605
vn -0.9717 -0.2340 0.0311
vn -0.8408 -0.5187 0.1550
vn -0.8216 -0.4823 0.3038
vn -0.8976 -0.4113 0.1587
vn -0.9156 -0.3855 0.1140
vn -0.8824 -0.3957 0.2546
vn -0.9268 -0.3300 0.1793
vn -0.9437 -0.2443 0.2231
vn -0.9497 -0.2139 0.2289
vn -0.8902 -0.3754 0.2581
vn -0.9543 -0.1989 0.2230
vn 0.9195 -0.3000 0.2541
vn 0.9149 -0.4012 0.0452
vn 0.9673 -0.2380 0.0873
vn 0.9025 -0.4140 -0.1191
vn 0.9851 -0.0126 0.1716
vn 0.9675 -0.2055 0.1476
vn 0.8590 -0.4983 -0.1175
vn 0.8891 -0.4405 -0.1247
vn 0.8693 -0.4351 -0.2347
vn 0.8382 -0.4729 -0.2717
vn 0.8386 -0.5062 -0.2012
vn 0.8465 -0.5128 -0.1430
vn 0.8418 -0.5235 -0.1316
vn 0.6886 -0.4050 -0.6015
vn 0.6571 -0.4500 -0.6047
vn 0.7018 -0.3873 -0.5979
vn 0.7331 -0.3226 -0.5987
vn 0.9426 -0.3165 0.1060
vn 0.9507 -0.2922 0.1038
vn -0.9202 -0.1862 -0.3443
vn -0.8448 -0.2192 -0.4881
vn -0.9117 -0.0670 -0.4053
vn -0.9808 -0.0801 -0.1776
vn -0.9536 -0.2566 -0.1573
vn -0.0134 0.5659 -0.8244
vn 0.0478 0.5529 -0.8319
vn 0.0897 0.4728 -0.8766
vn -0.2610 0.2310 -0.9373
vn -0.0825 0.2706 -0.9592
vn 0.0206 0.4743 -0.8801
vn -0.0084 0.4235 -0.9058
vn 0.0440 0.4542 -0.8898
vn 0.1503 0.3943 -0.9066
vn -0.1562 0.3786 -0.9123
vn 0.0022 0.5734 -0.8193
vn -0.0707 0.5050 -0.8602
vn 0.0896 0.5508 -0.8298
vn 0.2704 0.4570 -0.8474
vn -0.2430 0.4478 -0.8605
vn -0.0179 0.6598 -0.7513
vn -0.1381 0.5816 -0.8016
vn -0.3369 0.4631 -0.8198
vn -0.0176 0.6077 -0.7940
vn -0.2285 0.5581 -0.7977
vn -0.4507 0.3564 -0.8184
vn -0.0347 0.4330 -0.9007
vn -0.2851 0.4315 -0.8559
vn 0.1198 0.6560 -0.7452
vn 0.4044 0.5698 -0.7154
vn 0.2812 0.6029 -0.7466
vn 0.1509 0.5920 -0.7917
vn 0.3807 0.4829 -0.7886
vn 0.3322 0.5188 -0.7877
vn 0.2002 0.3780 -0.9039
vn 0.4608 0.1440 -0.8757
vn 0.3912 0.2785 -0.8772
vn 0.3108 0.5022 -0.8070
vn 0.3302 0.0257 -0.9436
vn 0.4683 -0.2271 -0.8539
vn 0.5713 -0.0663 -0.8180
vn 0.5876 -0.2692 -0.7631
vn 0.6700 -0.1663 -0.7235
vn 0.6578 -0.2413 -0.7135
vn 0.7509 -0.1096 -0.6513
vn 0.4875 0.0859 -0.8689
vn 0.2622 0.2047 -0.9431
vn 0.0096 0.2710 -0.9625
vn 0.5580 -0.0246 -0.8295
vn 0.3060 0.1031 -0.9464
vn 0.0255 0.1462 -0.9889
vn 0.5294 0.0142 -0.8482
vn 0.3078 0.0225 -0.9512
vn 0.0616 0.0134 -0.9980
vn -0.3032 0.2720 -0.9133
vn -0.5425 0.1881 -0.8187
vn -0.6582 0.0624 -0.7503
vn -0.3034 0.1233 -0.9449
vn -0.6029 0.0339 -0.7971
vn -0.7472 -0.0842 -0.6592
vn -0.2998 0.0003 -0.9540
vn -0.5757 -0.0038 -0.8176
vn -0.8175 -0.0694 -0.5717
vn 0.7762 -0.2672 -0.5710
vn 0.8282 -0.0896 -0.5533
vn 0.5202 -0.0339 -0.8534
vn 0.8375 -0.2379 -0.4919
vn 0.8704 -0.1598 -0.4656
vn 0.5560 -0.1522 -0.8171
vn 0.8589 -0.1867 -0.4768
vn 0.9085 -0.0407 -0.4159
vn 0.5962 -0.0606 -0.8005
vn 0.9351 -0.0416 -0.3521
vn 0.9116 0.1471 -0.3839
vn 0.4717 0.0735 -0.8787
vn 0.9672 0.1262 -0.2204
vn 0.8666 0.1200 -0.4844
vn 0.3731 0.0425 -0.9268
vn 0.2755 -0.0523 -0.9599
vn 0.0597 -0.0692 -0.9958
vn -0.3202 -0.0657 -0.9451
vn 0.2332 -0.1084 -0.9664
vn 0.0664 -0.1081 -0.9919
vn -0.3190 -0.0984 -0.9426
vn 0.2570 -0.1016 -0.9611
vn 0.0560 -0.1077 -0.9926
vn -0.2873 -0.0493 -0.9566
vn 0.2758 -0.0487 -0.9600
vn 0.1135 -0.0315 -0.9930
vn -0.3067 0.0095 -0.9518
vn 0.3264 0.0135 -0.9451
vn 0.0418 0.0901 -0.9951
vn -0.3420 0.0502 -0.9384
vn -0.8818 -0.0758 -0.4655
vn -0.8015 -0.2771 -0.5299
vn -0.5353 -0.0586 -0.8426
vn -0.8227 -0.0826 -0.5624
vn -0.5079 -0.1454 -0.8491
vn -0.7972 -0.1557 -0.5833
vn -0.7978 -0.2003 -0.5687
vn -0.6448 -0.0851 -0.7596
vn -0.6606 -0.0299 -0.7501
vn -0.8823 0.0492 -0.4681
vn -0.8511 0.0145 -0.5248
vn -0.9792 -0.0322 -0.2005
vn -0.9803 -0.0094 0.1974
vn -0.7097 -0.1397 0.6905
vn -0.8697 -0.3891 0.3036
vn -0.5543 0.0827 -0.8282
vn 0.9728 0.0595 0.2241
vn 0.9741 0.1095 -0.1978
vn 0.9781 0.0927 0.1863
vn 0.9611 0.0873 -0.2621
vn 0.9797 0.0870 0.1809
vn 0.9521 -0.0038 -0.3058
vn 0.8291 0.0725 -0.5543
vn 0.3717 0.0393 -0.9275
vn 0.7507 0.0397 -0.6594
vn 0.3811 0.0197 -0.9243
vn 0.6673 -0.0807 -0.7404
vn 0.3956 -0.0314 -0.9179
vn 0.3922 0.0817 -0.9162
vn -0.0075 0.1681 -0.9857
vn 0.4936 0.0850 -0.8655
vn -0.0098 0.1751 -0.9845
vn 0.5462 0.0640 -0.8352
vn -0.0061 0.1637 -0.9865
vn -0.4467 0.0907 -0.8901
vn -0.5158 0.0672 -0.8541
vn -0.5563 0.0816 -0.8270
vn -0.5439 -0.0447 -0.8380
vn -0.6035 0.0632 -0.7949
vn -0.5859 -0.0797 -0.8064
vn -0.8348 0.1703 -0.5235
vn -0.9229 0.1595 -0.3505
vn -0.9858 0.0831 -0.1460
vn -0.8204 -0.0937 -0.5641
vn -0.9619 -0.0784 -0.2620
vn -0.9865 -0.0547 -0.1546
vn -0.7958 -0.1749 -0.5798
vn -0.9415 -0.1920 -0.2770
vn -0.9742 -0.1347 -0.1808
vn -0.9824 0.0481 0.1807
vn -0.6447 -0.0303 0.7638
vn -0.9937 0.0251 0.1095
vn -0.5722 -0.0104 0.8201
vn -0.9943 0.0497 0.0944
vn -0.5625 0.0311 0.8262
vn -0.8894 -0.1691 0.4247
vn -0.8611 -0.1398 0.4888
vn -0.9347 -0.1119 0.3374
vn -0.9793 -0.1204 -0.1625
vn -0.8833 -0.1150 0.4546
vn -0.9807 -0.0959 -0.1704
vn -0.9113 -0.0868 0.4025
vn -0.9869 -0.0812 -0.1391
vn -0.9127 -0.0725 0.4022
vn -0.5577 -0.0877 0.8254
vn -0.2951 -0.0901 0.9512
vn -0.5575 -0.0498 0.8287
vn -0.2396 -0.0438 0.9699
vn -0.5584 -0.0239 0.8293
vn -0.2000 -0.0059 0.9798
vn -0.1203 -0.1130 0.9863
vn 0.1920 -0.0881 0.9774
vn 0.3375 -0.0482 0.9401
vn 0.2696 -0.0727 0.9602
vn -0.0382 -0.0729 0.9966
vn 0.1570 -0.1049 0.9820
vn 0.3187 -0.1091 0.9416
vn 0.3588 -0.1378 0.9232
vn 0.0144 -0.0296 0.9995
vn 0.1746 -0.0820 0.9812
vn 0.3160 -0.1439 0.9378
vn 0.3944 -0.2041 0.8960
vn 0.3129 -0.1350 0.9401
vn 0.6275 -0.2751 0.7284
vn 0.8595 -0.3205 0.3981
vn 0.4115 -0.1971 0.8898
vn 0.7336 -0.2904 0.6144
vn 0.8084 -0.2604 0.5279
vn 0.4685 -0.2522 0.8467
vn 0.7705 -0.2524 0.5854
vn 0.7665 -0.1504 0.6244
vn 0.9024 -0.1362 0.4089
vn 0.7686 -0.0454 0.6381
vn 0.6967 0.0017 0.7174
vn 0.4274 -0.6364 -0.6421
vn 0.7302 -0.5875 -0.3488
vn 0.0510 -0.9927 -0.1091
vn 0.8556 -0.5102 -0.0873
vn -0.3664 -0.5413 -0.7568
vn -0.2090 -0.5633 -0.7993
vn 0.6027 -0.6480 0.4656
vn 0.5721 -0.6489 0.5016
vn -0.0675 -0.5806 -0.8114
vn 0.0860 -0.6048 -0.7918
vn 0.0025 -0.7836 0.6213
vn -0.4319 -0.6952 0.5745
vn -0.3521 -0.5307 -0.7710
vn -0.4035 -0.5340 -0.7430
vn -0.3159 -0.7521 0.5784
vn -0.5711 -0.7959 0.2008
vn -0.4668 -0.5718 -0.6746
vn -0.5413 -0.5175 -0.6627
vn 0.6190 -0.6590 0.4273
vn -0.5467 -0.5648 -0.6181
vn 0.5447 -0.6224 0.5621
vn 0.6785 -0.4616 -0.5715
vn 0.4571 -0.5647 -0.6872
vn -0.1834 -0.6917 0.6985
vn 0.6820 -0.7301 -0.0425
vn -0.6267 -0.7292 -0.2748
vn 0.4904 -0.6521 0.5781
vn 0.1571 -0.1472 0.9765
vn 0.1672 -0.1036 0.9805
vn 0.2300 -0.1081 0.9672
vn 0.2227 -0.1345 0.9656
vn 0.3800 -0.0708 0.9223
vn 0.6511 0.0314 0.7584
vn 0.6738 0.0345 0.7381
vn 0.3954 -0.0846 0.9146
vn 0.7753 0.1069 0.6225
vn 0.7467 0.1014 0.6574
vn 0.8265 0.1578 0.5404
vn 0.8235 0.1661 0.5424
vn 0.9245 0.2141 0.3152
vn 0.9528 0.2779 0.1222
vn 0.9384 0.3322 0.0954
vn 0.9124 0.2596 0.3163
vn 0.9221 0.3524 -0.1601
vn 0.8991 0.4046 -0.1672
vn 0.7910 0.3914 -0.4702
vn 0.5327 0.4046 -0.7433
vn 0.4970 0.4693 -0.7298
vn 0.7559 0.4614 -0.4644
vn 0.2808 0.4355 -0.8553
vn 0.2884 0.3855 -0.8765
vn 0.1638 0.3584 -0.9191
vn 0.1822 0.4010 -0.8978
vn 0.1244 0.3322 -0.9350
vn 0.1204 0.3200 -0.9397
vn 0.1273 0.3741 -0.9186
vn 0.1485 0.3799 -0.9130
vn 0.1788 -0.1074 0.9780
vn 0.2255 -0.1044 0.9686
vn 0.1307 -0.4158 0.9000
vn -0.0018 -0.3487 0.9372
vn -0.0617 -0.7822 0.6199
vn -0.2565 -0.6448 0.7200
vn -0.3541 -0.9351 0.0153
vn -0.6440 -0.7626 0.0609
vn -0.4305 -0.7022 0.5672
vn -0.2217 -0.7935 -0.5667
vn -0.4119 -0.6717 -0.6158
vn -0.1891 -0.6634 -0.7239
vn 0.0263 -0.5971 -0.8017
vn 0.0010 -0.5692 -0.8222
vn 0.0466 -0.3424 -0.9384
vn 0.0547 0.0127 -0.9984
vn 0.0942 0.0294 -0.9951
vn 0.0960 -0.3448 -0.9337
vn 0.0960 0.2410 -0.9658
vn 0.0960 0.2485 -0.9639
vn 0.3237 -0.0876 0.9421
vn 0.5376 -0.0232 0.8429
vn 0.6674 0.0648 0.7419
vn 0.8264 0.1208 0.5500
vn 0.9389 0.1346 0.3168
vn 0.9733 0.1710 0.1533
vn 0.9604 0.1906 -0.2034
vn 0.8380 0.1953 -0.5095
vn 0.6068 0.2001 -0.7693
vn 0.3428 0.2310 -0.9106
vn 0.1743 0.2437 -0.9541
vn 0.1569 -0.1347 0.9784
vn 0.3375 0.0107 0.9413
vn 0.5673 0.0787 0.8197
vn 0.7673 0.1470 0.6242
vn 0.9424 0.1779 0.2831
vn 0.9930 0.1075 0.0492
vn 0.9606 0.0178 -0.2773
vn 0.7884 -0.0518 -0.6130
vn 0.6320 -0.0591 -0.7727
vn 0.4297 -0.0399 -0.9021
vn 0.2514 0.0060 -0.9679
vn -0.0830 -0.4400 0.8941
vn 0.1662 -0.1835 0.9689
vn 0.4580 0.0589 0.8870
vn 0.7457 0.1987 0.6360
vn 0.9637 0.1811 0.1961
vn 0.9836 0.1063 -0.1454
vn 0.0000 0.3210 -0.9471
vn -0.0000 0.3771 -0.9262
vn 0.0000 0.2392 -0.9710
vn -0.0000 0.0199 -0.9998
vn -0.0000 -0.2925 -0.9563
vn 0.0000 -0.8093 -0.5874
vn 0.0000 -0.5793 -0.8151
vn -0.0000 -1.0000 -0.0047
vn -0.0000 -0.8246 0.5658
vn 0.0000 -0.4912 0.8710
vn 0.0000 -0.1118 0.9937
vn 0.0000 -0.0963 0.9953
vn 0.0000 -0.1528 0.9883
vn 0.8613 -0.0003 -0.5081
vn 0.9113 -0.0453 -0.4091
vn 0.6866 -0.1317 -0.7150
vn 0.5066 -0.2453 -0.8266
vn 0.3656 -0.3056 -0.8792
vn 0.2456 -0.3381 -0.9085
vn 0.5957 -0.0946 -0.7976
vn 0.3690 -0.2185 -0.9034
vn 0.1448 -0.4243 -0.8939
vn 0.7905 0.0575 0.6098
vn 0.9421 0.1738 0.2869
vn 0.9575 0.1770 0.2277
vn 0.7789 0.1433 0.6106
vn 0.9706 0.2133 -0.1116
vn 0.9668 0.1696 -0.1913
vn 0.8851 0.1684 -0.4338
vn 0.8801 0.0933 -0.4655
vn 0.6676 0.0517 -0.7427
vn 0.6223 -0.0226 -0.7825
vn 0.3570 -0.0226 -0.9338
vn 0.3388 -0.0991 -0.9356
vn -0.0384 -0.1493 -0.9881
vn 0.0223 -0.2813 -0.9594
vn -0.3827 -0.2465 -0.8904
vn -0.2141 -0.4734 -0.8545
vn -0.5404 -0.2808 -0.7932
vn -0.3664 -0.5163 -0.7741
vn -0.7943 -0.4427 -0.4161
vn -0.6473 -0.4985 -0.5767
vn -0.8105 -0.5585 0.1766
vn -0.7964 -0.5922 0.1227
vn -0.6190 -0.4778 0.6234
vn -0.5428 -0.5735 0.6136
vn -0.5245 -0.3654 0.7690
vn -0.4044 -0.5565 0.7258
vn -0.3669 -0.2714 0.8898
vn -0.2344 -0.4966 0.8357
vn 0.0620 -0.1981 0.9782
vn 0.0420 -0.3010 0.9527
vn 0.5239 -0.1036 0.8454
vn 0.4784 -0.0420 0.8772
vn 0.6596 0.1372 -0.7390
vn 0.3406 0.1414 -0.9295
vn 0.3489 0.0044 -0.9371
vn 0.6509 0.0512 -0.7575
vn -0.1271 0.1023 -0.9866
vn -0.1007 -0.1012 -0.9898
vn -0.4114 0.0421 -0.9105
vn -0.3759 -0.0896 -0.9223
vn -0.6202 -0.1791 -0.7637
vn -0.5846 -0.1546 -0.7965
vn -0.8336 -0.4428 -0.3301
vn -0.8183 -0.4268 -0.3851
vn -0.8251 -0.5530 0.1154
vn -0.8048 -0.5792 0.1294
vn -0.7443 -0.4861 0.4579
vn -0.6880 -0.4713 0.5519
vn -0.6677 -0.3292 0.6677
vn -0.6026 -0.3002 0.7394
vn -0.4373 -0.2033 0.8760
vn -0.4205 -0.2252 0.8789
vn 0.0771 -0.1195 0.9898
vn 0.0901 -0.1590 0.9832
vn 0.5248 -0.0452 0.8500
vn 0.5094 -0.0820 0.8566
vn 0.7224 -0.0115 0.6914
vn 0.7436 0.0111 0.6686
vn 0.9426 0.1055 0.3168
vn 0.9511 0.1319 0.2795
vn 0.9695 0.1673 -0.1791
vn 0.9809 0.1368 -0.1384
vn 0.8645 0.1388 -0.4831
vn 0.8829 0.0843 -0.4620
vn -0.8571 0.1980 -0.4756
vn -0.9938 0.0155 -0.1101
vn -0.8969 -0.3588 -0.2586
vn -0.7657 -0.1582 -0.6235
vn -0.9849 -0.0761 0.1553
vn -0.8917 -0.4316 0.1361
vn -0.9392 0.0001 0.3434
vn -0.8419 -0.3690 0.3937
vn -0.7713 0.0578 0.6338
vn -0.7280 -0.2829 0.6245
vn -0.4330 0.0796 0.8979
vn -0.4218 -0.2156 0.8807
vn 0.0677 0.2034 0.9768
vn 0.1249 -0.1046 0.9866
vn 0.5169 0.3035 0.8004
vn 0.5578 0.0000 0.8300
vn 0.7203 0.2988 0.6260
vn 0.7492 0.0226 0.6620
vn 0.8696 0.3419 0.3562
vn 0.9361 0.0887 0.3404
vn 0.8906 0.4483 -0.0761
vn 0.9628 0.2086 -0.1718
vn 0.7581 0.4859 -0.4349
vn 0.8426 0.2727 -0.4644
vn 0.5818 0.4447 -0.6810
vn 0.6355 0.2828 -0.7185
vn 0.3401 0.4064 -0.8481
vn 0.3539 0.2567 -0.8994
vn -0.0103 0.3627 -0.9318
vn -0.0446 0.1942 -0.9799
vn -0.5063 0.2890 -0.8125
vn -0.5339 0.0382 -0.8447
vn 0.0325 0.1907 0.9811
vn 0.4772 0.2751 0.8346
vn 0.1925 -0.5555 0.8089
vn 0.5786 -0.4731 0.6644
vn 0.2182 -0.9156 0.3377
vn 0.3682 -0.9082 0.1991
vn 0.7344 0.3241 0.5963
vn 0.8520 0.3950 0.3435
vn 0.8770 0.4753 -0.0697
vn 0.7608 0.4345 -0.4821
vn 0.5596 0.3560 -0.7484
vn 0.3242 0.3018 -0.8966
vn -0.0000 0.2889 -0.9574
vn -0.4289 0.2329 -0.8728
vn -0.8263 0.2007 -0.5262
vn -0.9852 0.1205 -0.1220
vn -0.9897 0.0633 0.1287
vn -0.9290 0.0780 0.3617
vn -0.7597 0.0730 0.6461
vn -0.4393 0.0975 0.8931
vn -0.2670 -0.6045 0.7505
vn -0.5539 -0.6203 0.5554
vn -0.7451 -0.5877 0.3152
vn -0.8180 -0.5734 0.0452
vn -0.7741 -0.5989 -0.2053
vn -0.6030 -0.5954 -0.5310
vn -0.2035 -0.6205 -0.7573
vn 0.1360 -0.5830 -0.8010
vn 0.3529 -0.4974 -0.7925
vn 0.5418 -0.4564 -0.7058
vn 0.7589 -0.4203 -0.4975
vn 0.9024 -0.4264 -0.0625
vn 0.8636 -0.4293 0.2643
vn 0.7600 -0.4937 0.4227
vn 0.3622 -0.9299 0.0640
vn 0.3398 -0.9396 0.0421
vn 0.3214 -0.9447 -0.0646
vn 0.3127 -0.9227 -0.2252
vn 0.2554 -0.9085 -0.3308
vn 0.2001 -0.9202 -0.3365
vn 0.1530 -0.9467 -0.2835
vn 0.0284 -0.9670 -0.2534
vn -0.1259 -0.9643 -0.2330
vn -0.2702 -0.9459 -0.1798
vn -0.3414 -0.9391 -0.0395
vn -0.2944 -0.9470 0.1287
vn -0.1799 -0.9497 0.2561
vn -0.0362 -0.9386 0.3430
vn -0.9701 -0.0930 -0.2241
vn -0.9577 -0.0803 -0.2765
vn -0.7576 0.0598 -0.6500
vn -0.7977 0.0562 -0.6005
vn -0.4088 0.1630 -0.8979
vn -0.4292 0.1995 -0.8809
vn -0.0178 0.2072 -0.9781
vn 0.0010 0.2653 -0.9642
vn 0.2582 0.2145 -0.9420
vn 0.2852 0.2639 -0.9214
vn 0.5259 0.2066 -0.8251
vn 0.5300 0.2406 -0.8132
vn 0.7752 0.1988 -0.5997
vn 0.7753 0.2217 -0.5914
vn 0.9478 0.2055 -0.2439
vn 0.9498 0.2212 -0.2213
vn 0.9643 0.1816 0.1929
vn 0.9581 0.1743 0.2271
vn 0.8543 0.1227 0.5050
vn 0.8211 0.0854 0.5644
vn 0.6486 0.0395 0.7601
vn 0.6010 -0.0039 0.7993
vn 0.1690 -0.0777 0.9825
vn 0.1564 -0.1107 0.9815
vn -0.4009 -0.1594 0.9022
vn -0.4007 -0.1870 0.8969
vn -0.6858 -0.1889 0.7029
vn -0.6947 -0.2066 0.6890
vn -0.8502 -0.2167 0.4798
vn -0.8567 -0.2242 0.4645
vn -0.9686 -0.1954 0.1536
vn -0.9685 -0.1987 0.1500
vn -0.9595 -0.2539 -0.1217
vn -0.9807 -0.1531 -0.1214
vn -0.8653 -0.0053 -0.5013
vn -0.8476 -0.1288 -0.5148
vn -0.4672 0.1918 -0.8631
vn -0.4282 0.0683 -0.9011
vn 0.0272 0.3023 -0.9528
vn 0.1149 0.2102 -0.9709
vn 0.3434 0.3038 -0.8887
vn 0.4240 0.2372 -0.8741
vn 0.5527 0.2712 -0.7880
vn 0.6081 0.2239 -0.7616
vn 0.7819 0.2441 -0.5737
vn 0.8060 0.2010 -0.5568
vn 0.9611 0.2145 -0.1740
vn 0.9766 0.1425 -0.1610
vn 0.9509 0.1235 0.2837
vn 0.9490 0.0362 0.3132
vn 0.7789 0.0051 0.6272
vn 0.7649 -0.0688 0.6405
vn 0.5681 -0.0866 0.8184
vn 0.5416 -0.1645 0.8244
vn 0.1849 -0.1965 0.9629
vn 0.1544 -0.2882 0.9450
vn -0.3540 -0.2718 0.8949
vn -0.3600 -0.3612 0.8602
vn -0.6856 -0.2744 0.6743
vn -0.6895 -0.3609 0.6279
vn -0.8506 -0.2714 0.4503
vn -0.8532 -0.3474 0.3891
vn -0.9552 -0.2394 0.1739
vn -0.9365 -0.3156 0.1529
vn -0.9284 -0.3263 -0.1779
vn -0.9277 -0.3400 -0.1540
vn -0.7978 -0.2447 -0.5511
vn -0.7563 -0.2701 -0.5958
vn -0.3600 -0.0801 -0.9295
vn -0.2771 -0.1607 -0.9473
vn 0.1708 0.0644 -0.9832
vn 0.2382 -0.0493 -0.9700
vn 0.4866 0.1197 -0.8654
vn 0.5580 0.0041 -0.8298
vn 0.6671 0.1215 -0.7350
vn 0.7385 -0.0022 -0.6742
vn 0.8517 0.0974 -0.5149
vn 0.9010 -0.0222 -0.4333
vn 0.9919 0.0419 -0.1199
vn 0.9986 -0.0401 -0.0332
vn 0.9452 -0.0314 0.3251
vn 0.9304 -0.0542 0.3624
vn 0.7585 -0.0948 0.6447
vn 0.7454 -0.0688 0.6631
vn 0.4964 -0.1710 0.8511
vn 0.4199 -0.1095 0.9010
vn 0.0760 -0.2828 0.9562
vn -0.0507 -0.1911 0.9803
vn -0.4152 -0.3599 0.8355
vn -0.5364 -0.2708 0.7993
vn -0.7277 -0.3829 0.5691
vn -0.8115 -0.3167 0.4911
vn -0.8626 -0.3889 0.3236
vn -0.9018 -0.3417 0.2644
vn -0.9183 -0.3802 0.1107
vn -0.9336 -0.3490 0.0816
vn -0.9367 -0.2498 -0.2455
vn -0.6798 -0.2477 -0.6903
vn -0.1474 -0.1868 -0.9713
vn 0.3275 -0.1146 -0.9379
vn 0.6453 -0.0713 -0.7606
vn 0.8147 -0.0765 -0.5748
vn 0.9393 -0.0792 -0.3337
vn 0.9963 -0.0527 0.0672
vn 0.9087 -0.0314 0.4163
vn 0.7079 -0.0243 0.7059
vn 0.2930 -0.0378 0.9554
vn -0.2342 -0.0845 0.9685
vn -0.7085 -0.1513 0.6893
vn -0.8994 -0.1997 0.3888
vn -0.9474 -0.2224 0.2302
vn -0.9725 -0.2303 0.0343
vn 0.4030 -0.1046 -0.9092
vn 0.7296 -0.0714 -0.6801
vn 0.8730 -0.0775 -0.4816
vn 0.9625 -0.0687 -0.2624
vn 0.9883 -0.0096 0.1520
vn 0.8741 0.0235 0.4851
vn 0.6341 0.0271 0.7728
vn 0.1601 0.0324 0.9866
vn -0.3859 0.0092 0.9225
vn -0.8124 -0.0338 0.5822
vn -0.9346 -0.0742 0.3479
vn -0.9699 -0.0960 0.2236
vn -0.9929 -0.1138 -0.0360
vn -0.9223 -0.1700 -0.3472
vn -0.6019 -0.2046 -0.7719
vn -0.0547 -0.1629 -0.9851
vn 0.9749 0.0173 -0.2218
vn 0.9716 -0.0286 -0.2349
vn 0.9737 0.0453 0.2231
vn 0.9545 0.0395 0.2954
vn 0.8162 0.0646 0.5741
vn 0.7568 0.0547 0.6514
vn 0.5661 0.0745 0.8209
vn 0.5688 0.1010 0.8163
vn 0.1082 0.1265 0.9861
vn 0.2006 0.2568 0.9454
vn -0.4702 0.1424 0.8710
vn -0.4166 0.3365 0.8445
vn -0.8461 0.0894 0.5255
vn -0.7780 0.2963 0.5541
vn -0.9328 0.0653 0.3544
vn -0.8826 0.3000 0.3621
vn -0.9807 0.0361 0.1921
vn -0.9654 0.2425 0.0958
vn -0.9905 -0.0303 -0.1344
vn -0.9623 0.0801 -0.2598
vn -0.8813 -0.1104 -0.4594
vn -0.8570 -0.0318 -0.5143
vn -0.5552 -0.1421 -0.8195
vn -0.6016 -0.0668 -0.7960
vn -0.0353 -0.0951 -0.9948
vn -0.1241 -0.0447 -0.9913
vn 0.4856 -0.0510 -0.8727
vn 0.5066 -0.0170 -0.8620
vn 0.8175 -0.0457 -0.5741
vn 0.8579 -0.0125 -0.5137
vn 0.9004 -0.0649 -0.4301
vn 0.9016 -0.0043 -0.4325
vn 0.9524 -0.0187 0.3042
vn 0.7897 0.0954 0.6061
vn 0.8715 0.0869 0.4827
vn 0.9728 -0.0594 0.2239
vn 0.8039 0.5947 -0.0073
vn 0.9291 0.3604 0.0829
vn 0.9293 0.2550 0.2672
vn 0.7882 0.4382 0.4321
vn 0.9954 -0.0131 0.0950
vn 0.9913 -0.0597 0.1171
vn 0.9935 0.0884 0.0714
vn 0.9911 0.0396 0.1269
vn 0.8400 0.4370 0.3216
vn 0.8450 0.4348 0.3115
vn 0.7960 0.6052 -0.0093
vn 0.7769 0.6213 -0.1022
vn 0.6852 0.6441 -0.3400
vn 0.7089 0.6760 -0.2011
vn 0.4372 0.6181 -0.6533
vn 0.4180 0.6015 -0.6808
vn -0.0993 0.6459 -0.7569
vn -0.1329 0.5977 -0.7906
vn -0.4689 0.6904 -0.5510
vn -0.5602 0.7172 -0.4143
vn 0.7250 0.2117 0.6554
vn 0.8446 0.5350 0.0202
vn 0.3739 0.3813 0.8455
vn 0.6983 0.7031 0.1344
vn -0.3093 0.5060 0.8052
vn -0.0857 0.9348 0.3448
vn -0.7145 0.4423 0.5422
vn -0.5902 0.8068 0.0266
vn -0.8846 0.3302 0.3292
vn -0.6979 0.7161 -0.0132
vn -0.9726 0.2299 -0.0349
vn -0.7369 0.6551 0.1666
vn -0.7264 0.6854 -0.0504
vn -0.7381 0.6742 -0.0256
vn -0.6608 0.7351 -0.1518
vn -0.6583 0.7366 -0.1551
vn 0.9854 -0.0158 -0.1698
vn 0.8765 -0.2929 -0.3820
vn 0.8279 -0.2052 -0.5220
vn 0.6915 -0.1853 -0.6983
vn 0.3371 -0.2271 -0.9137
vn -0.0503 -0.2795 -0.9588
vn -0.4760 -0.2587 -0.8405
vn -0.7662 -0.2087 -0.6078
vn -0.8903 -0.1435 -0.4321
vn -0.6323 0.0263 -0.7743
vn -0.1723 -0.0088 -0.9850
vn 0.5122 -0.0069 -0.8589
vn 0.8613 0.0297 -0.5073
vn 0.9011 0.0318 -0.4325
vn -0.9168 0.1337 -0.3764
vn -0.8406 0.0721 -0.5369
vn -0.8267 0.5626 -0.0089
vn -0.8444 0.5107 -0.1619
vn -0.7503 0.6171 -0.2371
vn -0.4710 0.8802 0.0581
vn 0.0094 0.9855 0.1695
vn 0.5177 0.8392 0.1666
vn 0.7395 0.6717 0.0446
vn 0.7823 0.6206 -0.0540
vn 0.9938 0.0653 -0.0897
vn 0.9959 0.0114 0.0902
vn 0.7858 0.2740 -0.5545
vn 0.7250 -0.3894 -0.5681
vn 0.7193 -0.3434 -0.6039
vn 0.6410 -0.2530 -0.7247
vn 0.2597 -0.2866 -0.9222
vn -0.1357 -0.4003 -0.9063
vn -0.3678 -0.4250 -0.8271
vn -0.6240 -0.3419 -0.7027
vn -0.8414 -0.2191 -0.4940
vn -0.9701 0.0097 -0.2424
vn -0.9972 0.0226 -0.0716
vn -0.9778 -0.0158 -0.2087
vn -0.9521 0.1037 -0.2878
vn -0.7806 -0.0360 -0.6240
vn -0.6307 0.5852 -0.5096
vn -0.9121 0.2377 -0.3340
vn -0.9987 0.0036 -0.0508
vn -0.9795 -0.0102 -0.2010
vn -0.9236 -0.0512 -0.3799
vn 0.9197 0.3814 0.0933
vn 0.9963 0.0858 -0.0014
vn 0.7086 0.6667 0.2309
vn 0.5304 0.7659 0.3635
vn 0.2807 0.8539 0.4382
vn -0.0128 0.9022 0.4310
vn -0.3969 0.8799 0.2612
vn -0.7851 0.6130 -0.0888
vn -0.9329 0.0778 -0.3516
vn 0.9938 0.1107 -0.0116
vn 0.9083 -0.1322 -0.3969
vn 0.6165 -0.0827 -0.7830
vn 0.1485 -0.0794 -0.9857
vn -0.1911 -0.0584 -0.9798
vn -0.4561 -0.0306 -0.8894
vn -0.7086 -0.0330 -0.7048
vn -0.8583 -0.0570 -0.5100
vn -0.6583 0.6519 -0.3764
vn -0.5468 0.7030 -0.4548
vn -0.3061 0.7713 -0.5580
vn -0.1118 0.6488 -0.7527
vn 0.1066 0.6812 -0.7243
vn 0.4569 0.7557 -0.4692
vn 0.7465 0.6447 -0.1644
vn 0.7950 0.6020 -0.0740
vn 0.6871 0.6296 -0.3627
vn 0.4093 0.6441 -0.6462
vn -0.0128 0.6727 -0.7398
vn -0.3858 0.6814 -0.6220
vn -0.5800 0.7102 -0.3989
vn -0.6938 0.6545 -0.3005
vn 0.9946 -0.0027 -0.1034
vn 0.8850 -0.0117 -0.4654
vn 0.3632 -0.5845 -0.7256
vn -0.0297 -0.5863 -0.8095
vn -0.5276 0.0607 -0.8473
vn -0.7845 0.0576 -0.6175
vn -0.9122 0.0422 -0.4075
vn -0.9840 0.0374 -0.1743
vn -0.9972 0.0499 -0.0562
vn -0.9735 0.0761 -0.2154
vn -0.9232 0.0748 -0.3770
vn -0.8991 0.0490 -0.4350
vn -0.9067 -0.0694 -0.4161
vn -0.9254 0.2358 -0.2968
vn -0.5941 0.8035 -0.0381
vn -0.2288 0.9650 0.1281
vn 0.0202 0.9774 0.2106
vn 0.1967 0.9542 0.2253
vn 0.4402 0.8815 0.1707
vn 0.8257 0.5582 0.0820
vn 0.9890 0.1480 0.0031
vn 0.9976 0.0685 -0.0094
vn 0.9574 0.2000 0.2085
vn 0.9784 0.0446 0.2018
vn 0.7442 0.6320 0.2163
vn 0.3641 0.9064 0.2143
vn 0.1750 0.9645 0.1978
vn 0.0241 0.9852 0.1695
vn -0.2066 0.9731 0.1024
vn -0.5857 0.8092 -0.0456
vn -0.9110 0.3106 -0.2715
vn -0.9203 0.0059 -0.3911
vn -0.9062 0.0310 -0.4216
vn -0.6390 0.7482 0.1785
vn -0.2624 0.8553 0.4467
vn -0.0336 0.8241 0.5655
vn 0.0933 0.7885 0.6079
vn 0.2583 0.7104 0.6547
vn 0.5136 0.5604 0.6498
vn 0.7210 0.3656 0.5886
vn 0.8567 0.0390 0.5143
vn -0.9373 0.2921 0.1900
vn -0.9312 0.3643 0.0064
vn -0.9696 0.0502 -0.2396
vn -0.6883 0.6962 0.2037
vn -0.1690 0.8988 0.4044
vn 0.0764 0.7982 0.5976
vn 0.0012 0.9763 0.2165
vn 0.1728 0.9165 0.3607
vn 0.0821 0.7091 0.7003
vn 0.1763 0.6927 0.6994
vn 0.1800 0.7767 0.6036
vn 0.5568 0.5914 0.5832
vn 0.6276 0.0693 0.7754
vn -0.5596 0.8287 0.0071
vn 0.1634 0.9257 0.3411
vn 0.1916 0.9333 0.3038
vn 0.3154 0.6399 0.7007
vn 0.2174 0.6246 0.7501
vn 0.1166 0.5306 0.8395
vn -0.1559 0.7370 0.6577
vn -0.1912 0.3940 0.8990
vn -0.5567 0.6848 0.4702
vn -0.7699 0.2151 0.6008
vn -0.9573 0.2870 0.0354
vn -0.6399 0.6719 0.3730
vn -0.9949 0.0671 0.0760
vn -0.8115 0.0768 0.5793
vn -0.3158 0.0932 0.9443
vn 0.0561 0.1278 0.9902
vn 0.2303 0.1707 0.9580
vn 0.3949 0.1509 0.9062
vn -0.0285 -0.9924 -0.1199
vn -0.0286 -0.9924 -0.1197
vn -0.0294 -0.9980 -0.0565
vn -0.0295 -0.9978 -0.0587
vn -0.0105 -0.9994 -0.0319
vn -0.0099 -0.9994 -0.0321
vn 0.0085 -0.9996 -0.0264
vn 0.0082 -0.9996 -0.0272
vn 0.0108 -0.9999 -0.0132
vn 0.0107 -0.9999 -0.0128
vn 0.0040 -1.0000 -0.0089
vn 0.0064 -0.9999 -0.0089
vn -0.0141 -0.9998 0.0149
vn -0.0189 -0.9996 0.0223
vn -0.0262 -0.9992 0.0288
vn -0.0268 -0.9992 0.0302
vn -0.0270 -0.9987 0.0443
vn -0.0282 -0.9983 0.0505
vn -0.0274 -0.9964 0.0805
vn -0.0249 -0.9963 0.0822
vn -0.0106 -0.9962 0.0861
vn -0.0048 -0.9964 0.0841
vn 0.0149 -0.9967 0.0793
vn 0.0169 -0.9966 0.0806
vn 0.0358 -0.9950 0.0929
vn -0.1571 -0.1472 0.9765
vn -0.2227 -0.1345 0.9656
vn -0.2300 -0.1081 0.9672
vn -0.1672 -0.1036 0.9805
vn -0.3800 -0.0708 0.9223
vn -0.3954 -0.0846 0.9146
vn -0.6738 0.0345 0.7381
vn -0.6511 0.0314 0.7584
vn -0.7753 0.1069 0.6225
vn -0.8235 0.1661 0.5424
vn -0.8265 0.1578 0.5404
vn -0.7467 0.1014 0.6574
vn -0.9245 0.2141 0.3152
vn -0.9124 0.2596 0.3163
vn -0.9384 0.3322 0.0954
vn -0.9528 0.2779 0.1222
vn -0.8991 0.4046 -0.1672
vn -0.9221 0.3524 -0.1601
vn -0.7910 0.3914 -0.4702
vn -0.7559 0.4614 -0.4644
vn -0.4970 0.4693 -0.7298
vn -0.5327 0.4046 -0.7433
vn -0.2808 0.4355 -0.8553
vn -0.1822 0.4010 -0.8978
vn -0.1638 0.3584 -0.9191
vn -0.2884 0.3855 -0.8765
vn -0.1244 0.3322 -0.9350
vn -0.1485 0.3799 -0.9130
vn -0.1273 0.3741 -0.9186
vn -0.1204 0.3200 -0.9397
vn -0.2255 -0.1044 0.9686
vn -0.1788 -0.1074 0.9780
vn 0.0018 -0.3487 0.9372
vn -0.1307 -0.4158 0.9000
vn 0.2565 -0.6448 0.7200
vn 0.0617 -0.7822 0.6199
vn 0.4305 -0.7022 0.5672
vn 0.6440 -0.7626 0.0609
vn 0.3541 -0.9351 0.0153
vn 0.4119 -0.6717 -0.6158
vn 0.2217 -0.7935 -0.5667
vn 0.1891 -0.6634 -0.7239
vn -0.0010 -0.5692 -0.8222
vn -0.0263 -0.5971 -0.8017
vn -0.0466 -0.3424 -0.9384
vn -0.0960 -0.3448 -0.9337
vn -0.0942 0.0294 -0.9951
vn -0.0547 0.0127 -0.9984
vn -0.0960 0.2485 -0.9639
vn -0.0960 0.2410 -0.9658
vn -0.5376 -0.0232 0.8429
vn -0.3237 -0.0876 0.9421
vn -0.6674 0.0648 0.7419
vn -0.8264 0.1208 0.5500
vn -0.9733 0.1710 0.1533
vn -0.9389 0.1346 0.3168
vn -0.9604 0.1906 -0.2034
vn -0.6068 0.2001 -0.7693
vn -0.8380 0.1953 -0.5095
vn -0.3428 0.2310 -0.9106
vn -0.1743 0.2437 -0.9541
vn -0.1569 -0.1347 0.9784
vn -0.3375 0.0107 0.9413
vn -0.7673 0.1470 0.6242
vn -0.5673 0.0787 0.8197
vn -0.9424 0.1779 0.2831
vn -0.9930 0.1075 0.0492
vn -0.9606 0.0178 -0.2773
vn -0.7884 -0.0518 -0.6130
vn -0.6320 -0.0591 -0.7727
vn -0.2514 0.0060 -0.9679
vn -0.4297 -0.0399 -0.9021
vn -0.1662 -0.1835 0.9689
vn 0.0830 -0.4400 0.8941
vn -0.4580 0.0589 0.8870
vn -0.7457 0.1987 0.6360
vn -0.9836 0.1063 -0.1454
vn -0.9637 0.1811 0.1961
vn -0.9113 -0.0453 -0.4091
vn -0.8613 -0.0003 -0.5081
vn -0.6866 -0.1317 -0.7150
vn -0.5066 -0.2453 -0.8266
vn -0.3656 -0.3056 -0.8792
vn -0.2456 -0.3381 -0.9085
vn -0.5957 -0.0946 -0.7976
vn -0.3690 -0.2185 -0.9034
vn -0.1448 -0.4243 -0.8939
vn -0.7905 0.0575 0.6098
vn -0.7789 0.1433 0.6106
vn -0.9575 0.1770 0.2277
vn -0.9421 0.1738 0.2869
vn -0.9668 0.1696 -0.1913
vn -0.9706 0.2133 -0.1116
vn -0.8801 0.0933 -0.4655
vn -0.8851 0.1684 -0.4338
vn -0.6223 -0.0226 -0.7825
vn -0.6676 0.0517 -0.7427
vn -0.3388 -0.0991 -0.9356
vn -0.3570 -0.0226 -0.9338
vn -0.0223 -0.2813 -0.9594
vn 0.0384 -0.1493 -0.9881
vn 0.2141 -0.4734 -0.8545
vn 0.3827 -0.2465 -0.8904
vn 0.3664 -0.5163 -0.7741
vn 0.5404 -0.2808 -0.7932
vn 0.6473 -0.4985 -0.5767
vn 0.7943 -0.4427 -0.4161
vn 0.7964 -0.5922 0.1227
vn 0.8105 -0.5585 0.1766
vn 0.5428 -0.5735 0.6136
vn 0.6190 -0.4778 0.6234
vn 0.4044 -0.5565 0.7258
vn 0.5245 -0.3654 0.7690
vn 0.2344 -0.4966 0.8357
vn 0.3669 -0.2714 0.8898
vn -0.0420 -0.3010 0.9527
vn -0.0620 -0.1981 0.9782
vn -0.4784 -0.0420 0.8772
vn -0.5239 -0.1036 0.8454
vn -0.6596 0.1372 -0.7390
vn -0.6509 0.0512 -0.7575
vn -0.3489 0.0044 -0.9371
vn -0.3406 0.1414 -0.9295
vn 0.1007 -0.1012 -0.9898
vn 0.1271 0.1023 -0.9866
vn 0.3759 -0.0896 -0.9223
vn 0.4114 0.0421 -0.9105
vn 0.5846 -0.1546 -0.7965
vn 0.6202 -0.1791 -0.7637
vn 0.8183 -0.4268 -0.3851
vn 0.8336 -0.4428 -0.3301
vn 0.8048 -0.5792 0.1294
vn 0.8251 -0.5530 0.1154
vn 0.6880 -0.4713 0.5519
vn 0.7443 -0.4861 0.4579
vn 0.6026 -0.3002 0.7394
vn 0.6677 -0.3292 0.6677
vn 0.4205 -0.2252 0.8789
vn 0.4373 -0.2033 0.8760
vn -0.0901 -0.1590 0.9832
vn -0.0771 -0.1195 0.9898
vn -0.5094 -0.0820 0.8566
vn -0.5248 -0.0452 0.8500
vn -0.7436 0.0111 0.6686
vn -0.7224 -0.0115 0.6914
vn -0.9511 0.1319 0.2795
vn -0.9426 0.1055 0.3168
vn -0.9809 0.1368 -0.1384
vn -0.9695 0.1673 -0.1791
vn -0.8829 0.0843 -0.4620
vn -0.8645 0.1388 -0.4831
vn 0.8571 0.1980 -0.4756
vn 0.7657 -0.1582 -0.6235
vn 0.8969 -0.3588 -0.2586
vn 0.9938 0.0155 -0.1101
vn 0.8917 -0.4316 0.1361
vn 0.9849 -0.0761 0.1553
vn 0.8419 -0.3690 0.3937
vn 0.9392 0.0001 0.3434
vn 0.7280 -0.2829 0.6245
vn 0.7713 0.0578 0.6338
vn 0.4218 -0.2156 0.8807
vn 0.4330 0.0796 0.8979
vn -0.1249 -0.1046 0.9866
vn -0.0677 0.2034 0.9768
vn -0.5578 0.0000 0.8300
vn -0.5169 0.3035 0.8004
vn -0.7492 0.0226 0.6620
vn -0.7203 0.2988 0.6260
vn -0.9361 0.0887 0.3404
vn -0.8696 0.3419 0.3562
vn -0.9628 0.2086 -0.1718
vn -0.8906 0.4483 -0.0761
vn -0.8426 0.2727 -0.4644
vn -0.7581 0.4859 -0.4349
vn -0.6355 0.2828 -0.7185
vn -0.5818 0.4447 -0.6810
vn -0.3539 0.2567 -0.8994
vn -0.3401 0.4064 -0.8481
vn 0.0446 0.1942 -0.9799
vn 0.0103 0.3627 -0.9318
vn 0.5339 0.0382 -0.8447
vn 0.5063 0.2890 -0.8125
vn -0.4772 0.2751 0.8346
vn -0.0325 0.1907 0.9811
vn -0.5786 -0.4731 0.6644
vn -0.1925 -0.5555 0.8089
vn -0.3682 -0.9082 0.1991
vn -0.2182 -0.9156 0.3377
vn -0.7344 0.3241 0.5963
vn -0.8520 0.3950 0.3435
vn -0.8770 0.4753 -0.0697
vn -0.7608 0.4345 -0.4821
vn -0.5596 0.3560 -0.7484
vn -0.3242 0.3018 -0.8966
vn 0.4289 0.2329 -0.8728
vn 0.8263 0.2007 -0.5262
vn 0.9852 0.1205 -0.1220
vn 0.9897 0.0633 0.1287
vn 0.9290 0.0780 0.3617
vn 0.7597 0.0730 0.6461
vn 0.4393 0.0975 0.8931
vn 0.2670 -0.6045 0.7505
vn 0.5539 -0.6203 0.5554
vn 0.7451 -0.5877 0.3152
vn 0.8180 -0.5734 0.0452
vn 0.7741 -0.5989 -0.2053
vn 0.6030 -0.5954 -0.5310
vn 0.2035 -0.6205 -0.7573
vn -0.1360 -0.5830 -0.8010
vn -0.3529 -0.4974 -0.7925
vn -0.5418 -0.4564 -0.7058
vn -0.7589 -0.4203 -0.4975
vn -0.9024 -0.4264 -0.0625
vn -0.8636 -0.4293 0.2643
vn -0.7600 -0.4937 0.4227
vn -0.3622 -0.9299 0.0640
vn -0.3398 -0.9396 0.0421
vn -0.3214 -0.9447 -0.0646
vn -0.3127 -0.9227 -0.2252
vn -0.2554 -0.9085 -0.3308
vn -0.2001 -0.9202 -0.3365
vn -0.1530 -0.9467 -0.2835
vn -0.0284 -0.9670 -0.2534
vn 0.1259 -0.9643 -0.2330
vn 0.2702 -0.9459 -0.1798
vn 0.3414 -0.9391 -0.0395
vn 0.2944 -0.9470 0.1287
vn 0.1799 -0.9497 0.2561
vn 0.0362 -0.9386 0.3430
vn 0.9701 -0.0930 -0.2241
vn 0.7977 0.0562 -0.6005
vn 0.7576 0.0598 -0.6500
vn 0.9577 -0.0803 -0.2765
vn 0.4292 0.1995 -0.8809
vn 0.4088 0.1630 -0.8979
vn -0.0010 0.2653 -0.9642
vn 0.0178 0.2072 -0.9781
vn -0.2852 0.2639 -0.9214
vn -0.2582 0.2145 -0.9420
vn -0.5300 0.2406 -0.8132
vn -0.5259 0.2066 -0.8251
vn -0.7753 0.2217 -0.5914
vn -0.7752 0.1988 -0.5997
vn -0.9498 0.2212 -0.2213
vn -0.9478 0.2055 -0.2439
vn -0.9581 0.1743 0.2271
vn -0.9643 0.1816 0.1929
vn -0.8211 0.0854 0.5644
vn -0.8543 0.1227 0.5050
vn -0.6010 -0.0039 0.7993
vn -0.6486 0.0395 0.7601
vn -0.1564 -0.1107 0.9815
vn -0.1690 -0.0777 0.9825
vn 0.4007 -0.1870 0.8969
vn 0.4009 -0.1594 0.9022
vn 0.6947 -0.2066 0.6890
vn 0.6858 -0.1889 0.7029
vn 0.8567 -0.2242 0.4645
vn 0.8502 -0.2167 0.4798
vn 0.9685 -0.1987 0.1500
vn 0.9686 -0.1954 0.1536
vn 0.9595 -0.2539 -0.1217
vn 0.8476 -0.1288 -0.5148
vn 0.8653 -0.0053 -0.5013
vn 0.9807 -0.1531 -0.1214
vn 0.4282 0.0683 -0.9011
vn 0.4672 0.1918 -0.8631
vn -0.1149 0.2102 -0.9709
vn -0.0272 0.3023 -0.9528
vn -0.4240 0.2372 -0.8741
vn -0.3434 0.3038 -0.8887
vn -0.6081 0.2239 -0.7616
vn -0.5527 0.2712 -0.7880
vn -0.8060 0.2010 -0.5568
vn -0.7819 0.2441 -0.5737
vn -0.9766 0.1425 -0.1610
vn -0.9611 0.2145 -0.1740
vn -0.9490 0.0362 0.3132
vn -0.9509 0.1235 0.2837
vn -0.7649 -0.0688 0.6405
vn -0.7789 0.0051 0.6272
vn -0.5416 -0.1645 0.8244
vn -0.5681 -0.0866 0.8184
vn -0.1544 -0.2882 0.9450
vn -0.1849 -0.1965 0.9629
vn 0.3600 -0.3612 0.8602
vn 0.3540 -0.2718 0.8949
vn 0.6895 -0.3609 0.6279
vn 0.6856 -0.2744 0.6743
vn 0.8532 -0.3474 0.3891
vn 0.8506 -0.2714 0.4503
vn 0.9365 -0.3156 0.1529
vn 0.9552 -0.2394 0.1739
vn 0.9284 -0.3263 -0.1779
vn 0.7563 -0.2701 -0.5958
vn 0.7978 -0.2447 -0.5511
vn 0.9277 -0.3400 -0.1540
vn 0.2771 -0.1607 -0.9473
vn 0.3600 -0.0801 -0.9295
vn -0.2382 -0.0493 -0.9700
vn -0.1708 0.0644 -0.9832
vn -0.5580 0.0041 -0.8298
vn -0.4866 0.1197 -0.8654
vn -0.7385 -0.0022 -0.6742
vn -0.6671 0.1215 -0.7350
vn -0.9010 -0.0222 -0.4333
vn -0.8517 0.0974 -0.5149
vn -0.9986 -0.0401 -0.0332
vn -0.9919 0.0419 -0.1199
vn -0.9304 -0.0542 0.3624
vn -0.9452 -0.0314 0.3251
vn -0.7454 -0.0688 0.6631
vn -0.7585 -0.0948 0.6447
vn -0.4199 -0.1095 0.9010
vn -0.4964 -0.1710 0.8511
vn 0.0507 -0.1911 0.9803
vn -0.0760 -0.2828 0.9562
vn 0.5364 -0.2708 0.7993
vn 0.4152 -0.3599 0.8355
vn 0.8115 -0.3167 0.4911
vn 0.7277 -0.3829 0.5691
vn 0.9018 -0.3417 0.2644
vn 0.8626 -0.3889 0.3236
vn 0.9336 -0.3490 0.0816
vn 0.9183 -0.3802 0.1107
vn 0.9367 -0.2498 -0.2455
vn 0.6798 -0.2477 -0.6903
vn 0.1474 -0.1868 -0.9713
vn -0.3275 -0.1146 -0.9379
vn -0.6453 -0.0713 -0.7606
vn -0.8147 -0.0765 -0.5748
vn -0.9393 -0.0792 -0.3337
vn -0.9963 -0.0527 0.0672
vn -0.9087 -0.0314 0.4163
vn -0.7079 -0.0243 0.7059
vn -0.2930 -0.0378 0.9554
vn 0.2342 -0.0845 0.9685
vn 0.7085 -0.1513 0.6893
vn 0.8994 -0.1997 0.3888
vn 0.9474 -0.2224 0.2302
vn 0.9725 -0.2303 0.0343
vn -0.4030 -0.1046 -0.9092
vn -0.7296 -0.0714 -0.6801
vn -0.8730 -0.0775 -0.4816
vn -0.9625 -0.0687 -0.2624
vn -0.9883 -0.0096 0.1520
vn -0.8741 0.0235 0.4851
vn -0.6341 0.0271 0.7728
vn -0.1601 0.0324 0.9866
vn 0.3859 0.0092 0.9225
vn 0.8124 -0.0338 0.5822
vn 0.9346 -0.0742 0.3479
vn 0.9699 -0.0960 0.2236
vn 0.9929 -0.1138 -0.0360
vn 0.9223 -0.1700 -0.3472
vn 0.6019 -0.2046 -0.7719
vn 0.0547 -0.1629 -0.9851
vn -0.9749 0.0173 -0.2218
vn -0.9545 0.0395 0.2954
vn -0.9737 0.0453 0.2231
vn -0.9716 -0.0286 -0.2349
vn -0.7568 0.0547 0.6514
vn -0.8162 0.0646 0.5741
vn -0.5688 0.1010 0.8163
vn -0.5661 0.0745 0.8209
vn -0.2006 0.2568 0.9454
vn -0.1082 0.1265 0.9861
vn 0.4166 0.3365 0.8445
vn 0.4702 0.1424 0.8710
vn 0.7780 0.2963 0.5541
vn 0.8461 0.0894 0.5255
vn 0.8826 0.3000 0.3621
vn 0.9328 0.0653 0.3544
vn 0.9654 0.2425 0.0958
vn 0.9807 0.0361 0.1921
vn 0.9623 0.0801 -0.2598
vn 0.9905 -0.0303 -0.1344
vn 0.8570 -0.0318 -0.5143
vn 0.8813 -0.1104 -0.4594
vn 0.6016 -0.0668 -0.7960
vn 0.5552 -0.1421 -0.8195
vn 0.1241 -0.0447 -0.9913
vn 0.0353 -0.0951 -0.9948
vn -0.5066 -0.0170 -0.8620
vn -0.4856 -0.0510 -0.8727
vn -0.8579 -0.0125 -0.5137
vn -0.8175 -0.0457 -0.5741
vn -0.9016 -0.0043 -0.4325
vn -0.9004 -0.0649 -0.4301
vn -0.9524 -0.0187 0.3042
vn -0.9728 -0.0594 0.2239
vn -0.8715 0.0869 0.4827
vn -0.7897 0.0954 0.6061
vn -0.8039 0.5947 -0.0073
vn -0.7882 0.4382 0.4321
vn -0.9293 0.2550 0.2672
vn -0.9291 0.3604 0.0829
vn -0.9913 -0.0597 0.1171
vn -0.9954 -0.0131 0.0950
vn -0.9911 0.0396 0.1269
vn -0.9935 0.0884 0.0714
vn -0.8400 0.4370 0.3216
vn -0.7769 0.6213 -0.1022
vn -0.7960 0.6052 -0.0093
vn -0.8450 0.4348 0.3115
vn -0.7089 0.6760 -0.2011
vn -0.6852 0.6441 -0.3400
vn -0.4180 0.6015 -0.6808
vn -0.4372 0.6181 -0.6533
vn 0.1329 0.5977 -0.7906
vn 0.0993 0.6459 -0.7569
vn 0.5602 0.7172 -0.4143
vn 0.4689 0.6904 -0.5510
vn -0.8446 0.5350 0.0202
vn -0.7250 0.2117 0.6554
vn -0.6983 0.7031 0.1344
vn -0.3739 0.3813 0.8455
vn 0.0857 0.9348 0.3448
vn 0.3093 0.5060 0.8052
vn 0.5902 0.8068 0.0266
vn 0.7145 0.4423 0.5422
vn 0.6979 0.7161 -0.0132
vn 0.8846 0.3302 0.3292
vn 0.7369 0.6551 0.1666
vn 0.9726 0.2299 -0.0349
vn 0.7381 0.6742 -0.0256
vn 0.7264 0.6854 -0.0504
vn 0.6583 0.7366 -0.1551
vn 0.6608 0.7351 -0.1518
vn -0.9854 -0.0158 -0.1698
vn -0.8765 -0.2929 -0.3820
vn -0.8279 -0.2052 -0.5220
vn -0.6915 -0.1853 -0.6983
vn -0.3371 -0.2271 -0.9137
vn 0.0503 -0.2795 -0.9588
vn 0.4760 -0.2587 -0.8405
vn 0.7662 -0.2087 -0.6078
vn 0.8903 -0.1435 -0.4321
vn 0.6323 0.0263 -0.7743
vn 0.1723 -0.0088 -0.9850
vn -0.5122 -0.0069 -0.8589
vn -0.8613 0.0297 -0.5073
vn -0.9011 0.0318 -0.4325
vn 0.9168 0.1337 -0.3764
vn 0.8406 0.0721 -0.5369
vn 0.8267 0.5626 -0.0089
vn 0.8444 0.5107 -0.1619
vn 0.7503 0.6171 -0.2371
vn 0.4710 0.8802 0.0581
vn -0.0094 0.9855 0.1695
vn -0.5177 0.8392 0.1666
vn -0.7395 0.6717 0.0446
vn -0.7823 0.6206 -0.0540
vn -0.9938 0.0653 -0.0897
vn -0.9959 0.0114 0.0902
vn -0.7250 -0.3894 -0.5681
vn -0.7858 0.2740 -0.5545
vn -0.7193 -0.3434 -0.6039
vn -0.6410 -0.2530 -0.7247
vn -0.2597 -0.2866 -0.9222
vn 0.1357 -0.4003 -0.9063
vn 0.3678 -0.4250 -0.8271
vn 0.6240 -0.3419 -0.7027
vn 0.8414 -0.2191 -0.4940
vn 0.9701 0.0097 -0.2424
vn 0.9972 0.0226 -0.0716
vn 0.9778 -0.0158 -0.2087
vn 0.9521 0.1037 -0.2878
vn 0.7806 -0.0360 -0.6240
vn 0.9121 0.2377 -0.3340
vn 0.6307 0.5852 -0.5096
vn 0.9987 0.0036 -0.0508
vn 0.9795 -0.0102 -0.2010
vn 0.9236 -0.0512 -0.3799
vn -0.9963 0.0858 -0.0014
vn -0.9197 0.3814 0.0933
vn -0.7086 0.6667 0.2309
vn -0.5304 0.7659 0.3635
vn -0.2807 0.8539 0.4382
vn 0.0128 0.9022 0.4310
vn 0.3969 0.8799 0.2612
vn 0.7851 0.6130 -0.0888
vn 0.9329 0.0778 -0.3516
vn -0.9938 0.1107 -0.0116
vn -0.9083 -0.1322 -0.3969
vn -0.6165 -0.0827 -0.7830
vn -0.1485 -0.0794 -0.9857
vn 0.1911 -0.0584 -0.9798
vn 0.4561 -0.0306 -0.8894
vn 0.7086 -0.0330 -0.7048
vn 0.8583 -0.0570 -0.5100
vn 0.6583 0.6519 -0.3764
vn 0.5468 0.7030 -0.4548
vn 0.3061 0.7713 -0.5580
vn 0.1118 0.6488 -0.7527
vn -0.1066 0.6812 -0.7243
vn -0.4569 0.7557 -0.4692
vn -0.7465 0.6447 -0.1644
vn -0.7950 0.6020 -0.0740
vn -0.6871 0.6296 -0.3627
vn -0.4093 0.6441 -0.6462
vn 0.0128 0.6727 -0.7398
vn 0.3858 0.6814 -0.6220
vn 0.5800 0.7102 -0.3989
vn 0.6938 0.6545 -0.3005
vn -0.9946 -0.0027 -0.1034
vn -0.8850 -0.0117 -0.4654
vn -0.3632 -0.5845 -0.7256
vn 0.0297 -0.5863 -0.8095
vn 0.5276 0.0607 -0.8473
vn 0.7845 0.0576 -0.6175
vn 0.9122 0.0422 -0.4075
vn 0.9840 0.0374 -0.1743
vn 0.9972 0.0499 -0.0562
vn 0.9735 0.0761 -0.2154
vn 0.9232 0.0748 -0.3770
vn 0.9067 -0.0694 -0.4161
vn 0.8991 0.0490 -0.4350
vn 0.9254 0.2358 -0.2968
vn 0.5941 0.8035 -0.0381
vn 0.2288 0.9650 0.1281
vn -0.0202 0.9774 0.2106
vn -0.1967 0.9542 0.2253
vn -0.4402 0.8815 0.1707
vn -0.8257 0.5582 0.0820
vn -0.9890 0.1480 0.0031
vn -0.9976 0.0685 -0.0094
vn -0.9784 0.0446 0.2018
vn -0.9574 0.2000 0.2085
vn -0.7442 0.6320 0.2163
vn -0.3641 0.9064 0.2143
vn -0.1750 0.9645 0.1978
vn -0.0241 0.9852 0.1695
vn 0.2066 0.9731 0.1024
vn 0.5857 0.8092 -0.0456
vn 0.9110 0.3106 -0.2715
vn 0.9203 0.0059 -0.3911
vn 0.9062 0.0310 -0.4216
vn 0.2624 0.8553 0.4467
vn 0.6390 0.7482 0.1785
vn 0.0336 0.8241 0.5655
vn -0.0933 0.7885 0.6079
vn -0.2583 0.7104 0.6547
vn -0.5136 0.5604 0.6498
vn -0.7210 0.3656 0.5886
vn -0.8567 0.0390 0.5143
vn 0.9373 0.2921 0.1900
vn 0.9312 0.3643 0.0064
vn 0.9696 0.0502 -0.2396
vn 0.6883 0.6962 0.2037
vn 0.1690 0.8988 0.4044
vn -0.0764 0.7982 0.5976
vn -0.0012 0.9763 0.2165
vn -0.1728 0.9165 0.3607
vn -0.0821 0.7091 0.7003
vn -0.1763 0.6927 0.6994
vn -0.1800 0.7767 0.6036
vn -0.5568 0.5914 0.5832
vn -0.6276 0.0693 0.7754
vn 0.5596 0.8287 0.0071
vn -0.1634 0.9257 0.3411
vn -0.1916 0.9333 0.3038
vn -0.3154 0.6399 0.7007
vn -0.2174 0.6246 0.7501
vn -0.1166 0.5306 0.8395
vn 0.1912 0.3940 0.8990
vn 0.1559 0.7370 0.6577
vn 0.7699 0.2151 0.6008
vn 0.5567 0.6848 0.4702
vn 0.9573 0.2870 0.0354
vn 0.6399 0.6719 0.3730
vn 0.9949 0.0671 0.0760
vn 0.8115 0.0768 0.5793
vn 0.3158 0.0932 0.9443
vn -0.0561 0.1278 0.9902
vn -0.2303 0.1707 0.9580
vn -0.3949 0.1509 0.9062
vn 0.0286 -0.9924 -0.1197
vn 0.0285 -0.9924 -0.1199
vn 0.0294 -0.9980 -0.0565
vn 0.0295 -0.9978 -0.0587
vn 0.0105 -0.9994 -0.0319
vn 0.0099 -0.9994 -0.0321
vn -0.0085 -0.9996 -0.0264
vn -0.0082 -0.9996 -0.0272
vn -0.0108 -0.9999 -0.0132
vn -0.0107 -0.9999 -0.0128
vn -0.0040 -1.0000 -0.0089
vn -0.0064 -0.9999 -0.0089
vn 0.0141 -0.9998 0.0149
vn 0.0189 -0.9996 0.0223
vn 0.0268 -0.9992 0.0302
vn 0.0262 -0.9992 0.0288
vn 0.0282 -0.9983 0.0505
vn 0.0270 -0.9987 0.0443
vn 0.0249 -0.9963 0.0822
vn 0.0274 -0.9964 0.0805
vn 0.0048 -0.9964 0.0841
vn 0.0106 -0.9962 0.0861
vn -0.0169 -0.9966 0.0806
vn -0.0149 -0.9967 0.0793
vn -0.0358 -0.9950 0.0929
usemtl None.001
s 1
f 1/1/1 2/2/2 3/3/3
f 2/2/2 4/4/4 3/3/3
f 4/5/4 2/2/2 5/6/5
f 2/2/2 1/1/1 5/6/5
f 3/7/3 6/8/6 7/9/7 1/10/1
f 1/10/1 7/9/7 8/11/8 9/12/9
f 9/12/9 10/13/10 5/14/5 1/10/1
f 10/15/10 9/16/9 11/17/11
f 9/16/9 12/18/12 11/17/11
f 11/17/11 12/18/12 13/19/13
f 13/19/13 10/20/10 11/17/11
f 12/21/12 14/22/14 15/23/15 13/24/13
f 14/22/14 12/21/12 16/25/16
f 12/21/12 9/12/9 8/11/8 16/25/16
f 15/26/15 14/27/14 17/28/17
f 14/27/14 18/29/18 17/28/17
f 19/30/19 20/31/20 21/32/21
f 20/31/20 22/33/22 21/32/21
f 22/33/22 23/34/23 21/32/21
f 23/35/23 19/30/19 21/32/21
f 24/36/24 25/37/25 26/38/26 27/39/27
f 28/40/28 29/41/29 25/37/25 24/36/24
f 26/42/26 30/43/30 31/44/31
f 32/45/32 33/46/33 28/40/28
f 32/45/32 28/40/28 24/36/24
f 32/45/32 24/36/24 27/39/27
f 32/45/32 27/47/27 33/46/33
f 3/7/3 4/48/4 34/49/34 35/50/35
f 34/51/34 36/52/36 35/53/35
f 35/53/35 36/52/36 37/54/37
f 36/52/36 38/55/38 37/54/37
f 38/55/38 36/52/36 34/56/34
f 35/50/35 39/57/39 6/8/6 3/7/3
f 39/57/39 35/50/35 37/58/37 40/59/40
f 17/28/17 18/29/18 41/60/41
f 18/61/18 20/62/20 19/63/19 41/64/41
f 41/60/41 15/65/15 17/28/17
f 16/25/16 42/66/42 18/61/18 14/22/14
f 18/61/18 42/66/42 43/67/43 20/62/20
f 43/67/43 44/68/44 22/69/22 20/62/20
f 22/69/22 44/68/44 45/70/45 29/71/29
f 45/70/45 46/72/46 25/73/25 29/71/29
f 25/73/25 46/72/46 47/74/47 26/42/26
f 37/58/37 38/75/38 48/76/48 49/77/49
f 48/76/48 50/78/50 51/79/51 49/77/49
f 51/80/51 50/81/50 52/82/52
f 52/82/52 53/83/53 51/80/51
f 53/83/53 52/82/52 54/84/54
f 52/82/52 50/85/50 54/84/54
f 49/77/49 55/86/55 40/59/40 37/58/37
f 55/86/55 49/77/49 51/79/51 56/87/56
f 51/79/51 53/88/53 57/89/57 56/87/56
f 54/90/54 58/91/58 59/92/59 53/88/53
f 53/88/53 59/92/59 60/93/60 57/89/57
f 59/92/59 61/94/61 62/95/62 60/93/60
f 61/96/61 59/97/59 63/98/63
f 59/97/59 58/99/58 63/98/63
f 63/98/63 64/100/64 61/96/61
f 64/100/64 63/98/63 58/101/58
f 62/95/62 61/94/61 65/102/65 66/103/66
f 61/94/61 64/104/64 67/105/67 65/102/65
f 65/106/65 67/107/67 68/108/68
f 68/108/68 69/109/69 65/106/65
f 69/109/69 68/108/68 70/110/70
f 67/111/67 70/110/70 68/108/68
f 65/102/65 69/112/69 71/113/71 66/103/66
f 70/114/70 72/115/72 73/116/73 69/112/69
f 69/112/69 73/116/73 74/117/74 71/113/71
f 75/118/75 76/119/76 77/120/77
f 77/120/77 78/121/78 75/118/75
f 75/122/75 78/123/78 79/124/79 80/125/80
f 78/121/78 77/120/77 81/126/81
f 77/120/77 76/127/76 81/126/81
f 78/123/78 82/128/82 83/129/83 79/124/79
f 83/129/83 82/128/82 84/130/84 85/131/85
f 73/116/73 75/122/75 80/125/80 74/117/74
f 72/115/72 76/132/76 75/122/75 73/116/73
f 84/130/84 86/133/86 87/134/87 85/131/85
f 87/134/87 86/133/86 88/135/88 89/136/89
f 88/135/88 90/137/90 91/138/91 89/136/89
f 91/138/91 90/137/90 84/130/84 82/128/82
f 90/139/90 92/140/92 84/141/84
f 84/141/84 92/140/92 86/142/86
f 86/142/86 92/140/92 88/143/88
f 88/144/88 92/140/92 90/139/90
f 82/128/82 78/123/78 81/145/81 91/138/91
f 91/138/91 81/145/81 76/132/76 93/146/93
f 76/132/76 72/115/72 94/147/94 93/146/93
f 94/147/94 72/115/72 70/114/70 95/148/95
f 70/114/70 67/105/67 95/148/95
f 95/148/95 67/105/67 64/104/64 96/149/96
f 64/104/64 58/91/58 96/149/96
f 96/149/96 58/91/58 54/90/54 97/150/97
f 54/90/54 50/78/50 97/150/97
f 97/150/97 50/78/50 48/76/48 98/151/98
f 48/76/48 38/75/38 99/152/99 98/151/98
f 99/152/99 38/75/38 34/49/34
f 34/49/34 4/48/4 100/153/100 99/152/99
f 100/153/100 4/48/4 5/14/5
f 5/14/5 10/13/10 101/154/101 100/153/100
f 101/154/101 10/13/10 13/24/13
f 13/24/13 15/23/15 102/155/102 101/154/101
f 102/155/102 15/23/15 41/64/41
f 41/64/41 19/63/19 103/156/103 102/155/102
f 103/156/103 19/63/19 23/157/23
f 33/46/33 27/47/27 26/158/26 31/159/31
f 26/42/26 47/74/47 104/160/104 30/43/30
f 30/43/30 104/160/104 105/161/105 106/162/106
f 106/162/106 107/163/107 103/156/103 30/43/30
f 103/156/103 107/163/107 108/164/108 102/155/102
f 108/164/108 109/165/109 101/154/101 102/155/102
f 101/154/101 109/165/109 110/166/110 100/153/100
f 110/166/110 111/167/111 99/152/99 100/153/100
f 99/152/99 111/167/111 112/168/112 98/151/98
f 112/168/112 113/169/113 97/150/97 98/151/98
f 97/150/97 113/169/113 114/170/114 96/149/96
f 114/170/114 115/171/115 95/148/95 96/149/96
f 95/148/95 115/171/115 116/172/116 94/147/94
f 116/172/116 117/173/117 93/146/93 94/147/94
f 93/146/93 117/173/117 118/174/118 91/138/91
f 118/174/118 119/175/119 89/136/89 91/138/91
f 89/136/89 119/175/119 120/176/120 121/177/121
f 121/177/121 122/178/122 123/179/123 89/136/89
f 89/136/89 123/179/123 124/180/124 87/134/87
f 122/181/122 121/182/121 125/183/125
f 125/183/125 126/184/126 122/181/122
f 126/184/126 125/183/125 127/185/127
f 121/182/121 127/186/127 125/183/125
f 127/187/127 121/177/121 120/176/120 128/188/128
f 127/187/127 129/189/129 130/190/130 126/191/126
f 130/192/130 129/193/129 131/194/131
f 131/194/131 132/195/132 130/192/130
f 132/195/132 131/194/131 133/196/133
f 131/194/131 129/193/129 133/197/133
f 129/189/129 127/187/127 128/188/128 134/198/134
f 133/199/133 129/189/129 134/198/134
f 133/199/133 135/200/135 136/201/136 132/202/132
f 136/203/136 135/204/135 137/205/137
f 137/205/137 138/206/138 136/203/136
f 138/206/138 137/205/137 139/207/139
f 137/205/137 135/204/135 139/208/139
f 139/209/139 135/200/135 140/210/140
f 135/200/135 133/199/133 134/198/134 140/210/140
f 139/209/139 141/211/141 142/212/142 138/213/138
f 142/214/142 141/215/141 143/216/143
f 143/216/143 144/217/144 145/218/145 142/214/142
f 144/219/144 143/216/143 141/215/141
f 141/211/141 146/220/146 144/221/144
f 146/220/146 141/211/141 139/209/139 140/210/140
f 145/222/145 144/221/144 147/223/147 148/224/148
f 147/223/147 149/225/149 150/226/150 148/224/148
f 150/227/150 149/228/149 151/229/151
f 151/229/151 152/230/152 150/227/150
f 152/230/152 151/229/151 153/231/153
f 151/229/151 149/232/149 153/231/153
f 153/233/153 149/225/149 154/234/154
f 149/225/149 147/223/147 155/235/155 154/234/154
f 155/235/155 147/223/147 144/221/144 146/220/146
f 153/233/153 156/236/156 157/237/157 152/238/152
f 157/239/157 156/240/156 158/241/158
f 158/241/158 159/242/159 157/239/157
f 159/242/159 158/241/158 160/243/160
f 158/241/158 156/244/156 160/243/160
f 160/245/160 156/236/156 161/246/161
f 156/236/156 153/233/153 154/234/154 161/246/161
f 160/245/160 162/247/162 163/248/163 159/249/159
f 162/247/162 160/245/160 161/246/161 164/250/164
f 164/250/164 165/251/165 162/247/162
f 162/252/162 165/253/165 166/254/166
f 165/253/165 167/255/167 166/254/166
f 166/254/166 167/255/167 163/256/163
f 163/256/163 162/257/162 166/254/166
f 167/258/167 165/251/165 168/259/168 169/260/169
f 165/251/165 164/250/164 170/261/170 168/259/168
f 168/259/168 171/262/171 172/263/172 169/260/169
f 171/262/171 168/259/168 170/261/170 173/264/173
f 173/264/173 174/265/174 171/262/171
f 171/266/171 174/267/174 175/268/175
f 175/268/175 172/269/172 171/270/171
f 172/269/172 175/268/175 176/271/176
f 174/267/174 176/271/176 175/268/175
f 176/272/176 177/273/177 169/260/169 172/263/172
f 176/272/176 174/265/174 178/274/178 179/275/179
f 178/276/178 180/277/180 179/278/179
f 179/278/179 180/277/180 181/279/181
f 180/277/180 182/280/182 181/279/181
f 182/280/182 180/277/180 178/281/178
f 178/274/178 183/282/183 182/283/182
f 183/282/183 178/274/178 174/265/174 173/264/173
f 179/275/179 184/284/184 177/273/177 176/272/176
f 184/284/184 179/275/179 181/285/181 185/286/185
f 169/260/169 186/287/186 187/288/187 167/258/167
f 167/258/167 187/288/187 188/289/188 163/248/163
f 188/289/188 189/290/189 159/249/159 163/248/163
f 159/249/159 189/290/189 157/237/157
f 189/290/189 190/291/190 152/238/152 157/237/157
f 152/238/152 190/291/190 150/226/150
f 190/291/190 191/292/191 148/224/148 150/226/150
f 148/224/148 191/292/191 145/222/145
f 191/292/191 192/293/192 142/212/142 145/222/145
f 142/212/142 192/293/192 193/294/193 138/213/138
f 193/294/193 194/295/194 136/201/136 138/213/138
f 136/201/136 194/295/194 195/296/195 132/202/132
f 195/296/195 196/297/196 130/190/130 132/202/132
f 130/190/130 196/297/196 197/298/197 126/191/126
f 197/298/197 198/299/198 122/178/122 126/191/126
f 122/178/122 198/299/198 199/300/199 123/179/123
f 199/300/199 200/301/200 124/180/124 123/179/123
f 186/287/186 169/260/169 177/273/177 201/302/201
f 177/273/177 184/284/184 202/303/202 201/302/201
f 202/303/202 184/284/184 185/286/185 203/304/203
f 104/160/104 204/305/204 205/306/205 105/161/105
f 205/306/205 204/305/204 206/307/206 207/308/207
f 206/307/206 208/309/208 209/310/209 207/308/207
f 209/310/209 208/309/208 182/283/182 183/282/183
f 181/285/181 182/283/182 208/309/208 185/286/185
f 185/286/185 208/309/208 206/307/206 210/311/210
f 206/307/206 204/305/204 211/312/211 210/311/210
f 211/312/211 204/305/204 104/160/104 212/313/212
f 104/160/104 47/74/47 213/314/213 212/313/212
f 212/313/212 213/314/213 214/315/214 211/312/211
f 214/315/214 215/316/215 210/311/210 211/312/211
f 210/311/210 215/316/215 203/304/203 185/286/185
f 105/161/105 216/317/216 217/318/217 106/162/106
f 106/162/106 217/318/217 107/163/107
f 217/318/217 218/319/218 108/164/108 107/163/107
f 108/164/108 218/319/218 219/320/219 109/165/109
f 219/320/219 220/321/220 110/166/110 109/165/109
f 110/166/110 220/321/220 221/322/221 111/167/111
f 221/322/221 222/323/222 112/168/112 111/167/111
f 112/168/112 222/323/222 223/324/223 113/169/113
f 223/324/223 224/325/224 114/170/114 113/169/113
f 114/170/114 224/325/224 115/171/115
f 224/325/224 225/326/225 116/172/116 115/171/115
f 116/172/116 225/326/225 226/327/226 117/173/117
f 226/327/226 227/328/227 118/174/118 117/173/117
f 118/174/118 227/328/227 119/175/119
f 227/328/227 228/329/228 120/176/120 119/175/119
f 120/176/120 228/329/228 229/330/229 128/188/128
f 229/330/229 230/331/230 134/198/134 128/188/128
f 134/198/134 230/331/230 231/332/231 140/210/140
f 231/332/231 232/333/232 146/220/146 140/210/140
f 146/220/146 232/333/232 233/334/233 155/235/155
f 233/334/233 234/335/234 154/234/154 155/235/155
f 154/234/154 234/335/234 235/336/235 161/246/161
f 235/336/235 236/337/236 164/250/164 161/246/161
f 164/250/164 236/337/236 237/338/237 170/261/170
f 237/338/237 238/339/238 173/264/173 170/261/170
f 173/264/173 238/339/238 239/340/239 183/282/183
f 239/340/239 240/341/240 209/310/209 183/282/183
f 209/310/209 240/341/240 241/342/241 207/308/207
f 241/342/241 242/343/242 205/306/205 207/308/207
f 205/306/205 242/343/242 216/317/216 105/161/105
f 242/343/242 241/342/241 243/344/243 244/345/244
f 244/345/244 216/317/216 242/343/242
f 216/317/216 244/345/244 245/346/245 217/318/217
f 245/346/245 219/320/219 218/319/218 217/318/217
f 241/342/241 240/341/240 246/347/246 243/344/243
f 246/347/246 240/341/240 239/340/239 247/348/247
f 239/340/239 238/339/238 247/348/247
f 247/348/247 238/339/238 237/338/237 248/349/248
f 237/338/237 236/337/236 249/350/249 248/349/248
f 249/350/249 236/337/236 235/336/235 250/351/250
f 235/336/235 234/335/234 251/352/251 250/351/250
f 251/352/251 234/335/234 233/334/233
f 233/334/233 232/333/232 252/353/252 251/352/251
f 252/353/252 232/333/232 231/332/231 253/354/253
f 231/332/231 230/331/230 253/354/253
f 253/354/253 230/331/230 229/330/229 254/355/254
f 229/330/229 228/329/228 255/356/255 254/355/254
f 255/356/255 228/329/228 227/328/227
f 227/328/227 226/327/226 256/357/256 255/356/255
f 256/357/256 226/327/226 225/326/225 257/358/257
f 225/326/225 224/325/224 258/359/258 257/358/257
f 258/359/258 224/325/224 223/324/223 259/360/259
f 223/324/223 222/323/222 260/361/260 259/360/259
f 260/361/260 222/323/222 221/322/221 261/362/261
f 221/322/221 220/321/220 262/363/262 261/362/261
f 262/363/262 220/321/220 219/320/219 245/346/245
f 245/346/245 244/345/244 263/364/263 262/363/262
f 263/364/263 244/345/244 243/344/243 264/365/264
f 243/344/243 246/347/246 265/366/265 264/365/264
f 265/366/265 246/347/246 247/348/247
f 247/348/247 248/349/248 266/367/266 265/366/265
f 266/367/266 248/349/248 249/350/249 267/368/267
f 249/350/249 250/351/250 268/369/268 267/368/267
f 268/369/268 250/351/250 251/352/251 269/370/269
f 251/352/251 252/353/252 270/371/270 269/370/269
f 270/371/270 252/353/252 253/354/253 271/372/271
f 253/354/253 254/355/254 271/372/271
f 271/372/271 254/355/254 255/356/255 272/373/272
f 255/356/255 256/357/256 272/373/272
f 272/373/272 256/357/256 257/358/257 273/374/273
f 257/358/257 258/359/258 273/374/273
f 273/374/273 258/359/258 259/360/259 274/375/274
f 259/360/259 260/361/260 275/376/275 274/375/274
f 275/376/275 260/361/260 261/362/261 276/377/276
f 261/362/261 262/363/262 277/378/277 276/377/276
f 277/378/277 262/363/262 263/364/263 278/379/278
f 263/364/263 264/365/264 279/380/279 278/379/278
f 279/380/279 264/365/264 265/366/265 280/381/280
f 265/366/265 266/367/266 281/382/281 280/381/280
f 281/382/281 266/367/266 267/368/267 282/383/282
f 267/368/267 268/369/268 283/384/283 282/383/282
f 283/384/283 268/369/268 269/370/269
f 269/370/269 270/371/270 284/385/284 283/384/283
f 284/385/284 270/371/270 271/372/271 272/373/272
f 272/373/272 273/374/273 285/386/285 284/385/284
f 285/386/285 273/374/273 274/375/274
f 274/375/274 275/376/275 286/387/286 285/386/285
f 286/387/286 275/376/275 276/377/276 287/388/287
f 276/377/276 277/378/277 288/389/288 287/388/287
f 288/389/288 277/378/277 278/379/278
f 278/379/278 279/380/279 289/390/289 288/389/288
f 289/390/289 279/380/279 280/381/280
f 280/381/280 281/382/281 290/391/290 289/390/289
f 290/391/290 281/382/281 282/383/282 291/392/291
f 282/383/282 283/384/283 292/393/292 291/392/291
f 292/393/292 283/384/283 284/385/284 285/386/285
f 291/392/291 292/393/292 285/386/285 286/387/286
f 287/388/287 290/391/290 291/392/291 286/387/286
f 289/390/289 290/391/290 287/388/287 288/389/288
f 215/316/215 293/394/293 294/395/294 203/304/203
f 293/394/293 295/396/295 296/397/296 294/395/294
f 295/396/295 297/398/297 298/399/298 296/397/296
f 203/304/203 294/395/294 299/400/299 202/303/202
f 294/395/294 296/397/296 300/401/300 299/400/299
f 296/397/296 298/399/298 301/402/301 300/401/300
f 202/303/202 299/400/299 302/403/302 201/302/201
f 299/400/299 300/401/300 303/404/303 302/403/302
f 300/401/300 301/402/301 304/405/304 303/404/303
f 201/302/201 302/403/302 305/406/305 186/287/186
f 302/403/302 303/404/303 306/407/306 305/406/305
f 303/404/303 304/405/304 307/408/307 306/407/306
f 186/287/186 305/406/305 308/409/308 187/288/187
f 305/406/305 306/407/306 309/410/309 308/409/308
f 306/407/306 307/408/307 310/411/310 309/410/309
f 187/288/187 308/409/308 311/412/311 188/289/188
f 188/289/188 311/412/311 312/413/312 189/290/189
f 313/414/313 314/415/314 315/416/315 316/417/316
f 189/290/189 312/413/312 317/418/317 190/291/190
f 190/291/190 317/418/317 318/419/318 191/292/191
f 308/409/308 309/410/309 319/420/319 311/412/311
f 311/412/311 319/420/319 320/421/320 312/413/312
f 321/422/321 314/415/314 313/414/313 322/423/322
f 312/413/312 320/421/320 323/424/323 317/418/317
f 317/418/317 323/424/323 324/425/324 318/419/318
f 309/410/309 310/411/310 315/416/315 319/420/319
f 319/420/319 315/416/315 314/415/314 320/421/320
f 320/421/320 314/415/314 321/422/321 323/424/323
f 323/424/323 321/422/321 325/426/325 324/425/324
f 191/292/191 318/419/318 326/427/326 192/293/192
f 192/293/192 326/427/326 193/294/193
f 193/294/193 326/427/326 327/428/327 194/295/194
f 194/295/194 327/428/327 328/429/328 195/296/195
f 195/296/195 328/429/328 329/430/329 196/297/196
f 196/297/196 329/430/329 330/431/330 197/298/197
f 315/416/315 310/411/310 331/432/331 316/417/316
f 318/419/318 324/425/324 332/433/332 326/427/326
f 326/427/326 332/433/332 333/434/333
f 326/427/326 333/434/333 334/435/334 327/428/327
f 327/428/327 334/435/334 335/436/335 328/429/328
f 328/429/328 335/436/335 336/437/336 329/430/329
f 329/430/329 336/437/336 337/438/337 330/431/330
f 325/426/325 338/439/338 339/440/339 340/441/340
f 324/425/324 325/426/325 340/441/340 332/433/332
f 332/433/332 340/441/340 341/442/341 333/434/333
f 333/434/333 341/442/341 342/443/342 334/435/334
f 334/435/334 342/443/342 343/444/343 335/436/335
f 335/436/335 343/444/343 344/445/344 336/437/336
f 336/437/336 344/445/344 345/446/345 337/438/337
f 197/298/197 330/431/330 346/447/346 198/299/198
f 198/299/198 346/447/346 347/448/347 199/300/199
f 199/300/199 347/448/347 348/449/348 200/301/200
f 200/301/200 348/449/348 349/450/349 124/180/124
f 330/431/330 337/438/337 350/451/350 346/447/346
f 346/447/346 350/451/350 351/452/351 347/448/347
f 347/448/347 351/452/351 352/453/352 348/449/348
f 348/449/348 352/453/352 353/454/353 349/450/349
f 337/438/337 345/446/345 354/455/354 350/451/350
f 350/451/350 354/455/354 355/456/355 351/452/351
f 351/452/351 355/456/355 356/457/356 352/453/352
f 352/453/352 356/457/356 357/458/357 353/454/353
f 124/180/124 349/450/349 358/459/358 87/134/87
f 87/134/87 358/459/358 359/460/359 85/131/85
f 85/131/85 359/460/359 360/461/360 83/129/83
f 349/450/349 353/454/353 361/462/361 358/459/358
f 358/459/358 361/462/361 362/463/362 359/460/359
f 359/460/359 362/463/362 363/464/363 360/461/360
f 353/454/353 357/458/357 364/465/364 361/462/361
f 361/462/361 364/465/364 365/466/365 362/463/362
f 362/463/362 365/466/365 366/467/366 363/464/363
f 83/129/83 360/461/360 367/468/367 79/124/79
f 79/124/79 367/468/367 368/469/368 80/125/80
f 80/125/80 368/469/368 369/470/369 74/117/74
f 74/117/74 369/470/369 370/471/370 71/113/71
f 360/461/360 363/464/363 371/472/371 367/468/367
f 367/468/367 371/472/371 372/473/372 368/469/368
f 368/469/368 372/473/372 373/474/373 369/470/369
f 369/470/369 373/474/373 374/475/374 370/471/370
f 363/464/363 366/467/366 375/476/375 371/472/371
f 371/472/371 375/476/375 376/477/376 372/473/372
f 372/473/372 376/477/376 377/478/377 373/474/373
f 373/474/373 377/478/377 378/479/378 374/475/374
f 71/113/71 370/471/370 379/480/379 66/103/66
f 66/103/66 379/480/379 380/481/380 62/95/62
f 62/95/62 380/481/380 381/482/381 60/93/60
f 60/93/60 381/482/381 57/89/57
f 57/89/57 381/482/381 382/483/382 56/87/56
f 56/87/56 382/483/382 55/86/55
f 370/471/370 374/475/374 379/480/379
f 379/480/379 374/475/374 383/484/383 380/481/380
f 380/481/380 383/484/383 384/485/384 381/482/381
f 385/486/385 386/487/386 387/488/387 388/489/388
f 381/482/381 384/485/384 389/490/389 382/483/382
f 390/491/390 391/492/391 392/493/392 393/494/393
f 378/479/378 394/495/394 395/496/395 396/497/396
f 374/475/374 378/479/378 396/497/396 383/484/383
f 383/484/383 396/497/396 397/498/397 384/485/384
f 397/498/397 398/499/398 390/491/390 393/494/393
f 384/485/384 397/498/397 393/494/393 389/490/389
f 392/493/392 391/492/391 399/500/399 400/501/400
f 55/86/55 382/483/382 401/502/401 40/59/40
f 40/59/40 401/502/401 402/503/402 39/57/39
f 39/57/39 402/503/402 403/504/403 6/8/6
f 6/8/6 403/504/403 404/505/404 7/9/7
f 7/9/7 404/505/404 405/506/405 8/11/8
f 8/11/8 405/506/405 406/507/406 16/25/16
f 382/483/382 389/490/389 407/508/407 401/502/401
f 401/502/401 407/508/407 408/509/408 402/503/402
f 402/503/402 408/509/408 403/504/403
f 403/504/403 408/509/408 409/510/409 404/505/404
f 404/505/404 409/510/409 410/511/410 405/506/405
f 405/506/405 410/511/410 411/512/411 406/507/406
f 389/490/389 393/494/393 392/493/392 407/508/407
f 407/508/407 392/493/392 400/501/400 408/509/408
f 399/500/399 386/487/386 412/513/412 400/501/400
f 408/509/408 400/501/400 412/513/412 409/510/409
f 409/510/409 412/513/412 410/511/410
f 410/511/410 412/513/412 413/514/413 411/512/411
f 16/25/16 406/507/406 414/515/414 42/66/42
f 42/66/42 414/515/414 415/516/415 43/67/43
f 43/67/43 415/516/415 416/517/416 44/68/44
f 406/507/406 411/512/411 417/518/417 414/515/414
f 414/515/414 417/518/417 418/519/418 415/516/415
f 415/516/415 418/519/418 419/520/419 416/517/416
f 411/512/411 413/514/413 420/521/420 417/518/417
f 417/518/417 420/521/420 421/522/421 418/519/418
f 418/519/418 421/522/421 422/523/422 419/520/419
f 44/68/44 416/517/416 423/524/423 45/70/45
f 45/70/45 423/524/423 424/525/424 46/72/46
f 46/72/46 424/525/424 425/526/425 47/74/47
f 416/517/416 419/520/419 426/527/426 423/524/423
f 423/524/423 426/527/426 427/528/427 424/525/424
f 424/525/424 427/528/427 428/529/428 425/526/425
f 419/520/419 422/523/422 429/530/429 426/527/426
f 426/527/426 429/530/429 430/531/430 427/528/427
f 427/528/427 430/531/430 431/532/431 428/529/428
f 47/74/47 425/526/425 432/533/432 213/314/213
f 425/526/425 428/529/428 433/534/433 432/533/432
f 428/529/428 431/532/431 434/535/434 433/534/433
f 213/314/213 432/533/432 435/536/435 214/315/214
f 432/533/432 433/534/433 436/537/436 435/536/435
f 433/534/433 434/535/434 437/538/437 436/537/436
f 214/315/214 435/536/435 293/394/293 215/316/215
f 435/536/435 436/537/436 295/396/295 293/394/293
f 436/537/436 437/538/437 297/398/297 295/396/295
f 340/441/340 339/440/339 342/443/342 341/442/341
f 342/443/342 339/440/339 438/539/438 439/540/439
f 439/540/439 343/444/343 342/443/342
f 343/444/343 439/540/439 440/541/440 344/445/344
f 440/541/440 345/446/345 344/445/344
f 438/539/438 441/542/441 440/541/440 439/540/439
f 440/541/440 441/542/441 442/543/442 443/544/443
f 443/544/443 354/455/354 345/446/345 440/541/440
f 354/455/354 443/544/443 444/545/444 355/456/355
f 444/545/444 445/546/445 356/457/356 355/456/355
f 356/457/356 445/546/445 446/547/446 357/458/357
f 446/547/446 447/548/447 364/465/364 357/458/357
f 442/543/442 448/549/448 444/545/444 443/544/443
f 444/545/444 448/549/448 449/550/449 445/546/445
f 449/550/449 450/551/450 446/547/446 445/546/445
f 339/440/339 338/439/338 451/552/451 438/539/438
f 451/552/451 452/553/452 438/539/438
f 438/539/438 452/553/452 453/554/453 441/542/441
f 453/554/453 454/555/454 442/543/442 441/542/441
f 442/543/442 454/555/454 455/556/455 448/549/448
f 455/556/455 456/557/456 449/550/449 448/549/448
f 449/550/449 456/557/456 457/558/457 450/551/450
f 321/422/321 322/423/322 338/439/338 325/426/325
f 446/547/446 450/551/450 458/559/458 447/548/447
f 364/465/364 447/548/447 459/560/459 365/466/365
f 459/560/459 460/561/460 366/467/366 365/466/365
f 366/467/366 460/561/460 461/562/461 462/563/462
f 462/563/462 375/476/375 366/467/366
f 461/562/461 463/564/463 464/565/464 462/563/462
f 460/561/460 465/566/465 466/567/466 461/562/461
f 465/566/465 460/561/460 459/560/459
f 459/560/459 447/548/447 458/559/458 465/566/465
f 466/567/466 465/566/465 467/568/467 468/569/468
f 465/566/465 458/559/458 469/570/469 467/568/467
f 469/570/469 458/559/458 450/551/450 457/558/457
f 461/562/461 466/567/466 470/571/470 463/564/463
f 466/567/466 468/569/468 471/572/471 470/571/470
f 375/476/375 462/563/462 464/565/464 376/477/376
f 376/477/376 464/565/464 472/573/472 377/478/377
f 472/573/472 394/495/394 378/479/378 377/478/377
f 395/496/395 398/499/398 397/498/397 396/497/396
f 386/487/386 385/486/385 413/514/413 412/513/412
f 413/514/413 473/574/473 420/521/420
f 473/574/473 413/514/413 474/575/474 475/576/475
f 474/575/474 476/577/476 477/578/477 475/576/475
f 420/521/420 473/574/473 478/579/478 421/522/421
f 478/579/478 479/580/479 422/523/422 421/522/421
f 473/574/473 475/576/475 480/581/480 478/579/478
f 480/581/480 475/576/475 477/578/477 481/582/481
f 310/411/310 307/408/307 304/405/304 482/583/482
f 304/405/304 301/402/301 483/584/483 482/583/482
f 483/584/483 301/402/301 298/399/298 484/585/484
f 298/399/298 297/398/297 485/586/485 484/585/484
f 485/586/485 297/398/297 437/538/437 486/587/486
f 437/538/437 434/535/434 487/588/487
f 434/535/434 431/532/431 488/589/488 487/588/487
f 488/589/488 431/532/431 430/531/430 489/590/489
f 430/531/430 429/530/429 490/591/490 489/590/489
f 490/591/490 429/530/429 422/523/422 479/580/479
f 479/580/479 491/592/491 490/591/490
f 481/582/481 492/593/492 493/594/493 480/581/480
f 493/594/493 492/593/492 494/595/494 495/596/495
f 494/595/494 496/597/496 497/598/497 495/596/495
f 495/596/495 497/598/497 498/599/498 499/600/499
f 499/600/499 500/601/500 493/594/493 495/596/495
f 493/594/493 500/601/500 478/579/478 480/581/480
f 479/580/479 478/579/478 500/601/500 501/602/501
f 500/601/500 499/600/499 502/603/502 501/602/501
f 502/603/502 499/600/499 498/599/498 503/604/503
f 503/604/503 504/605/504 505/606/505 502/603/502
f 502/603/502 505/606/505 506/607/506 501/602/501
f 506/607/506 491/592/491 479/580/479 501/602/501
f 491/592/491 507/608/507 489/590/489 490/591/490
f 507/608/507 491/592/491 506/607/506 508/609/508
f 506/607/506 505/606/505 509/610/509 508/609/508
f 509/610/509 505/606/505 504/605/504 510/611/510
f 487/588/487 511/612/511 486/587/486 437/538/437
f 511/612/511 487/588/487 488/589/488 512/613/512
f 488/589/488 513/614/513 514/615/514 512/613/512
f 513/614/513 488/589/488 489/590/489
f 489/590/489 507/608/507 515/616/515 513/614/513
f 515/616/515 507/608/507 508/609/508 516/617/516
f 508/609/508 509/610/509 517/618/517 516/617/516
f 517/618/517 509/610/509 510/611/510 518/619/518
f 510/611/510 519/620/519 520/621/520 518/619/518
f 519/620/519 510/611/510 504/605/504 521/622/521
f 504/605/504 503/604/503 522/623/522 521/622/521
f 522/623/522 503/604/503 498/599/498
f 498/599/498 497/598/497 523/624/523 522/623/522
f 523/624/523 497/598/497 496/597/496 524/625/524
f 496/597/496 525/626/525 526/627/526 524/625/524
f 525/626/525 496/597/496 494/595/494 527/628/527
f 494/595/494 492/593/492 528/629/528 527/628/527
f 528/629/528 492/593/492 481/582/481 529/630/529
f 481/582/481 530/631/530 531/632/531 529/630/529
f 530/631/530 481/582/481 477/578/477
f 526/627/526 525/626/525 532/633/532 533/634/533
f 525/626/525 527/628/527 534/635/534 532/633/532
f 534/635/534 527/628/527 528/629/528 535/636/535
f 528/629/528 536/637/536 537/638/537 535/636/535
f 536/637/536 528/629/528 529/630/529
f 529/630/529 531/632/531 538/639/538 536/637/536
f 538/639/538 531/632/531 539/640/539 540/641/540
f 541/642/541 542/643/542 543/644/543 544/645/544
f 531/632/531 530/631/530 545/646/545 539/640/539
f 545/646/545 530/631/530 477/578/477 476/577/476
f 386/487/386 399/500/399 546/647/546 387/488/387
f 546/647/546 399/500/399 391/492/391 547/648/547
f 391/492/391 390/491/390 548/649/548 547/648/547
f 548/649/548 390/491/390 549/650/549
f 549/650/549 550/651/550 551/652/551 548/649/548
f 551/652/551 550/651/550 552/653/552 553/654/553
f 552/653/552 554/655/554 555/656/555 553/654/553
f 541/642/541 388/489/388 556/657/556 542/643/542
f 387/488/387 556/657/556 388/489/388
f 556/657/556 387/488/387 546/647/546 557/658/557
f 546/647/546 547/648/547 558/659/558 557/658/557
f 558/659/558 547/648/547 548/649/548 551/652/551
f 553/654/553 559/660/559 558/659/558 551/652/551
f 559/660/559 553/654/553 555/656/555 560/661/560
f 558/659/558 559/660/559 561/662/561 557/658/557
f 561/662/561 562/663/562 556/657/556 557/658/557
f 556/657/556 562/663/562 563/664/563 542/643/542
f 563/664/563 564/665/564 543/644/543 542/643/542
f 537/638/537 536/637/536 538/639/538 565/666/565
f 538/639/538 540/641/540 566/667/566 565/666/565
f 567/668/567 544/645/544 543/644/543 568/669/568
f 543/644/543 564/665/564 569/670/569 568/669/568
f 559/660/559 560/661/560 570/671/570 561/662/561
f 561/662/561 570/671/570 571/672/571 562/663/562
f 571/672/571 572/673/572 563/664/563 562/663/562
f 563/664/563 572/673/572 573/674/573 564/665/564
f 573/674/573 574/675/574 569/670/569 564/665/564
f 514/615/514 513/614/513 515/616/515 575/676/575
f 515/616/515 516/617/516 576/677/576 575/676/575
f 576/677/576 516/617/516 517/618/517 577/678/577
f 517/618/517 518/619/518 578/679/578 577/678/577
f 578/679/578 518/619/518 520/621/520 579/680/579
f 520/681/520 580/682/580 581/683/581 579/684/579
f 581/683/581 580/682/580 582/685/582 583/686/583
f 582/685/582 584/687/584 585/688/585 583/686/583
f 585/688/585 584/687/584 586/689/586 587/690/587
f 586/689/586 588/691/588 589/692/589 587/690/587
f 589/692/589 588/691/588 590/693/590
f 588/694/588 591/695/591 590/696/590
f 591/695/591 588/694/588 592/697/592 593/698/593
f 592/697/592 594/699/594 595/700/595 593/698/593
f 595/700/595 594/699/594 511/612/511 512/613/512
f 512/613/512 514/615/514 596/701/596 595/700/595
f 596/701/596 514/615/514 575/676/575 597/702/597
f 575/676/575 576/677/576 598/703/598 597/702/597
f 598/703/598 576/677/576 577/678/577 599/704/599
f 577/678/577 578/679/578 600/705/600 599/704/599
f 600/705/600 578/679/578 579/680/579 601/706/601
f 579/684/579 581/683/581 602/707/602 601/708/601
f 602/707/602 581/683/581 583/686/583 603/709/603
f 583/686/583 585/688/585 604/710/604 603/709/603
f 604/710/604 585/688/585 587/690/587 605/711/605
f 587/690/587 589/692/589 606/712/606 605/711/605
f 606/712/606 589/692/589 590/693/590 607/713/607
f 590/696/590 591/695/591 608/714/608 607/715/607
f 608/714/608 591/695/591 593/698/593 609/716/609
f 593/698/593 610/717/610 609/716/609
f 610/717/610 593/698/593 595/700/595 596/701/596
f 596/701/596 597/702/597 611/718/611 610/717/610
f 611/718/611 597/702/597 598/703/598 612/719/612
f 598/703/598 599/704/599 613/720/613 612/719/612
f 613/720/613 599/704/599 600/705/600 614/721/614
f 600/705/600 601/706/601 615/722/615 614/721/614
f 615/723/615 601/708/601 602/707/602 616/724/616
f 602/707/602 603/709/603 617/725/617 616/724/616
f 617/725/617 603/709/603 604/710/604 618/726/618
f 604/710/604 605/711/605 619/727/619 618/726/618
f 619/727/619 605/711/605 606/712/606 620/728/620
f 606/712/606 607/713/607 621/729/621 620/728/620
f 621/730/621 607/715/607 608/714/608 622/731/622
f 609/716/609 610/717/610 611/718/611 623/732/623
f 611/718/611 612/719/612 624/733/624 623/732/623
f 624/733/624 612/719/612 613/720/613 625/734/625
f 613/720/613 614/721/614 626/735/626 625/734/625
f 626/735/626 614/721/614 615/722/615 627/736/627
f 615/723/615 616/724/616 628/737/628 627/738/627
f 628/737/628 616/724/616 617/725/617 629/739/629
f 617/725/617 618/726/618 630/740/630 629/739/629
f 630/740/630 618/726/618 619/727/619 631/741/631
f 619/727/619 620/728/620 632/742/632 631/741/631
f 632/742/632 620/728/620 621/729/621 633/743/633
f 621/730/621 622/731/622 634/744/634 633/745/633
f 609/716/609 623/732/623 635/746/635 608/714/608
f 635/746/635 623/732/623 624/733/624 636/747/636
f 624/733/624 625/734/625 637/748/637 636/747/636
f 637/748/637 625/734/625 626/735/626 638/749/638
f 626/735/626 627/736/627 639/750/639 638/749/638
f 639/751/639 627/738/627 628/737/628 640/752/640
f 628/737/628 629/739/629 641/753/641 640/752/640
f 641/753/641 629/739/629 630/740/630 642/754/642
f 630/740/630 631/741/631 643/755/643 642/754/642
f 643/755/643 631/741/631 632/742/632
f 644/756/644 645/757/645 646/758/646 647/759/647
f 648/760/648 649/761/649 645/757/645 644/756/644
f 608/714/608 635/746/635 650/762/650 622/731/622
f 650/762/650 635/746/635 636/747/636 651/763/651
f 636/747/636 637/748/637 652/764/652 651/763/651
f 652/764/652 637/748/637 638/749/638 653/765/653
f 638/749/638 639/750/639 654/766/654 653/765/653
f 654/767/654 639/751/639 640/752/640 655/768/655
f 640/752/640 641/753/641 656/769/656 655/768/655
f 656/769/656 641/753/641 642/754/642 657/770/657
f 642/754/642 643/755/643 657/770/657
f 632/742/632 646/758/646 657/770/657 643/755/643
f 657/770/657 646/758/646 645/757/645 656/769/656
f 645/757/645 649/761/649 655/768/655 656/769/656
f 655/768/655 649/761/649 658/771/658 654/767/654
f 658/772/658 659/773/659 653/765/653 654/766/654
f 653/765/653 659/773/659 660/774/660 652/764/652
f 660/774/660 661/775/661 651/763/651 652/764/652
f 651/763/651 661/775/661 662/776/662 650/762/650
f 662/776/662 634/744/634 622/731/622 650/762/650
f 647/759/647 646/758/646 632/742/632 663/777/663
f 663/777/663 632/742/632 633/743/633 664/778/664
f 664/779/664 633/745/633 634/744/634 665/780/665
f 665/780/665 634/744/634 662/776/662 666/781/666
f 666/781/666 662/776/662 661/775/661 667/782/667
f 667/782/667 661/775/661 660/774/660 668/783/668
f 668/783/668 660/774/660 659/773/659 669/784/669
f 669/784/669 659/773/659 658/772/658 670/785/670
f 670/786/670 658/771/658 649/761/649 648/760/648
f 671/787/671 669/784/669 670/785/670 672/788/672
f 672/789/672 670/786/670 648/760/648 673/790/673
f 673/790/673 648/760/648 644/756/644 674/791/674
f 674/791/674 644/756/644 647/759/647 675/792/675
f 675/792/675 647/759/647 663/777/663 676/793/676
f 676/793/676 663/777/663 664/778/664 677/794/677
f 677/795/677 664/779/664 665/780/665 678/796/678
f 678/796/678 665/780/665 666/781/666 679/797/679
f 679/797/679 666/781/666 667/782/667 680/798/680
f 680/798/680 667/782/667 668/783/668 681/799/681
f 681/799/681 668/783/668 669/784/669 671/787/671
f 682/800/682 677/795/677 678/796/678 683/801/683
f 683/801/683 678/796/678 679/797/679 684/802/684
f 684/802/684 679/797/679 680/798/680 685/803/685
f 685/803/685 680/798/680 681/799/681 686/804/686
f 686/804/686 681/799/681 671/787/671 687/805/687
f 687/805/687 671/787/671 672/788/672 688/806/688
f 688/807/688 672/789/672 673/790/673 689/808/689
f 689/808/689 673/790/673 674/791/674 690/809/690
f 690/809/690 674/791/674 675/792/675 691/810/691
f 691/810/691 675/792/675 676/793/676 692/811/692
f 692/811/692 676/793/676 677/794/677 682/812/682
f 693/813/693 692/811/692 682/812/682 694/814/694
f 694/815/694 682/800/682 683/801/683 695/816/695
f 695/816/695 683/801/683 684/802/684 696/817/696
f 696/817/696 684/802/684 685/803/685 697/818/697
f 697/818/697 685/803/685 686/804/686 698/819/698
f 698/819/698 686/804/686 687/805/687 699/820/699
f 699/820/699 687/805/687 688/806/688 700/821/700
f 700/822/700 688/807/688 689/808/689 701/823/701
f 701/823/701 689/808/689 690/809/690 702/824/702
f 702/824/702 690/809/690 691/810/691 703/825/703
f 703/825/703 691/810/691 692/811/692 693/813/693
f 704/826/704 700/822/700 701/823/701
f 704/826/704 701/823/701 702/824/702
f 704/826/704 702/824/702 703/825/703
f 704/826/704 703/825/703 693/813/693
f 704/826/704 693/813/693 694/814/694
f 704/827/704 694/815/694 695/816/695
f 704/827/704 695/816/695 696/817/696
f 704/827/704 696/817/696 697/818/697
f 704/827/704 697/818/697 698/819/698
f 704/827/704 698/819/698 699/820/699
f 704/827/704 699/820/699 700/821/700
f 533/634/533 705/828/705 706/829/706 526/627/526
f 526/627/526 706/829/706 707/830/707 524/625/524
f 707/830/707 708/831/708 709/832/709 524/625/524
f 524/625/524 709/832/709 523/624/523
f 709/833/709 708/834/708 710/835/710 711/836/711
f 710/835/710 712/837/712 713/838/713 711/836/711
f 711/836/711 522/839/522 523/840/523 709/833/709
f 521/841/521 522/839/522 711/836/711 714/842/714
f 714/842/714 715/843/715 519/844/519 521/841/521
f 711/836/711 713/838/713 716/845/716 714/842/714
f 715/843/715 714/842/714 716/845/716 717/846/717
f 705/828/705 533/634/533 718/847/718 719/848/719
f 718/847/718 720/849/720 721/850/721 719/848/719
f 721/851/721 720/852/720 722/853/722 723/854/723
f 722/853/722 724/855/724 725/856/725 723/854/723
f 725/856/725 724/855/724 726/857/726 727/858/727
f 726/857/726 713/838/713 712/837/712 727/858/727
f 532/633/532 728/859/728 718/847/718 533/634/533
f 718/847/718 728/859/728 729/860/729 720/849/720
f 729/861/729 730/862/730 722/853/722 720/852/720
f 722/853/722 730/862/730 731/863/731 724/855/724
f 731/863/731 732/864/732 726/857/726 724/855/724
f 726/857/726 732/864/732 716/845/716 713/838/713
f 733/865/733 727/858/727 712/837/712 734/866/734
f 734/866/734 712/837/712 710/835/710 735/867/735
f 735/867/735 710/835/710 708/834/708 736/868/736
f 736/869/736 708/831/708 707/830/707 737/870/737
f 737/870/737 707/830/707 706/829/706 738/871/738
f 738/871/738 706/829/706 705/828/705 739/872/739
f 739/872/739 705/828/705 719/848/719 740/873/740
f 740/873/740 719/848/719 721/850/721 741/874/741
f 741/875/741 721/851/721 723/854/723 742/876/742
f 742/876/742 723/854/723 725/856/725 743/877/743
f 743/877/743 725/856/725 727/858/727 733/865/733
f 744/878/744 740/873/740 741/874/741 745/879/745
f 745/880/745 741/875/741 742/876/742 746/881/746
f 746/881/746 742/876/742 743/877/743 747/882/747
f 747/882/747 743/877/743 733/865/733 748/883/748
f 748/883/748 733/865/733 734/866/734 749/884/749
f 749/884/749 734/866/734 735/867/735 750/885/750
f 750/885/750 735/867/735 736/868/736 751/886/751
f 751/887/751 736/869/736 737/870/737 752/888/752
f 752/888/752 737/870/737 738/871/738 753/889/753
f 753/889/753 738/871/738 739/872/739 754/890/754
f 754/890/754 739/872/739 740/873/740 744/878/744
f 755/891/755 748/883/748 749/884/749 756/892/756
f 756/892/756 749/884/749 750/885/750 757/893/757
f 757/893/757 750/885/750 751/886/751 758/894/758
f 758/895/758 751/887/751 752/888/752 759/896/759
f 759/896/759 752/888/752 753/889/753 760/897/760
f 760/897/760 753/889/753 754/890/754 761/898/761
f 761/898/761 754/890/754 744/878/744 762/899/762
f 762/899/762 744/878/744 745/879/745 763/900/763
f 763/901/763 745/880/745 746/881/746 764/902/764
f 764/902/764 746/881/746 747/882/747 765/903/765
f 765/903/765 747/882/747 748/883/748 755/891/755
f 766/904/766 763/901/763 764/902/764 767/905/767
f 767/905/767 764/902/764 765/903/765 768/906/768
f 768/906/768 765/903/765 755/891/755 769/907/769
f 769/907/769 755/891/755 756/892/756 770/908/770
f 770/908/770 756/892/756 757/893/757 771/909/771
f 771/909/771 757/893/757 758/894/758 772/910/772
f 772/911/772 758/895/758 759/896/759 773/912/773
f 773/912/773 759/896/759 760/897/760 774/913/774
f 774/913/774 760/897/760 761/898/761 775/914/775
f 775/914/775 761/898/761 762/899/762 776/915/776
f 776/915/776 762/899/762 763/900/763 766/916/766
f 777/917/777 771/909/771 772/910/772 778/918/778
f 778/919/778 772/911/772 773/912/773 779/920/779
f 779/920/779 773/912/773 774/913/774 780/921/780
f 780/921/780 774/913/774 775/914/775 781/922/781
f 781/922/781 775/914/775 776/915/776 782/923/782
f 782/923/782 776/915/776 766/916/766 783/924/783
f 783/925/783 766/904/766 767/905/767 784/926/784
f 784/926/784 767/905/767 768/906/768 785/927/785
f 785/927/785 768/906/768 769/907/769 786/928/786
f 786/928/786 769/907/769 770/908/770 787/929/787
f 787/929/787 770/908/770 771/909/771 777/917/777
f 788/930/788 779/920/779 780/921/780 789/931/789
f 789/931/789 780/921/780 781/922/781 790/932/790
f 790/932/790 781/922/781 782/923/782 791/933/791
f 791/933/791 782/923/782 783/924/783 792/934/792
f 792/935/792 783/925/783 784/926/784 793/936/793
f 793/936/793 784/926/784 785/927/785 794/937/794
f 794/937/794 785/927/785 786/928/786 795/938/795
f 795/938/795 786/928/786 787/929/787 796/939/796
f 796/939/796 787/929/787 777/917/777 797/940/797
f 797/940/797 777/917/777 778/918/778 798/941/798
f 798/942/798 778/919/778 779/920/779 788/930/788
f 799/943/799 794/937/794 795/938/795 800/944/800
f 800/944/800 795/938/795 796/939/796 801/945/801
f 801/945/801 796/939/796 797/940/797 802/946/802
f 802/946/802 797/940/797 798/941/798 803/947/803
f 803/948/803 798/942/798 788/930/788 804/949/804
f 804/949/804 788/930/788 789/931/789 805/950/805
f 805/950/805 789/931/789 790/932/790 806/951/806
f 806/951/806 790/932/790 791/933/791 807/952/807
f 807/952/807 791/933/791 792/934/792 808/953/808
f 808/954/808 792/935/792 793/936/793 809/955/809
f 809/955/809 793/936/793 794/937/794 799/943/799
f 810/956/810 807/952/807 808/953/808
f 810/957/810 808/954/808 809/955/809
f 810/957/810 809/955/809 799/943/799
f 810/957/810 799/943/799 800/944/800
f 810/957/810 800/944/800 801/945/801
f 810/957/810 801/945/801 802/946/802
f 810/957/810 802/946/802 803/947/803
f 810/956/810 803/948/803 804/949/804
f 810/956/810 804/949/804 805/950/805
f 810/956/810 805/950/805 806/951/806
f 810/956/810 806/951/806 807/952/807
f 532/633/532 534/635/534 811/958/811 728/859/728
f 728/859/728 811/958/811 812/959/812 729/860/729
f 534/635/534 535/636/535 813/960/813 811/958/811
f 811/958/811 813/960/813 814/961/814 812/959/812
f 535/636/535 537/638/537 815/962/815 813/960/813
f 813/960/813 815/962/815 816/963/816 814/961/814
f 537/638/537 565/666/565 817/964/817 815/962/815
f 815/962/815 817/964/817 818/965/818 816/963/816
f 565/666/565 566/667/566 819/966/819 817/964/817
f 817/964/817 819/966/819 820/967/820 818/965/818
f 567/668/567 568/669/568 821/968/821 822/969/822
f 822/969/822 821/968/821 823/970/823 824/971/824
f 729/861/729 812/972/812 825/973/825 730/862/730
f 730/862/730 825/973/825 826/974/826 731/863/731
f 812/972/812 814/975/814 827/976/827 825/973/825
f 825/973/825 827/976/827 828/977/828 826/974/826
f 814/975/814 816/978/816 829/979/829 827/976/827
f 827/976/827 829/979/829 830/980/830 828/977/828
f 816/978/816 818/981/818 831/982/831 829/979/829
f 829/979/829 831/982/831 832/983/832 830/980/830
f 818/981/818 820/984/820 833/985/833 831/982/831
f 831/982/831 833/985/833 834/986/834 832/983/832
f 824/987/824 823/988/823 835/989/835 836/990/836
f 836/990/836 835/989/835 837/991/837 838/992/838
f 716/845/716 732/864/732 839/993/839 717/846/717
f 732/864/732 731/863/731 826/974/826 839/993/839
f 520/681/520 519/844/519 840/994/840 580/682/580
f 826/974/826 828/977/828 841/995/841 839/993/839
f 839/993/839 841/995/841 842/996/842 717/846/717
f 717/846/717 842/996/842 843/997/843 715/843/715
f 715/843/715 843/997/843 840/994/840 519/844/519
f 840/994/840 844/998/844 845/999/845 580/682/580
f 580/682/580 845/999/845 846/1000/846 582/685/582
f 846/1000/846 847/1001/847 584/687/584 582/685/582
f 584/687/584 847/1001/847 848/1002/848 586/689/586
f 848/1002/848 849/1003/849 586/689/586
f 837/991/837 850/1004/850 851/1005/851 838/992/838
f 851/1005/851 850/1004/850 852/1006/852 853/1007/853
f 852/1006/852 854/1008/854 855/1009/855 853/1007/853
f 855/1009/855 854/1008/854 856/1010/856 857/1011/857
f 858/1012/858 859/1013/859 860/1014/860
f 859/1013/859 858/1012/858 861/1015/861 862/1016/862
f 861/1015/861 570/671/570 560/661/560 862/1016/862
f 821/968/821 569/670/569 863/1017/863 823/970/823
f 569/670/569 821/968/821 568/669/568
f 823/988/823 863/1018/863 864/1019/864 835/989/835
f 864/1019/864 865/1020/865 837/991/837 835/989/835
f 837/991/837 865/1020/865 866/1021/866 850/1004/850
f 866/1021/866 867/1022/867 852/1006/852 850/1004/850
f 569/670/569 574/675/574 868/1023/868 863/1017/863
f 868/1024/868 869/1025/869 864/1019/864 863/1018/863
f 864/1019/864 869/1025/869 870/1026/870 865/1020/865
f 870/1026/870 871/1027/871 866/1021/866 865/1020/865
f 866/1021/866 871/1027/871 872/1028/872 867/1022/867
f 872/1028/872 873/1029/873 852/1006/852 867/1022/867
f 852/1006/852 873/1029/873 874/1030/874 854/1008/854
f 874/1030/874 875/1031/875 856/1010/856 854/1008/854
f 856/1032/856 875/1033/875 876/1034/876 858/1012/858
f 876/1034/876 877/1035/877 861/1015/861 858/1012/858
f 861/1015/861 877/1035/877 878/1036/878
f 878/1036/878 571/672/571 570/671/570 861/1015/861
f 571/672/571 878/1036/878 879/1037/879 572/673/572
f 879/1037/879 880/1038/880 573/674/573 572/673/572
f 573/674/573 880/1038/880 881/1039/881 574/675/574
f 882/1040/882 883/1041/883 868/1023/868 574/675/574
f 883/1042/883 884/1043/884 869/1025/869 868/1024/868
f 884/1043/884 885/1044/885 870/1026/870 869/1025/869
f 885/1044/885 886/1045/886 871/1027/871 870/1026/870
f 886/1045/886 887/1046/887 872/1028/872 871/1027/871
f 887/1046/887 888/1047/888 873/1029/873 872/1028/872
f 888/1047/888 889/1048/889 874/1030/874 873/1029/873
f 889/1048/889 890/1049/890 875/1031/875 874/1030/874
f 890/1050/890 891/1051/891 876/1034/876 875/1033/875
f 891/1051/891 892/1052/892 877/1035/877 876/1034/876
f 892/1052/892 893/1053/893 878/1036/878 877/1035/877
f 893/1053/893 894/1054/894 879/1037/879 878/1036/878
f 894/1054/894 895/1055/895 880/1038/880 879/1037/879
f 895/1055/895 881/1039/881 880/1038/880
f 881/1039/881 882/1040/882 574/675/574
f 896/1056/896 897/1057/897 893/1053/893 892/1052/892
f 897/1057/897 898/1058/898 894/1054/894 893/1053/893
f 898/1058/898 899/1059/899 895/1055/895 894/1054/894
f 899/1059/899 900/1060/900 881/1039/881 895/1055/895
f 900/1060/900 901/1061/901 882/1040/882 881/1039/881
f 901/1061/901 902/1062/902 883/1041/883 882/1040/882
f 902/1063/902 903/1064/903 884/1043/884 883/1042/883
f 903/1064/903 904/1065/904 885/1044/885 884/1043/884
f 904/1065/904 905/1066/905 886/1045/886 885/1044/885
f 905/1066/905 906/1067/906 887/1046/887 886/1045/886
f 906/1067/906 907/1068/907 888/1047/888 887/1046/887
f 907/1068/907 908/1069/908 889/1048/889 888/1047/888
f 908/1069/908 909/1070/909 890/1049/890 889/1048/889
f 909/1071/909 910/1072/910 891/1051/891 890/1050/890
f 910/1072/910 896/1056/896 892/1052/892 891/1051/891
f 911/1073/911 912/1074/912 897/1057/897 896/1056/896
f 912/1074/912 913/1075/913 898/1058/898 897/1057/897
f 913/1075/913 914/1076/914 899/1059/899 898/1058/898
f 914/1076/914 915/1077/915 900/1060/900 899/1059/899
f 915/1077/915 916/1078/916 901/1061/901 900/1060/900
f 916/1078/916 917/1079/917 902/1062/902 901/1061/901
f 917/1080/917 918/1081/918 903/1064/903 902/1063/902
f 918/1081/918 919/1082/919 904/1065/904 903/1064/903
f 919/1082/919 920/1083/920 905/1066/905 904/1065/904
f 920/1083/920 921/1084/921 906/1067/906 905/1066/905
f 921/1084/921 922/1085/922 907/1068/907 906/1067/906
f 922/1085/922 923/1086/923 908/1069/908 907/1068/907
f 923/1086/923 924/1087/924 909/1070/909 908/1069/908
f 924/1088/924 925/1089/925 910/1072/910 909/1071/909
f 925/1089/925 911/1073/911 896/1056/896 910/1072/910
f 926/1090/926 927/1091/927 914/1076/914 913/1075/913
f 927/1091/927 928/1092/928 915/1077/915 914/1076/914
f 928/1092/928 929/1093/929 916/1078/916 915/1077/915
f 929/1093/929 930/1094/930 917/1079/917 916/1078/916
f 930/1095/930 918/1081/918 917/1080/917
f 930/1095/930 931/1096/931 919/1082/919 918/1081/918
f 931/1096/931 932/1097/932 920/1083/920 919/1082/919
f 932/1097/932 933/1098/933 921/1084/921 920/1083/920
f 933/1098/933 934/1099/934 922/1085/922 921/1084/921
f 934/1099/934 935/1100/935 923/1086/923 922/1085/922
f 935/1100/935 936/1101/936 924/1087/924 923/1086/923
f 936/1102/936 937/1103/937 925/1089/925 924/1088/924
f 937/1103/937 938/1104/938 911/1073/911 925/1089/925
f 938/1104/938 939/1105/939 912/1074/912 911/1073/911
f 939/1105/939 926/1090/926 913/1075/913 912/1074/912
f 940/1106/940 941/1107/941 931/1096/931 930/1095/930
f 941/1107/941 932/1097/932 931/1096/931
f 941/1107/941 942/1108/942 933/1098/933 932/1097/932
f 942/1108/942 943/1109/943 934/1099/934 933/1098/933
f 943/1109/943 944/1110/944 935/1100/935 934/1099/934
f 944/1110/944 945/1111/945 936/1101/936 935/1100/935
f 945/1112/945 946/1113/946 937/1103/937 936/1102/936
f 946/1113/946 947/1114/947 938/1104/938 937/1103/937
f 947/1114/947 948/1115/948 939/1105/939 938/1104/938
f 948/1115/948 949/1116/949 926/1090/926 939/1105/939
f 949/1116/949 950/1117/950 927/1091/927 926/1090/926
f 950/1117/950 951/1118/951 928/1092/928 927/1091/927
f 951/1118/951 952/1119/952 929/1093/929 928/1092/928
f 952/1119/952 940/1120/940 930/1094/930 929/1093/929
f 953/1121/953 954/1122/954 945/1111/945 944/1110/944
f 954/1123/954 955/1124/955 946/1113/946 945/1112/945
f 955/1124/955 956/1125/956 947/1114/947 946/1113/946
f 956/1125/956 957/1126/957 948/1115/948 947/1114/947
f 957/1126/957 958/1127/958 949/1116/949 948/1115/948
f 958/1127/958 959/1128/959 950/1117/950 949/1116/949
f 959/1128/959 960/1129/960 951/1118/951 950/1117/950
f 960/1129/960 961/1130/961 952/1119/952 951/1118/951
f 961/1130/961 962/1131/962 940/1120/940 952/1119/952
f 962/1132/962 963/1133/963 941/1107/941 940/1106/940
f 963/1133/963 964/1134/964 942/1108/942 941/1107/941
f 964/1134/964 965/1135/965 943/1109/943 942/1108/942
f 965/1135/965 953/1121/953 944/1110/944 943/1109/943
f 966/1136/966 962/1131/962 961/1130/961
f 966/1137/966 963/1133/963 962/1132/962
f 966/1137/966 964/1134/964 963/1133/963
f 966/1137/966 965/1135/965 964/1134/964
f 966/1137/966 953/1121/953 965/1135/965
f 966/1137/966 954/1122/954 953/1121/953
f 966/1136/966 955/1124/955 954/1123/954
f 966/1136/966 956/1125/956 955/1124/955
f 966/1136/966 957/1126/957 956/1125/956
f 966/1136/966 958/1127/958 957/1126/957
f 966/1136/966 959/1128/959 958/1127/958
f 966/1136/966 960/1129/960 959/1128/959
f 966/1136/966 961/1130/961 960/1129/960
f 390/491/390 398/499/398 967/1138/967 549/650/549
f 549/650/549 967/1138/967 968/1139/968 550/651/550
f 550/651/550 968/1139/968 969/1140/969 552/653/552
f 398/499/398 395/496/395 970/1141/970 967/1138/967
f 967/1138/967 970/1141/970 971/1142/971 968/1139/968
f 968/1139/968 971/1142/971 972/1143/972 969/1140/969
f 395/496/395 394/495/394 973/1144/973 970/1141/970
f 970/1141/970 973/1144/973 974/1145/974 971/1142/971
f 971/1142/971 974/1145/974 975/1146/975 972/1143/972
f 394/495/394 472/573/472 976/1147/976 973/1144/973
f 973/1144/973 976/1147/976 977/1148/977 974/1145/974
f 974/1145/974 977/1148/977 978/1149/978 975/1146/975
f 472/573/472 464/565/464 463/564/463 976/1147/976
f 976/1147/976 463/564/463 470/571/470 977/1148/977
f 977/1148/977 470/571/470 471/572/471 978/1149/978
f 555/656/555 862/1016/862 560/661/560
f 862/1016/862 555/656/555 554/655/554 859/1013/859
f 554/655/554 979/1150/979 860/1014/860 859/1013/859
f 856/1032/856 858/1012/858 860/1014/860 857/1151/857
f 979/1150/979 980/1152/980 857/1151/857 860/1014/860
f 554/655/554 552/653/552 969/1140/969 981/1153/981
f 969/1140/969 972/1143/972 982/1154/982 981/1153/981
f 982/1154/982 972/1143/972 975/1146/975 983/1155/983
f 975/1146/975 978/1149/978 984/1156/984 983/1155/983
f 984/1156/984 978/1149/978 471/572/471 985/1157/985
f 471/572/471 468/569/468 986/1158/986 985/1157/985
f 986/1158/986 468/569/468 467/568/467 987/1159/987
f 467/568/467 988/1160/988 989/1161/989 987/1159/987
f 989/1162/989 988/1163/988 990/1164/990 991/1165/991
f 990/1164/990 992/1166/992 993/1167/993 991/1165/991
f 993/1167/993 992/1166/992 994/1168/994 995/1169/995
f 994/1168/994 996/1170/996 997/1171/997 995/1169/995
f 997/1171/997 996/1170/996 998/1172/998 999/1173/999
f 998/1172/998 1000/1174/1000 1001/1175/1001 999/1173/999
f 1001/1176/1001 1000/1177/1000 1002/1178/1002 1003/1179/1003
f 1002/1178/1002 982/1154/982 983/1155/983 1003/1179/1003
f 982/1154/982 1002/1178/1002 1004/1180/1004 981/1153/981
f 1004/1180/1004 979/1150/979 554/655/554 981/1153/981
f 979/1150/979 1004/1180/1004 1005/1181/1005 980/1152/980
f 1004/1180/1004 1002/1178/1002 1000/1177/1000 1005/1181/1005
f 1000/1174/1000 998/1172/998 1006/1182/1006 1005/1183/1005
f 1006/1182/1006 1007/1184/1007 980/1185/980 1005/1183/1005
f 980/1185/980 1007/1184/1007 1008/1186/1008 857/1011/857
f 1008/1186/1008 855/1009/855 857/1011/857
f 1003/1179/1003 983/1155/983 1009/1187/1009
f 983/1155/983 984/1156/984 1009/1187/1009
f 1010/1188/1010 999/1173/999 1001/1175/1001 1011/1189/1011
f 1011/1190/1011 1001/1176/1001 1003/1179/1003 1012/1191/1012
f 1012/1191/1012 1003/1179/1003 1009/1187/1009 1013/1192/1013
f 1013/1192/1013 1009/1187/1009 984/1156/984 1014/1193/1014
f 1014/1193/1014 984/1156/984 985/1157/985 1015/1194/1015
f 1015/1194/1015 985/1157/985 986/1158/986 1016/1195/1016
f 1016/1195/1016 986/1158/986 987/1159/987 1017/1196/1017
f 1017/1196/1017 987/1159/987 989/1161/989 1018/1197/1018
f 1018/1198/1018 989/1162/989 991/1165/991 1019/1199/1019
f 1019/1199/1019 991/1165/991 993/1167/993 1020/1200/1020
f 1020/1200/1020 993/1167/993 995/1169/995 1021/1201/1021
f 1021/1201/1021 995/1169/995 997/1171/997 1022/1202/1022
f 1022/1202/1022 997/1171/997 999/1173/999 1010/1188/1010
f 1023/1203/1023 1019/1199/1019 1020/1200/1020 1024/1204/1024
f 1024/1204/1024 1020/1200/1020 1021/1201/1021 1025/1205/1025
f 1025/1205/1025 1021/1201/1021 1022/1202/1022 1026/1206/1026
f 1026/1206/1026 1022/1202/1022 1010/1188/1010 1027/1207/1027
f 1027/1207/1027 1010/1188/1010 1011/1189/1011 1028/1208/1028
f 1028/1209/1028 1011/1190/1011 1012/1191/1012 1029/1210/1029
f 1029/1210/1029 1012/1191/1012 1013/1192/1013 1030/1211/1030
f 1030/1211/1030 1013/1192/1013 1014/1193/1014 1031/1212/1031
f 1031/1212/1031 1014/1193/1014 1015/1194/1015 1032/1213/1032
f 1032/1213/1032 1015/1194/1015 1016/1195/1016 1033/1214/1033
f 1033/1214/1033 1016/1195/1016 1017/1196/1017 1034/1215/1034
f 1034/1215/1034 1017/1196/1017 1018/1197/1018 1035/1216/1035
f 1035/1217/1035 1018/1198/1018 1019/1199/1019 1023/1203/1023
f 1036/1218/1036 1032/1213/1032 1033/1214/1033 1037/1219/1037
f 1037/1219/1037 1033/1214/1033 1034/1215/1034 1038/1220/1038
f 1038/1220/1038 1034/1215/1034 1035/1216/1035 1039/1221/1039
f 1039/1222/1039 1035/1217/1035 1023/1203/1023 1040/1223/1040
f 1040/1223/1040 1023/1203/1023 1024/1204/1024 1041/1224/1041
f 1041/1224/1041 1024/1204/1024 1025/1205/1025 1042/1225/1042
f 1042/1225/1042 1025/1205/1025 1026/1206/1026 1043/1226/1043
f 1043/1226/1043 1026/1206/1026 1027/1207/1027 1044/1227/1044
f 1044/1227/1044 1027/1207/1027 1028/1208/1028 1045/1228/1045
f 1045/1229/1045 1028/1209/1028 1029/1210/1029 1046/1230/1046
f 1046/1230/1046 1029/1210/1029 1030/1211/1030 1047/1231/1047
f 1047/1231/1047 1030/1211/1030 1031/1212/1031 1048/1232/1048
f 1048/1232/1048 1031/1212/1031 1032/1213/1032 1036/1218/1036
f 1049/1233/1049 1050/1234/1050 1051/1235/1051 1052/1236/1052
f 1052/1237/1052 1051/1238/1051 1053/1239/1053 1054/1240/1054
f 1054/1240/1054 1053/1239/1053 1055/1241/1055 1056/1242/1056
f 1056/1242/1056 1055/1241/1055 1057/1243/1057 1058/1244/1058
f 1058/1244/1058 1057/1243/1057 1059/1245/1059 1060/1246/1060
f 1060/1246/1060 1059/1245/1059 1061/1247/1061 1062/1248/1062
f 1062/1248/1062 1061/1247/1061 1063/1249/1063 1064/1250/1064
f 1064/1251/1064 1063/1252/1063 1065/1253/1065 1066/1254/1066
f 1066/1254/1066 1065/1253/1065 1067/1255/1067 1068/1256/1068
f 1068/1256/1068 1067/1255/1067 1069/1257/1069 1070/1258/1070
f 1070/1258/1070 1069/1257/1069 1071/1259/1071 1072/1260/1072
f 1072/1260/1072 1071/1259/1071 1073/1261/1073 1074/1262/1074
f 1074/1262/1074 1073/1261/1073 1050/1234/1050 1049/1233/1049
f 1075/1263/1075 1076/1264/1076 1077/1265/1077 1078/1266/1078
f 1078/1266/1078 1077/1265/1077 1079/1267/1079 1080/1268/1080
f 1080/1268/1080 1079/1267/1079 1081/1269/1081 1082/1270/1082
f 1082/1270/1082 1081/1269/1081 1083/1271/1083 1084/1272/1084
f 1084/1272/1084 1083/1271/1083 1085/1273/1085 1086/1274/1086
f 1086/1274/1086 1085/1273/1085 1087/1275/1087 1088/1276/1088
f 1088/1277/1088 1087/1278/1087 1089/1279/1089 1090/1280/1090
f 1090/1280/1090 1089/1279/1089 1091/1281/1091 1092/1282/1092
f 1092/1282/1092 1091/1281/1091 1093/1283/1093
f 1092/1282/1092 1093/1283/1093 1094/1284/1094 1095/1285/1095
f 1095/1285/1095 1094/1284/1094 1096/1286/1096 1097/1287/1097
f 1097/1288/1097 1096/1289/1096 1076/1264/1076 1075/1263/1075
f 1098/1290/1098 1099/1291/1099 1100/1292/1100 1101/1293/1101
f 1101/1293/1101 1100/1292/1100 1102/1294/1102 1103/1295/1103
f 1103/1295/1103 1102/1294/1102 1104/1296/1104 1105/1297/1105
f 1105/1297/1105 1104/1296/1104 1106/1298/1106 1107/1299/1107
f 1107/1299/1107 1106/1298/1106 1108/1300/1108 1109/1301/1109
f 1109/1302/1109 1108/1303/1108 1110/1304/1110 1111/1305/1111
f 1111/1305/1111 1110/1304/1110 1112/1306/1112 1113/1307/1113
f 1113/1307/1113 1112/1306/1112 1114/1308/1114 1115/1309/1115
f 1115/1309/1115 1114/1308/1114 1116/1310/1116 1117/1311/1117
f 1117/1312/1117 1116/1313/1116 1118/1314/1118 1119/1315/1119
f 1119/1315/1119 1118/1314/1118 1099/1291/1099 1098/1290/1098
f 1120/1316/1120 1098/1290/1098 1101/1293/1101
f 1120/1316/1120 1101/1293/1101 1103/1295/1103
f 1120/1316/1120 1103/1295/1103 1105/1297/1105
f 1120/1316/1120 1105/1297/1105 1107/1299/1107
f 1120/1316/1120 1107/1299/1107 1109/1301/1109
f 1120/1317/1120 1109/1302/1109 1111/1305/1111
f 1120/1317/1120 1111/1305/1111 1113/1307/1113
f 1120/1317/1120 1113/1307/1113 1115/1309/1115
f 1120/1317/1120 1115/1309/1115 1117/1311/1117
f 1120/1316/1120 1117/1312/1117 1119/1315/1119
f 1120/1316/1120 1119/1315/1119 1098/1290/1098
f 1110/1304/1110 1090/1280/1090 1092/1282/1092 1112/1306/1112
f 1112/1306/1112 1092/1282/1092 1095/1285/1095 1114/1308/1114
f 1114/1308/1114 1095/1285/1095 1097/1287/1097 1116/1310/1116
f 1116/1313/1116 1097/1288/1097 1075/1263/1075 1118/1314/1118
f 1118/1314/1118 1075/1263/1075 1078/1266/1078 1099/1291/1099
f 1099/1291/1099 1078/1266/1078 1080/1268/1080 1100/1292/1100
f 1100/1292/1100 1080/1268/1080 1082/1270/1082 1102/1294/1102
f 1102/1294/1102 1082/1270/1082 1084/1272/1084 1104/1296/1104
f 1104/1296/1104 1084/1272/1084 1086/1274/1086 1106/1298/1106
f 1106/1298/1106 1086/1274/1086 1088/1276/1088 1108/1300/1108
f 1108/1303/1108 1088/1277/1088 1090/1280/1090 1110/1304/1110
f 1085/1273/1085 1049/1233/1049 1052/1236/1052 1087/1275/1087
f 1087/1278/1087 1052/1237/1052 1054/1240/1054 1089/1279/1089
f 1089/1279/1089 1054/1240/1054 1056/1242/1056
f 1089/1279/1089 1056/1242/1056 1058/1244/1058 1091/1281/1091
f 1091/1281/1091 1058/1244/1058 1060/1246/1060 1093/1283/1093
f 1093/1283/1093 1060/1246/1060 1062/1248/1062 1094/1284/1094
f 1094/1284/1094 1062/1248/1062 1064/1250/1064 1096/1286/1096
f 1096/1289/1096 1064/1251/1064 1066/1254/1066 1076/1264/1076
f 1076/1264/1076 1066/1254/1066 1068/1256/1068 1077/1265/1077
f 1077/1265/1077 1068/1256/1068 1070/1258/1070 1079/1267/1079
f 1079/1267/1079 1070/1258/1070 1072/1260/1072 1081/1269/1081
f 1081/1269/1081 1072/1260/1072 1074/1262/1074 1083/1271/1083
f 1083/1271/1083 1074/1262/1074 1049/1233/1049 1085/1273/1085
f 1071/1259/1071 1036/1218/1036 1037/1219/1037 1073/1261/1073
f 1073/1261/1073 1037/1219/1037 1038/1220/1038 1050/1234/1050
f 1050/1234/1050 1038/1220/1038 1039/1221/1039 1051/1235/1051
f 1051/1238/1051 1039/1222/1039 1040/1223/1040 1053/1239/1053
f 1053/1239/1053 1040/1223/1040 1041/1224/1041 1055/1241/1055
f 1055/1241/1055 1041/1224/1041 1042/1225/1042 1057/1243/1057
f 1057/1243/1057 1042/1225/1042 1043/1226/1043 1059/1245/1059
f 1059/1245/1059 1043/1226/1043 1044/1227/1044 1061/1247/1061
f 1061/1247/1061 1044/1227/1044 1045/1228/1045 1063/1249/1063
f 1063/1252/1063 1045/1229/1045 1046/1230/1046 1065/1253/1065
f 1065/1253/1065 1046/1230/1046 1047/1231/1047 1067/1255/1067
f 1067/1255/1067 1047/1231/1047 1048/1232/1048 1069/1257/1069
f 1069/1257/1069 1048/1232/1048 1036/1218/1036 1071/1259/1071
f 310/411/310 482/583/482 1121/1318/1121 331/432/331
f 1121/1318/1121 482/583/482 483/584/483 1122/1319/1122
f 483/584/483 1123/1320/1123 1124/1321/1124 1122/1319/1122
f 588/694/588 1125/1322/1125 1126/1323/1126 592/697/592
f 1126/1323/1126 1127/1324/1127 594/699/594 592/697/592
f 594/699/594 1127/1324/1127 486/587/486 511/612/511
f 486/587/486 1127/1324/1127 485/586/485
f 484/585/484 485/586/485 1127/1324/1127 1128/1325/1128
f 1127/1324/1127 1126/1323/1126 1129/1326/1129 1128/1325/1128
f 1129/1326/1129 1126/1323/1126 1125/1322/1125 1130/1327/1130
f 1128/1325/1128 1123/1320/1123 483/584/483 484/585/484
f 1123/1320/1123 1128/1325/1128 1129/1326/1129 1131/1328/1131
f 1129/1326/1129 1130/1327/1130 1132/1329/1132 1131/1328/1131
f 1124/1321/1124 1123/1320/1123 1131/1328/1131 1133/1330/1133
f 1131/1328/1131 1132/1329/1132 1134/1331/1134 1133/1330/1133
f 452/553/452 1135/1332/1135 1136/1333/1136 453/554/453
f 1136/1333/1136 1135/1332/1135 1137/1334/1137 1138/1335/1138
f 1137/1334/1137 1139/1336/1139 1140/1337/1140 1138/1335/1138
f 988/1160/988 467/568/467 469/570/469 1141/1338/1141
f 469/570/469 457/558/457 1142/1339/1142 1141/1338/1141
f 1142/1339/1142 457/558/457 456/557/456 1143/1340/1143
f 456/557/456 455/556/455 1144/1341/1144 1143/1340/1143
f 1144/1341/1144 455/556/455 454/555/454 1145/1342/1145
f 454/555/454 453/554/453 1136/1333/1136 1145/1342/1145
f 1138/1335/1138 1146/1343/1146 1145/1342/1145 1136/1333/1136
f 1145/1342/1145 1146/1343/1146 1147/1344/1147 1144/1341/1144
f 1147/1344/1147 1148/1345/1148 1143/1340/1143 1144/1341/1144
f 1143/1340/1143 1148/1345/1148 1149/1346/1149 1142/1339/1142
f 1149/1346/1149 1150/1347/1150 1141/1338/1141 1142/1339/1142
f 1141/1348/1141 1150/1349/1150 1151/1350/1151 988/1163/988
f 1151/1350/1151 990/1164/990 988/1163/988
f 1138/1335/1138 1140/1337/1140 1152/1351/1152 1146/1343/1146
f 1152/1351/1152 1153/1352/1153 1147/1344/1147 1146/1343/1146
f 1147/1344/1147 1153/1352/1153 1148/1345/1148
f 849/1003/849 1125/1353/1125 588/691/588 586/689/586
f 1125/1353/1125 849/1003/849 1154/1354/1154 1130/1355/1130
f 1154/1354/1154 849/1003/849 1155/1356/1155 1156/1357/1156
f 849/1003/849 848/1002/848 1155/1356/1155
f 1130/1355/1130 1154/1354/1154 1157/1358/1157 1132/1359/1132
f 1157/1358/1157 1158/1360/1158 1134/1361/1134 1132/1359/1132
f 834/986/834 1159/1362/1159 1160/1363/1160 832/983/832
f 832/983/832 1160/1363/1160 1161/1364/1161 830/980/830
f 830/980/830 1161/1364/1161 841/995/841 828/977/828
f 840/994/840 843/997/843 1162/1365/1162 844/998/844
f 843/997/843 842/996/842 1163/1366/1163 1162/1365/1162
f 842/996/842 841/995/841 1161/1364/1161 1163/1366/1163
f 1161/1364/1161 1160/1363/1160 1164/1367/1164 1165/1368/1165
f 1165/1368/1165 1163/1366/1163 1161/1364/1161
f 1160/1363/1160 1159/1362/1159 1166/1369/1166 1164/1367/1164
f 1167/1370/1167 851/1005/851 853/1007/853
f 1163/1366/1163 1168/1371/1168 1162/1365/1162
f 1165/1368/1165 1164/1367/1164 1169/1372/1169 1170/1373/1170
f 1164/1367/1164 1166/1369/1166 1171/1374/1171 1169/1372/1169
f 1167/1370/1167 853/1007/853 855/1009/855 1172/1375/1172
f 1162/1365/1162 1168/1371/1168 1173/1376/1173 844/998/844
f 1170/1373/1170 1169/1372/1169 1174/1377/1174 1175/1378/1175
f 844/998/844 1173/1376/1173 1176/1379/1176 845/999/845
f 1175/1378/1175 1174/1377/1174 1177/1380/1177 1178/1381/1178
f 845/999/845 1176/1379/1176 1179/1382/1179 846/1000/846
f 1178/1381/1178 1177/1380/1177 1180/1383/1180 1181/1384/1181
f 1169/1372/1169 1171/1374/1171 1182/1385/1182 1174/1377/1174
f 1172/1375/1172 855/1009/855 1183/1386/1183 1184/1387/1184
f 1174/1377/1174 1182/1385/1182 1185/1388/1185 1177/1380/1177
f 1184/1387/1184 1183/1386/1183 1186/1389/1186 1187/1390/1187
f 1177/1380/1177 1185/1388/1185 1188/1391/1188 1180/1383/1180
f 1187/1390/1187 1186/1389/1186 1189/1392/1189 1190/1393/1190
f 855/1009/855 1008/1186/1008 1183/1386/1183
f 1007/1184/1007 1186/1389/1186 1183/1386/1183 1008/1186/1008
f 1007/1184/1007 1006/1182/1006 1191/1394/1191 1186/1389/1186
f 1006/1182/1006 998/1172/998 996/1170/996 1191/1394/1191
f 996/1170/996 994/1168/994 1192/1395/1192 1191/1394/1191
f 1192/1395/1192 1189/1392/1189 1186/1389/1186 1191/1394/1191
f 994/1168/994 992/1166/992 1193/1396/1193 1192/1395/1192
f 1192/1395/1192 1193/1396/1193 1194/1397/1194 1189/1392/1189
f 992/1166/992 990/1164/990 1195/1398/1195 1193/1396/1193
f 1193/1396/1193 1195/1398/1195 1196/1399/1196 1194/1397/1194
f 990/1164/990 1151/1350/1151 1197/1400/1197 1195/1398/1195
f 1195/1398/1195 1197/1400/1197 1198/1401/1198 1196/1399/1196
f 1189/1392/1189 1194/1397/1194 1199/1402/1199 1190/1393/1190
f 1188/1391/1188 1200/1403/1200 1201/1404/1201 1180/1383/1180
f 1194/1397/1194 1196/1399/1196 1202/1405/1202 1199/1402/1199
f 1200/1403/1200 1203/1406/1203 1204/1407/1204 1201/1404/1201
f 1196/1399/1196 1198/1401/1198 1205/1408/1205 1202/1405/1202
f 1203/1406/1203 1206/1409/1206 1207/1410/1207 1204/1407/1204
f 1180/1383/1180 1201/1404/1201 1208/1411/1208 1181/1384/1181
f 1179/1382/1179 1209/1412/1209 1210/1413/1210 846/1000/846
f 1201/1404/1201 1204/1407/1204 1211/1414/1211 1208/1411/1208
f 1209/1412/1209 1212/1415/1212 1213/1416/1213 1210/1413/1210
f 1204/1407/1204 1207/1410/1207 1214/1417/1214 1211/1414/1211
f 1212/1415/1212 1215/1418/1215 1216/1419/1216 1213/1416/1213
f 1210/1413/1210 847/1001/847 846/1000/846
f 847/1001/847 1210/1413/1210 1213/1416/1213 848/1002/848
f 1216/1419/1216 1155/1356/1155 848/1002/848 1213/1416/1213
f 1151/1350/1151 1150/1349/1150 1217/1420/1217 1197/1400/1197
f 1197/1400/1197 1217/1420/1217 1218/1421/1218 1198/1401/1198
f 1198/1401/1198 1218/1421/1218 1219/1422/1219 1205/1408/1205
f 1150/1349/1150 1149/1423/1149 1217/1420/1217
f 1149/1423/1149 1148/1424/1148 1220/1425/1220 1217/1420/1217
f 1217/1420/1217 1220/1425/1220 1221/1426/1221 1218/1421/1218
f 1218/1421/1218 1221/1426/1221 1222/1427/1222 1219/1422/1219
f 1148/1424/1148 1153/1428/1153 1223/1429/1223 1220/1425/1220
f 1220/1425/1220 1223/1429/1223 1224/1430/1224 1221/1426/1221
f 1221/1426/1221 1224/1430/1224 1225/1431/1225 1222/1427/1222
f 1153/1428/1153 1152/1432/1152 1223/1429/1223
f 1152/1432/1152 1140/1433/1140 1226/1434/1226 1223/1429/1223
f 1223/1429/1223 1226/1434/1226 1227/1435/1227 1224/1430/1224
f 1224/1430/1224 1227/1435/1227 1228/1436/1228 1225/1431/1225
f 1140/1433/1140 1139/1437/1139 1229/1438/1229 1226/1434/1226
f 1226/1434/1226 1229/1438/1229 1230/1439/1230 1227/1435/1227
f 1227/1435/1227 1230/1439/1230 1231/1440/1231 1228/1436/1228
f 1206/1409/1206 1232/1441/1232 1233/1442/1233 1207/1410/1207
f 1207/1410/1207 1233/1442/1233 1234/1443/1234 1214/1417/1214
f 1232/1441/1232 1235/1444/1235 1236/1445/1236 1233/1442/1233
f 1233/1442/1233 1236/1445/1236 1237/1446/1237 1234/1443/1234
f 1235/1444/1235 1238/1447/1238 1239/1448/1239 1236/1445/1236
f 1236/1445/1236 1239/1448/1239 1240/1449/1240 1237/1446/1237
f 1238/1447/1238 1241/1450/1241 1242/1451/1242 1239/1448/1239
f 1239/1448/1239 1242/1451/1242 1243/1452/1243 1240/1449/1240
f 1241/1450/1241 1244/1453/1244 1245/1454/1245 1242/1451/1242
f 1242/1451/1242 1245/1454/1245 1246/1455/1246 1243/1452/1243
f 1154/1354/1154 1156/1357/1156 1247/1456/1247 1157/1358/1157
f 1157/1358/1157 1247/1456/1247 1248/1457/1248 1158/1360/1158
f 1215/1418/1215 1249/1458/1249 1250/1459/1250 1216/1419/1216
f 1216/1419/1216 1250/1459/1250 1156/1357/1156 1155/1356/1155
f 1251/1460/1251 1252/1461/1252 1250/1459/1250 1249/1458/1249
f 1250/1459/1250 1252/1461/1252 1247/1456/1247 1156/1357/1156
f 1248/1457/1248 1247/1456/1247 1252/1461/1252 1253/1462/1253
f 1252/1461/1252 1251/1460/1251 1254/1463/1254 1253/1462/1253
f 1255/1464/1255 1256/1465/1256 1253/1462/1253 1254/1463/1254
f 1253/1462/1253 1256/1465/1256 1257/1466/1257 1248/1457/1248
f 1257/1466/1257 1258/1467/1258 1158/1360/1158 1248/1457/1248
f 1158/1360/1158 1258/1467/1258 1259/1468/1259 1134/1361/1134
f 1259/1469/1259 1260/1470/1260 1133/1330/1133 1134/1331/1134
f 1133/1330/1133 1260/1470/1260 1261/1471/1261
f 1261/1471/1261 1124/1321/1124 1133/1330/1133
f 1228/1436/1228 1231/1440/1231 1244/1453/1244 1241/1450/1241
f 1225/1431/1225 1228/1436/1228 1241/1450/1241 1238/1447/1238
f 1222/1427/1222 1225/1431/1225 1238/1447/1238 1235/1444/1235
f 1219/1422/1219 1222/1427/1222 1235/1444/1235 1232/1441/1232
f 1205/1408/1205 1219/1422/1219 1232/1441/1232 1206/1409/1206
f 1202/1405/1202 1205/1408/1205 1206/1409/1206 1203/1406/1203
f 1199/1402/1199 1202/1405/1202 1203/1406/1203 1200/1403/1200
f 1190/1393/1190 1199/1402/1199 1200/1403/1200 1188/1391/1188
f 1185/1388/1185 1187/1390/1187 1190/1393/1190 1188/1391/1188
f 1182/1385/1182 1184/1387/1184 1187/1390/1187 1185/1388/1185
f 1171/1374/1171 1172/1375/1172 1184/1387/1184 1182/1385/1182
f 1166/1369/1166 1167/1370/1167 1172/1375/1172 1171/1374/1171
f 1159/1362/1159 851/1005/851 1167/1370/1167 1166/1369/1166
f 838/992/838 851/1005/851 1159/1362/1159 834/986/834
f 833/985/833 836/990/836 838/992/838 834/986/834
f 820/984/820 824/987/824 836/990/836 833/985/833
f 819/966/819 822/969/822 824/971/824 820/967/820
f 566/667/566 567/668/567 822/969/822 819/966/819
f 540/641/540 544/645/544 567/668/567 566/667/566
f 540/641/540 539/640/539 541/642/541 544/645/544
f 539/640/539 545/646/545 388/489/388 541/642/541
f 388/489/388 545/646/545 476/577/476 385/486/385
f 413/514/413 385/486/385 476/577/476 474/575/474
f 1243/1452/1243 1255/1464/1255 1254/1463/1254 1240/1449/1240
f 1251/1460/1251 1237/1446/1237 1240/1449/1240 1254/1463/1254
f 1237/1446/1237 1251/1460/1251 1249/1458/1249 1234/1443/1234
f 1214/1417/1214 1234/1443/1234 1249/1458/1249 1215/1418/1215
f 1211/1414/1211 1214/1417/1214 1215/1418/1215 1212/1415/1212
f 1208/1411/1208 1211/1414/1211 1212/1415/1212 1209/1412/1209
f 1181/1384/1181 1208/1411/1208 1209/1412/1209 1179/1382/1179
f 1176/1379/1176 1178/1381/1178 1181/1384/1181 1179/1382/1179
f 1173/1376/1173 1175/1378/1175 1178/1381/1178 1176/1379/1176
f 1168/1371/1168 1170/1373/1170 1175/1378/1175 1173/1376/1173
f 1163/1366/1163 1165/1368/1165 1170/1373/1170 1168/1371/1168
f 1246/1455/1246 1262/1472/1262 1255/1464/1255 1243/1452/1243
f 1255/1464/1255 1262/1472/1262 1256/1465/1256
f 1139/1437/1139 1263/1473/1263 1264/1474/1264 1229/1438/1229
f 1264/1474/1264 1263/1473/1263 1265/1475/1265 1266/1476/1266
f 1265/1475/1265 1267/1477/1267 1268/1478/1268 1266/1476/1266
f 1229/1438/1229 1264/1474/1264 1269/1479/1269 1230/1439/1230
f 1230/1439/1230 1269/1479/1269 1270/1480/1270 1231/1440/1231
f 1264/1474/1264 1266/1476/1266 1271/1481/1271 1269/1479/1269
f 1269/1479/1269 1271/1481/1271 1272/1482/1272 1270/1480/1270
f 1266/1476/1266 1268/1478/1268 1273/1483/1273 1271/1481/1271
f 1271/1481/1271 1273/1483/1273 1274/1484/1274 1272/1482/1272
f 1231/1440/1231 1270/1480/1270 1275/1485/1275 1244/1453/1244
f 1244/1453/1244 1275/1485/1275 1276/1486/1276 1245/1454/1245
f 1270/1480/1270 1272/1482/1272 1277/1487/1277 1275/1485/1275
f 1275/1485/1275 1277/1487/1277 1278/1488/1278 1276/1486/1276
f 1272/1482/1272 1274/1484/1274 1279/1489/1279 1277/1487/1277
f 1277/1487/1277 1279/1489/1279 1280/1490/1280 1278/1488/1278
f 1245/1454/1245 1276/1486/1276 1281/1491/1281 1246/1455/1246
f 1246/1455/1246 1281/1491/1281 1282/1492/1282 1262/1472/1262
f 1276/1486/1276 1278/1488/1278 1283/1493/1283 1281/1491/1281
f 1281/1491/1281 1283/1493/1283 1284/1494/1284 1282/1492/1282
f 1278/1488/1278 1280/1490/1280 1285/1495/1285 1283/1493/1283
f 1283/1493/1283 1285/1495/1285 1286/1496/1286 1284/1494/1284
f 1262/1472/1262 1282/1492/1282 1287/1497/1287 1256/1465/1256
f 1256/1465/1256 1287/1497/1287 1288/1498/1288 1257/1466/1257
f 1257/1466/1257 1288/1498/1288 1289/1499/1289 1258/1467/1258
f 1282/1492/1282 1284/1494/1284 1290/1500/1290 1287/1497/1287
f 1287/1497/1287 1290/1500/1290 1291/1501/1291 1288/1498/1288
f 1288/1498/1288 1291/1501/1291 1292/1502/1292 1289/1499/1289
f 1284/1494/1284 1286/1496/1286 1293/1503/1293 1290/1500/1290
f 1290/1500/1290 1293/1503/1293 1294/1504/1294 1291/1501/1291
f 1291/1501/1291 1294/1504/1294 1295/1505/1295 1292/1502/1292
f 1258/1467/1258 1289/1499/1289 1296/1506/1296 1259/1468/1259
f 1259/1469/1259 1296/1507/1296 1297/1508/1297 1260/1470/1260
f 1289/1499/1289 1292/1502/1292 1298/1509/1298 1296/1506/1296
f 1296/1507/1296 1298/1510/1298 1299/1511/1299 1297/1508/1297
f 1292/1502/1292 1295/1505/1295 1300/1512/1300 1298/1509/1298
f 1298/1510/1298 1300/1513/1300 1301/1514/1301 1299/1511/1299
f 1260/1470/1260 1297/1508/1297 1302/1515/1302 1261/1471/1261
f 1297/1508/1297 1299/1511/1299 1303/1516/1303 1302/1515/1302
f 1299/1511/1299 1301/1514/1301 1304/1517/1304 1303/1516/1303
f 1261/1471/1261 1302/1515/1302 1305/1518/1305 1124/1321/1124
f 1124/1321/1124 1305/1518/1305 1306/1519/1306 1122/1319/1122
f 1302/1515/1302 1303/1516/1303 1307/1520/1307 1305/1518/1305
f 1305/1518/1305 1307/1520/1307 1308/1521/1308 1306/1519/1306
f 1303/1516/1303 1304/1517/1304 1309/1522/1309 1307/1520/1307
f 1307/1520/1307 1309/1522/1309 1310/1523/1310 1308/1521/1308
f 1122/1319/1122 1306/1519/1306 1311/1524/1311 1121/1318/1121
f 1121/1318/1121 1311/1524/1311 1312/1525/1312 331/432/331
f 1306/1519/1306 1308/1521/1308 1313/1526/1313 1311/1524/1311
f 1311/1524/1311 1313/1526/1313 1314/1527/1314 1312/1525/1312
f 1308/1521/1308 1310/1523/1310 1315/1528/1315 1313/1526/1313
f 1313/1526/1313 1315/1528/1315 1316/1529/1316 1314/1527/1314
f 331/432/331 1312/1525/1312 1317/1530/1317 316/417/316
f 316/417/316 1317/1530/1317 1318/1531/1318 313/414/313
f 313/414/313 1318/1531/1318 1319/1532/1319 322/423/322
f 322/423/322 1319/1532/1319 1320/1533/1320 338/439/338
f 1312/1525/1312 1314/1527/1314 1321/1534/1321 1317/1530/1317
f 1317/1530/1317 1321/1534/1321 1322/1535/1322 1318/1531/1318
f 1318/1531/1318 1322/1535/1322 1323/1536/1323 1319/1532/1319
f 1319/1532/1319 1323/1536/1323 1324/1537/1324 1320/1533/1320
f 1314/1527/1314 1316/1529/1316 1325/1538/1325 1321/1534/1321
f 1321/1534/1321 1325/1538/1325 1326/1539/1326 1322/1535/1322
f 1322/1535/1322 1326/1539/1326 1327/1540/1327 1323/1536/1323
f 1323/1536/1323 1327/1540/1327 1328/1541/1328 1324/1537/1324
f 338/439/338 1320/1533/1320 1329/1542/1329 451/552/451
f 451/552/451 1329/1542/1329 1330/1543/1330 452/553/452
f 452/553/452 1330/1543/1330 1331/1544/1331 1135/1332/1135
f 1320/1533/1320 1324/1537/1324 1332/1545/1332 1329/1542/1329
f 1329/1542/1329 1332/1545/1332 1333/1546/1333 1330/1543/1330
f 1330/1543/1330 1333/1546/1333 1334/1547/1334 1331/1544/1331
f 1324/1537/1324 1328/1541/1328 1335/1548/1335 1332/1545/1332
f 1332/1545/1332 1335/1548/1335 1336/1549/1336 1333/1546/1333
f 1333/1546/1333 1336/1549/1336 1337/1550/1337 1334/1547/1334
f 1135/1332/1135 1331/1544/1331 1338/1551/1338 1137/1334/1137
f 1331/1544/1331 1334/1547/1334 1339/1552/1339 1338/1551/1338
f 1334/1547/1334 1337/1550/1337 1340/1553/1340 1339/1552/1339
f 1338/1551/1338 1263/1554/1263 1139/1336/1139 1137/1334/1137
f 1263/1554/1263 1338/1551/1338 1339/1552/1339 1265/1555/1265
f 1340/1553/1340 1267/1556/1267 1265/1555/1265 1339/1552/1339
f 31/44/31 30/43/30 103/156/103 23/157/23
f 28/40/28 33/46/33 31/159/31 29/41/29
f 31/44/31 23/157/23 22/69/22 29/71/29
f 1315/1557/1341 1310/1558/1342 1341/1559/1343
f 1310/1558/1342 1309/1560/1344 1341/1559/1343
f 1327/1561/1345 1326/1562/1346 1341/1559/1343
f 1294/1563/1347 1293/1564/1348 1341/1559/1343
f 1325/1565/1349 1316/1566/1350 1341/1559/1343
f 1280/1567/1351 1279/1568/1352 1341/1559/1343
f 1335/1569/1353 1328/1570/1354 1341/1559/1343
f 1316/1566/1350 1315/1557/1341 1341/1559/1343
f 1273/1571/1355 1268/1572/1356 1341/1559/1343
f 1340/1573/1357 1337/1574/1358 1341/1559/1343
f 1295/1575/1359 1294/1563/1347 1341/1559/1343
f 1328/1570/1354 1327/1561/1345 1341/1559/1343
f 1336/1576/1360 1335/1569/1353 1341/1559/1343
f 1285/1577/1361 1280/1567/1351 1341/1559/1343
f 1304/1578/1362 1301/1579/1363 1341/1559/1343
f 1274/1580/1364 1273/1571/1355 1341/1559/1343
f 1300/1581/1365 1295/1575/1359 1341/1559/1343
f 1268/1572/1356 1267/1582/1366 1341/1559/1343
f 1267/1582/1366 1340/1573/1357 1341/1559/1343
f 1309/1560/1344 1304/1578/1362 1341/1559/1343
f 1337/1574/1358 1336/1576/1360 1341/1559/1343
f 1326/1562/1346 1325/1565/1349 1341/1559/1343
f 1286/1583/1367 1285/1577/1361 1341/1559/1343
f 1293/1564/1348 1286/1583/1367 1341/1559/1343
f 1301/1579/1363 1300/1581/1365 1341/1559/1343
f 1279/1568/1352 1274/1580/1364 1341/1559/1343
f 1342/1584/1368 1343/1585/1369 1344/1586/1370 1345/1587/1371
f 1346/1588/1372 1347/1589/1373 1348/1590/1374 1349/1591/1375
f 1350/1592/1376 1351/1593/1377 1352/1594/1378 1353/1595/1379
f 1354/1596/1380 1355/1597/1381 1356/1598/1382 1357/1599/1383
f 1356/1598/1382 1355/1597/1381 1358/1600/1384 1359/1601/1385
f 1360/1602/1386 1361/1603/1387 1362/1604/1388 1363/1605/1389
f 1364/1606/1390 1365/1607/1391 1366/1608/1392 1367/1609/1393
f 1368/1610/1394 1369/1611/1395 1370/1612/1396 1371/1613/1397
f 1343/1585/1369 1372/1614/1398 1373/1615/1399 1344/1586/1370
f 1373/1615/1399 1372/1614/1398 1374/1616/1400 1375/1617/1401
f 1374/1616/1400 1376/1618/1402 1377/1619/1403 1375/1617/1401
f 1376/1618/1402 1378/1620/1404 1379/1621/1405 1380/1622/1406
f 1378/1623/1404 1381/1624/1407 1382/1625/1408 1379/1626/1405
f 1383/1627/1409 1384/1628/1410 1385/1629/1411
f 1386/1630/1412 1387/1631/1413 1388/1632/1414 1389/1633/1415
f 1388/1632/1414 1387/1631/1413 1390/1634/1416 1391/1635/1417
f 1390/1634/1416 1369/1611/1395 1368/1610/1394 1391/1635/1417
f 1346/1588/1372 1392/1636/1418 1393/1637/1419 1347/1589/1373
f 1394/1638/1420 1395/1639/1421 1352/1594/1378 1351/1593/1377
f 1354/1596/1380 1396/1640/1422 1397/1641/1423 1355/1597/1381
f 1397/1641/1423 1398/1642/1424 1358/1600/1384 1355/1597/1381
f 1360/1602/1386 1399/1643/1425 1400/1644/1426 1361/1603/1387
f 1401/1645/1427 1402/1646/1428 1366/1608/1392 1365/1607/1391
f 1403/1647/1429 1404/1648/1430 1393/1637/1419 1392/1636/1418
f 1394/1638/1420 1405/1649/1431 1406/1650/1432 1395/1639/1421
f 1407/1651/1433 1408/1652/1434 1397/1641/1423 1396/1640/1422
f 1397/1641/1423 1408/1652/1434 1409/1653/1435 1398/1642/1424
f 1410/1654/1436 1411/1655/1437 1400/1644/1426 1399/1643/1425
f 1401/1645/1427 1412/1656/1438 1413/1657/1439 1402/1646/1428
f 1403/1647/1429 1414/1658/1440 1415/1659/1441 1404/1648/1430
f 1416/1660/1442 1417/1661/1443 1406/1650/1432 1405/1649/1431
f 1407/1651/1433 1418/1662/1444 1419/1663/1445 1408/1652/1434
f 1415/1659/1441 1416/1660/1442 1405/1649/1431 1404/1648/1430
f 1393/1637/1419 1404/1648/1430 1405/1649/1431 1394/1638/1420
f 1393/1637/1419 1394/1638/1420 1351/1593/1377 1347/1589/1373
f 1348/1590/1374 1347/1589/1373 1351/1593/1377 1350/1592/1376
f 1406/1650/1432 1417/1661/1443 1418/1662/1444 1407/1651/1433
f 1406/1650/1432 1407/1651/1433 1396/1640/1422 1395/1639/1421
f 1352/1594/1378 1395/1639/1421 1396/1640/1422 1354/1596/1380
f 1352/1594/1378 1354/1596/1380 1357/1599/1383 1353/1595/1379
f 1375/1617/1401 1377/1619/1403 1414/1658/1440 1403/1647/1429
f 1375/1617/1401 1403/1647/1429 1392/1636/1418 1373/1615/1399
f 1344/1586/1370 1373/1615/1399 1392/1636/1418 1346/1588/1372
f 1344/1586/1370 1346/1588/1372 1349/1591/1375 1345/1587/1371
f 1369/1611/1395 1420/1664/1446 1421/1665/1447 1370/1612/1396
f 1422/1666/1448 1420/1664/1446 1369/1611/1395 1390/1634/1416
f 1387/1631/1413 1423/1667/1449 1422/1666/1448 1390/1634/1416
f 1424/1668/1450 1423/1667/1449 1387/1631/1413 1386/1630/1412
f 1381/1624/1407 1425/1669/1451 1426/1670/1452 1384/1628/1410
f 1427/1671/1453 1425/1669/1451 1381/1624/1407 1378/1623/1404
f 1376/1618/1402 1428/1672/1454 1427/1673/1453 1378/1620/1404
f 1429/1674/1455 1428/1672/1454 1376/1618/1402 1374/1616/1400
f 1372/1614/1398 1430/1675/1456 1429/1674/1455 1374/1616/1400
f 1431/1676/1457 1430/1675/1456 1372/1614/1398 1343/1585/1369
f 1432/1677/1458 1431/1676/1457 1343/1585/1369 1342/1584/1368
f 1359/1601/1385 1358/1600/1384 1360/1602/1386 1363/1605/1389
f 1398/1642/1424 1399/1643/1425 1360/1602/1386 1358/1600/1384
f 1398/1642/1424 1409/1653/1435 1410/1654/1436 1399/1643/1425
f 1361/1603/1387 1365/1607/1391 1364/1606/1390 1362/1604/1388
f 1361/1603/1387 1400/1644/1426 1401/1645/1427 1365/1607/1391
f 1411/1655/1437 1412/1656/1438 1401/1645/1427 1400/1644/1426
f 1367/1609/1393 1366/1608/1392 1368/1610/1394 1371/1613/1397
f 1402/1646/1428 1391/1635/1417 1368/1610/1394 1366/1608/1392
f 1402/1646/1428 1413/1657/1439 1388/1632/1414 1391/1635/1417
f 1419/1663/1445 1433/1678/1459 1434/1679/1460 1408/1652/1434
f 1408/1652/1434 1434/1679/1460 1409/1653/1435
f 1434/1679/1460 1435/1680/1461 1410/1654/1436 1409/1653/1435
f 1410/1654/1436 1435/1680/1461 1436/1681/1462 1411/1655/1437
f 1436/1681/1462 1437/1682/1463 1412/1656/1438 1411/1655/1437
f 1412/1656/1438 1437/1682/1463 1438/1683/1464 1413/1657/1439
f 1426/1670/1452 1424/1668/1450 1386/1630/1412 1384/1628/1410
f 1384/1628/1410 1386/1630/1412 1389/1633/1415 1385/1629/1411
f 1438/1683/1464 1389/1633/1415 1388/1632/1414 1413/1657/1439
f 1434/1679/1460 1433/1678/1459 1439/1684/1465 1435/1680/1461
f 1439/1684/1465 1440/1685/1466 1436/1681/1462 1435/1680/1461
f 1436/1681/1462 1440/1685/1466 1441/1686/1467 1437/1682/1463
f 1441/1686/1467 1385/1629/1411 1438/1683/1464 1437/1682/1463
f 1438/1683/1464 1385/1629/1411 1389/1633/1415
f 1377/1619/1403 1376/1618/1402 1380/1622/1406
f 1382/1625/1408 1381/1624/1407 1384/1628/1410 1383/1627/1409
f 1442/1687/1468 1443/1688/1469 1444/1689/1470 1445/1690/1471
f 1443/1688/1469 1446/1691/1472 1447/1692/1473 1444/1689/1470
f 1446/1691/1472 1448/1693/1474 1449/1694/1475 1447/1692/1473
f 1448/1693/1474 1450/1695/1476 1451/1696/1477 1449/1694/1475
f 1450/1695/1476 1452/1697/1478 1453/1698/1479 1451/1696/1477
f 1452/1697/1478 1454/1699/1480 1455/1700/1481 1453/1698/1479
f 1454/1699/1480 1456/1701/1482 1457/1702/1483 1455/1700/1481
f 1456/1701/1482 1458/1703/1484 1459/1704/1485 1457/1702/1483
f 1458/1703/1484 1460/1705/1486 1461/1706/1487 1459/1704/1485
f 1460/1705/1486 1462/1707/1488 1463/1708/1489 1461/1706/1487
f 1462/1709/1488 1464/1710/1490 1465/1711/1491 1463/1712/1489
f 1464/1710/1490 1466/1713/1492 1467/1714/1493 1465/1711/1491
f 1466/1713/1492 1468/1715/1494 1469/1716/1495 1467/1714/1493
f 1468/1715/1494 1470/1717/1496 1471/1718/1497 1469/1716/1495
f 1470/1717/1496 1472/1719/1498 1473/1720/1499 1471/1718/1497
f 1472/1719/1498 1442/1687/1468 1445/1690/1471 1473/1720/1499
f 1474/1721/1500 1475/1722/1501 1476/1723/1502 1477/1724/1503
f 1475/1722/1501 1478/1725/1504 1479/1726/1505 1476/1723/1502
f 1478/1725/1504 1480/1727/1506 1481/1728/1507 1479/1726/1505
f 1480/1727/1506 1482/1729/1508 1483/1730/1509 1481/1728/1507
f 1482/1729/1508 1484/1731/1510 1485/1732/1511 1483/1730/1509
f 1484/1731/1510 1486/1733/1512 1487/1734/1513 1485/1732/1511
f 1486/1735/1512 1488/1736/1514 1489/1737/1515 1487/1738/1513
f 1488/1736/1514 1490/1739/1516 1491/1740/1517 1489/1737/1515
f 1490/1739/1516 1492/1741/1518 1493/1742/1519 1491/1740/1517
f 1492/1741/1518 1494/1743/1520 1495/1744/1521 1493/1742/1519
f 1494/1743/1520 1496/1745/1522 1497/1746/1523 1495/1744/1521
f 1496/1745/1522 1498/1747/1524 1499/1748/1525 1497/1746/1523
f 1498/1747/1524 1500/1749/1526 1501/1750/1527 1499/1748/1525
f 1500/1749/1526 1502/1751/1528 1503/1752/1529 1501/1750/1527
f 1502/1751/1528 1504/1753/1530 1505/1754/1531 1503/1752/1529
f 1504/1753/1530 1474/1721/1500 1477/1724/1503 1505/1754/1531
f 1506/1755/1532 1507/1756/1533 1508/1757/1534 1509/1758/1535
f 1507/1756/1533 1510/1759/1536 1511/1760/1537 1508/1757/1534
f 1510/1761/1536 1512/1762/1538 1513/1763/1539 1511/1764/1537
f 1512/1762/1538 1514/1765/1540 1515/1766/1541 1513/1763/1539
f 1514/1765/1540 1516/1767/1542 1517/1768/1543 1515/1766/1541
f 1516/1767/1542 1518/1769/1544 1519/1770/1545 1517/1768/1543
f 1518/1769/1544 1520/1771/1546 1521/1772/1547 1519/1770/1545
f 1520/1771/1546 1522/1773/1548 1523/1774/1549 1521/1772/1547
f 1522/1773/1548 1524/1775/1550 1525/1776/1551 1523/1774/1549
f 1524/1775/1550 1526/1777/1552 1527/1778/1553 1525/1776/1551
f 1526/1777/1552 1528/1779/1554 1529/1780/1555 1527/1778/1553
f 1528/1779/1554 1530/1781/1556 1531/1782/1557 1529/1780/1555
f 1530/1781/1556 1532/1783/1558 1533/1784/1559 1531/1782/1557
f 1532/1783/1558 1534/1785/1560 1535/1786/1561 1533/1784/1559
f 1534/1785/1560 1536/1787/1562 1537/1788/1563 1535/1786/1561
f 1536/1787/1562 1506/1755/1532 1509/1758/1535 1537/1788/1563
f 1518/1769/1544 1538/1789/1564 1539/1790/1565 1520/1771/1546
f 1539/1790/1565 1538/1789/1564 1540/1791/1566 1541/1792/1567
f 1540/1791/1566 1542/1793/1568 1543/1794/1569 1541/1792/1567
f 1520/1771/1546 1539/1790/1565 1544/1795/1570 1522/1773/1548
f 1544/1795/1570 1545/1796/1571 1524/1775/1550 1522/1773/1548
f 1524/1775/1550 1545/1796/1571 1546/1797/1572 1526/1777/1552
f 1546/1797/1572 1547/1798/1573 1528/1779/1554 1526/1777/1552
f 1528/1779/1554 1547/1798/1573 1548/1799/1574 1530/1781/1556
f 1548/1799/1574 1549/1800/1575 1532/1783/1558 1530/1781/1556
f 1532/1783/1558 1549/1800/1575 1550/1801/1576 1534/1785/1560
f 1550/1801/1576 1551/1802/1577 1536/1787/1562 1534/1785/1560
f 1536/1787/1562 1551/1802/1577 1552/1803/1578 1506/1755/1532
f 1552/1803/1578 1553/1804/1579 1507/1756/1533 1506/1755/1532
f 1507/1756/1533 1553/1804/1579 1554/1805/1580 1510/1759/1536
f 1554/1806/1580 1555/1807/1581 1512/1762/1538 1510/1761/1536
f 1512/1762/1538 1555/1807/1581 1556/1808/1582 1514/1765/1540
f 1556/1808/1582 1557/1809/1583 1516/1767/1542 1514/1765/1540
f 1516/1767/1542 1557/1809/1583 1538/1789/1564 1518/1769/1544
f 1538/1789/1564 1557/1809/1583 1558/1810/1584 1540/1791/1566
f 1558/1810/1584 1557/1809/1583 1556/1808/1582 1559/1811/1585
f 1556/1808/1582 1555/1807/1581 1560/1812/1586 1559/1811/1585
f 1560/1812/1586 1555/1807/1581 1554/1806/1580 1561/1813/1587
f 1554/1805/1580 1553/1804/1579 1562/1814/1588 1561/1815/1587
f 1562/1814/1588 1553/1804/1579 1552/1803/1578 1563/1816/1589
f 1552/1803/1578 1551/1802/1577 1564/1817/1590 1563/1816/1589
f 1564/1817/1590 1551/1802/1577 1550/1801/1576 1565/1818/1591
f 1550/1801/1576 1549/1800/1575 1566/1819/1592 1565/1818/1591
f 1566/1819/1592 1549/1800/1575 1548/1799/1574 1567/1820/1593
f 1548/1799/1574 1547/1798/1573 1568/1821/1594 1567/1820/1593
f 1568/1821/1594 1547/1798/1573 1546/1797/1572 1569/1822/1595
f 1546/1797/1572 1545/1796/1571 1570/1823/1596 1569/1822/1595
f 1570/1823/1596 1545/1796/1571 1544/1795/1570 1571/1824/1597
f 1544/1795/1570 1539/1790/1565 1541/1792/1567 1571/1824/1597
f 1541/1792/1567 1543/1794/1569 1572/1825/1598 1571/1824/1597
f 1572/1825/1598 1573/1826/1599 1570/1823/1596 1571/1824/1597
f 1570/1823/1596 1573/1826/1599 1574/1827/1600 1569/1822/1595
f 1574/1827/1600 1575/1828/1601 1568/1821/1594 1569/1822/1595
f 1568/1821/1594 1575/1828/1601 1576/1829/1602 1567/1820/1593
f 1576/1829/1602 1577/1830/1603 1566/1819/1592 1567/1820/1593
f 1566/1819/1592 1577/1830/1603 1578/1831/1604 1565/1818/1591
f 1578/1831/1604 1579/1832/1605 1564/1817/1590 1565/1818/1591
f 1564/1817/1590 1579/1832/1605 1580/1833/1606 1563/1816/1589
f 1580/1833/1606 1581/1834/1607 1562/1814/1588 1563/1816/1589
f 1562/1814/1588 1581/1834/1607 1582/1835/1608 1561/1815/1587
f 1582/1836/1608 1583/1837/1609 1560/1812/1586 1561/1813/1587
f 1560/1812/1586 1583/1837/1609 1584/1838/1610 1559/1811/1585
f 1584/1838/1610 1585/1839/1611 1558/1810/1584 1559/1811/1585
f 1558/1810/1584 1585/1839/1611 1542/1793/1568 1540/1791/1566
f 1521/1772/1547 1523/1774/1549 1498/1747/1524 1496/1745/1522
f 1523/1774/1549 1525/1776/1551 1500/1749/1526 1498/1747/1524
f 1525/1776/1551 1527/1778/1553 1502/1751/1528 1500/1749/1526
f 1527/1778/1553 1529/1780/1555 1504/1753/1530 1502/1751/1528
f 1529/1780/1555 1531/1782/1557 1474/1721/1500 1504/1753/1530
f 1531/1782/1557 1533/1784/1559 1475/1722/1501 1474/1721/1500
f 1533/1784/1559 1535/1786/1561 1478/1725/1504 1475/1722/1501
f 1535/1786/1561 1537/1788/1563 1480/1727/1506 1478/1725/1504
f 1537/1788/1563 1509/1758/1535 1482/1729/1508 1480/1727/1506
f 1509/1758/1535 1508/1757/1534 1484/1731/1510 1482/1729/1508
f 1508/1757/1534 1511/1760/1537 1486/1733/1512 1484/1731/1510
f 1511/1764/1537 1513/1763/1539 1488/1736/1514 1486/1735/1512
f 1513/1763/1539 1515/1766/1541 1490/1739/1516 1488/1736/1514
f 1515/1766/1541 1517/1768/1543 1492/1741/1518 1490/1739/1516
f 1517/1768/1543 1519/1770/1545 1494/1743/1520 1492/1741/1518
f 1519/1770/1545 1521/1772/1547 1496/1745/1522 1494/1743/1520
f 1473/1720/1499 1445/1690/1471 1417/1661/1443 1416/1660/1442
f 1445/1690/1471 1444/1689/1470 1418/1662/1444 1417/1661/1443
f 1444/1689/1470 1447/1692/1473 1419/1663/1445 1418/1662/1444
f 1447/1692/1473 1449/1694/1475 1433/1678/1459 1419/1663/1445
f 1449/1694/1475 1451/1696/1477 1439/1684/1465 1433/1678/1459
f 1451/1696/1477 1453/1698/1479 1440/1685/1466 1439/1684/1465
f 1453/1698/1479 1455/1700/1481 1441/1686/1467 1440/1685/1466
f 1455/1700/1481 1457/1702/1483 1385/1629/1411 1441/1686/1467
f 1457/1702/1483 1459/1704/1485 1383/1627/1409 1385/1629/1411
f 1459/1704/1485 1461/1706/1487 1382/1625/1408 1383/1627/1409
f 1461/1706/1487 1463/1708/1489 1379/1626/1405 1382/1625/1408
f 1463/1712/1489 1465/1711/1491 1380/1622/1406 1379/1621/1405
f 1465/1711/1491 1467/1714/1493 1377/1619/1403 1380/1622/1406
f 1467/1714/1493 1469/1716/1495 1414/1658/1440 1377/1619/1403
f 1469/1716/1495 1471/1718/1497 1415/1659/1441 1414/1658/1440
f 1471/1718/1497 1473/1720/1499 1416/1660/1442 1415/1659/1441
f 1497/1746/1523 1499/1748/1525 1442/1687/1468 1472/1719/1498
f 1499/1748/1525 1501/1750/1527 1443/1688/1469 1442/1687/1468
f 1501/1750/1527 1503/1752/1529 1446/1691/1472 1443/1688/1469
f 1503/1752/1529 1505/1754/1531 1448/1693/1474 1446/1691/1472
f 1505/1754/1531 1477/1724/1503 1450/1695/1476 1448/1693/1474
f 1477/1724/1503 1476/1723/1502 1452/1697/1478 1450/1695/1476
f 1476/1723/1502 1479/1726/1505 1454/1699/1480 1452/1697/1478
f 1479/1726/1505 1481/1728/1507 1456/1701/1482 1454/1699/1480
f 1481/1728/1507 1483/1730/1509 1458/1703/1484 1456/1701/1482
f 1483/1730/1509 1485/1732/1511 1460/1705/1486 1458/1703/1484
f 1485/1732/1511 1487/1734/1513 1462/1707/1488 1460/1705/1486
f 1487/1738/1513 1489/1737/1515 1464/1710/1490 1462/1709/1488
f 1489/1737/1515 1491/1740/1517 1466/1713/1492 1464/1710/1490
f 1491/1740/1517 1493/1742/1519 1468/1715/1494 1466/1713/1492
f 1493/1742/1519 1495/1744/1521 1470/1717/1496 1468/1715/1494
f 1495/1744/1521 1497/1746/1523 1472/1719/1498 1470/1717/1496
f 1586/1840/1612 1581/1834/1613 1580/1833/1614 1587/1841/1615
f 1587/1841/1615 1580/1833/1614 1579/1832/1616 1588/1842/1617
f 1588/1842/1617 1579/1832/1616 1578/1831/1618 1589/1843/1619
f 1589/1843/1619 1578/1831/1618 1577/1830/1620 1590/1844/1621
f 1590/1844/1621 1577/1830/1620 1576/1829/1622 1591/1845/1623
f 1591/1845/1623 1576/1829/1622 1575/1828/1624 1592/1846/1625
f 1592/1846/1625 1575/1828/1624 1574/1827/1626 1593/1847/1627
f 1593/1847/1627 1574/1827/1626 1573/1826/1628 1594/1848/1629
f 1594/1848/1629 1573/1826/1628 1572/1825/1630 1595/1849/1631
f 1595/1849/1631 1572/1825/1630 1543/1794/1632 1596/1850/1633
f 1596/1850/1633 1543/1794/1632 1542/1793/1634 1597/1851/1635
f 1597/1851/1635 1542/1793/1634 1585/1839/1636 1598/1852/1637
f 1598/1852/1637 1585/1839/1636 1584/1838/1638 1599/1853/1639
f 1599/1853/1639 1584/1838/1638 1583/1837/1640 1600/1854/1641
f 1600/1854/1641 1583/1837/1640 1582/1836/1642 1601/1855/1643
f 1601/1856/1643 1582/1835/1642 1581/1834/1613 1586/1840/1612
f 1602/1857/1644 1603/1858/1645 1604/1859/1646 1605/1860/1647
f 1605/1860/1647 1604/1859/1646 1606/1861/1648 1607/1862/1649
f 1607/1862/1649 1606/1861/1648 1608/1863/1650 1609/1864/1651
f 1609/1864/1651 1608/1863/1650 1610/1865/1652 1611/1866/1653
f 1611/1866/1653 1610/1865/1652 1612/1867/1654 1613/1868/1655
f 1613/1868/1655 1612/1867/1654 1614/1869/1656 1615/1870/1657
f 1615/1870/1657 1614/1869/1656 1616/1871/1658 1617/1872/1659
f 1617/1872/1659 1616/1871/1658 1618/1873/1660 1619/1874/1661
f 1619/1874/1661 1618/1873/1660 1620/1875/1662 1621/1876/1663
f 1621/1876/1663 1620/1875/1662 1622/1877/1664 1623/1878/1665
f 1623/1878/1665 1622/1877/1664 1624/1879/1666 1625/1880/1667
f 1625/1880/1667 1624/1879/1666 1626/1881/1668 1627/1882/1669
f 1627/1882/1669 1626/1881/1668 1628/1883/1670 1629/1884/1671
f 1629/1884/1671 1628/1883/1670 1630/1885/1672 1631/1886/1673
f 1631/1886/1673 1630/1885/1672 1632/1887/1674 1633/1888/1675
f 1633/1889/1675 1632/1890/1674 1603/1858/1645 1602/1857/1644
f 1634/1891/1676 1635/1892/1677 1636/1893/1678 1637/1894/1679
f 1637/1894/1679 1636/1893/1678 1638/1895/1680 1639/1896/1681
f 1639/1896/1681 1638/1895/1680 1640/1897/1682 1641/1898/1683
f 1641/1898/1683 1640/1897/1682 1642/1899/1684 1643/1900/1685
f 1643/1900/1685 1642/1899/1684 1644/1901/1686 1645/1902/1687
f 1645/1902/1687 1644/1901/1686 1646/1903/1688 1647/1904/1689
f 1647/1904/1689 1646/1903/1688 1648/1905/1690 1649/1906/1691
f 1649/1906/1691 1648/1905/1690 1650/1907/1692 1651/1908/1693
f 1651/1908/1693 1650/1907/1692 1652/1909/1694 1653/1910/1695
f 1653/1910/1695 1652/1909/1694 1654/1911/1696 1655/1912/1697
f 1655/1912/1697 1654/1911/1696 1656/1913/1698 1657/1914/1699
f 1657/1914/1699 1656/1913/1698 1658/1915/1700 1659/1916/1701
f 1659/1916/1701 1658/1915/1700 1660/1917/1702 1661/1918/1703
f 1661/1918/1703 1660/1917/1702 1662/1919/1704 1663/1920/1705
f 1663/1920/1705 1662/1919/1704 1664/1921/1706 1665/1922/1707
f 1665/1923/1707 1664/1924/1706 1635/1892/1677 1634/1891/1676
f 1635/1892/1677 1602/1857/1644 1605/1860/1647 1636/1893/1678
f 1636/1893/1678 1605/1860/1647 1607/1862/1649 1638/1895/1680
f 1638/1895/1680 1607/1862/1649 1609/1864/1651 1640/1897/1682
f 1640/1897/1682 1609/1864/1651 1611/1866/1653 1642/1899/1684
f 1642/1899/1684 1611/1866/1653 1613/1868/1655 1644/1901/1686
f 1644/1901/1686 1613/1868/1655 1615/1870/1657 1646/1903/1688
f 1646/1903/1688 1615/1870/1657 1617/1872/1659 1648/1905/1690
f 1648/1905/1690 1617/1872/1659 1619/1874/1661 1650/1907/1692
f 1650/1907/1692 1619/1874/1661 1621/1876/1663 1652/1909/1694
f 1652/1909/1694 1621/1876/1663 1623/1878/1665 1654/1911/1696
f 1654/1911/1696 1623/1878/1665 1625/1880/1667 1656/1913/1698
f 1656/1913/1698 1625/1880/1667 1627/1882/1669 1658/1915/1700
f 1658/1915/1700 1627/1882/1669 1629/1884/1671 1660/1917/1702
f 1660/1917/1702 1629/1884/1671 1631/1886/1673 1662/1919/1704
f 1662/1919/1704 1631/1886/1673 1633/1888/1675 1664/1921/1706
f 1664/1924/1706 1633/1889/1675 1602/1857/1644 1635/1892/1677
f 1666/1925/1708 1634/1891/1676 1637/1894/1679 1667/1926/1709
f 1667/1926/1709 1637/1894/1679 1639/1896/1681 1668/1927/1710
f 1668/1927/1710 1639/1896/1681 1641/1898/1683 1669/1928/1711
f 1669/1928/1711 1641/1898/1683 1643/1900/1685 1670/1929/1712
f 1670/1929/1712 1643/1900/1685 1645/1902/1687 1671/1930/1713
f 1671/1930/1713 1645/1902/1687 1647/1904/1689 1672/1931/1714
f 1672/1931/1714 1647/1904/1689 1649/1906/1691 1673/1932/1715
f 1673/1932/1715 1649/1906/1691 1651/1908/1693 1674/1933/1716
f 1674/1933/1716 1651/1908/1693 1653/1910/1695 1675/1934/1717
f 1675/1934/1717 1653/1910/1695 1655/1912/1697 1676/1935/1718
f 1676/1935/1718 1655/1912/1697 1657/1914/1699 1677/1936/1719
f 1677/1936/1719 1657/1914/1699 1659/1916/1701 1678/1937/1720
f 1678/1937/1720 1659/1916/1701 1661/1918/1703 1679/1938/1721
f 1679/1938/1721 1661/1918/1703 1663/1920/1705 1680/1939/1722
f 1680/1939/1722 1663/1920/1705 1665/1922/1707 1681/1940/1723
f 1681/1941/1723 1665/1923/1707 1634/1891/1676 1666/1925/1708
f 1603/1858/1645 1586/1840/1612 1587/1841/1615 1604/1859/1646
f 1604/1859/1646 1587/1841/1615 1588/1842/1617 1606/1861/1648
f 1606/1861/1648 1588/1842/1617 1589/1843/1619 1608/1863/1650
f 1608/1863/1650 1589/1843/1619 1590/1844/1621 1610/1865/1652
f 1610/1865/1652 1590/1844/1621 1591/1845/1623 1612/1867/1654
f 1612/1867/1654 1591/1845/1623 1592/1846/1625 1614/1869/1656
f 1614/1869/1656 1592/1846/1625 1593/1847/1627 1616/1871/1658
f 1616/1871/1658 1593/1847/1627 1594/1848/1629 1618/1873/1660
f 1618/1873/1660 1594/1848/1629 1595/1849/1631 1620/1875/1662
f 1620/1875/1662 1595/1849/1631 1596/1850/1633 1622/1877/1664
f 1622/1877/1664 1596/1850/1633 1597/1851/1635 1624/1879/1666
f 1624/1879/1666 1597/1851/1635 1598/1852/1637 1626/1881/1668
f 1626/1881/1668 1598/1852/1637 1599/1853/1639 1628/1883/1670
f 1628/1883/1670 1599/1853/1639 1600/1854/1641 1630/1885/1672
f 1630/1885/1672 1600/1854/1641 1601/1855/1643 1632/1887/1674
f 1632/1890/1674 1601/1856/1643 1586/1840/1612 1603/1858/1645
f 1682/1942/1724 1669/1928/1711 1670/1929/1712 1683/1943/1725
f 1683/1943/1725 1670/1929/1712 1671/1930/1713 1684/1944/1726
f 1684/1944/1726 1671/1930/1713 1672/1931/1714 1685/1945/1727
f 1685/1945/1727 1672/1931/1714 1673/1932/1715 1686/1946/1728
f 1686/1946/1728 1673/1932/1715 1674/1933/1716 1687/1947/1729
f 1687/1947/1729 1674/1933/1716 1675/1934/1717 1688/1948/1730
f 1688/1948/1730 1675/1934/1717 1676/1935/1718 1689/1949/1731
f 1689/1949/1731 1676/1935/1718 1677/1936/1719 1690/1950/1732
f 1690/1950/1732 1677/1936/1719 1678/1937/1720 1691/1951/1733
f 1691/1951/1733 1678/1937/1720 1679/1938/1721 1692/1952/1734
f 1692/1952/1734 1679/1938/1721 1680/1939/1722 1693/1953/1735
f 1693/1953/1735 1680/1939/1722 1681/1940/1723 1694/1954/1736
f 1694/1955/1736 1681/1941/1723 1666/1925/1708 1695/1956/1737
f 1695/1956/1737 1666/1925/1708 1667/1926/1709 1696/1957/1738
f 1696/1957/1738 1667/1926/1709 1668/1927/1710 1697/1958/1739
f 1697/1958/1739 1668/1927/1710 1669/1928/1711 1682/1942/1724
f 1698/1959/1740 1699/1960/1741 1700/1961/1742 1701/1962/1743
f 1701/1962/1743 1700/1961/1742 1702/1963/1744 1703/1964/1745
f 1703/1964/1745 1702/1963/1744 1704/1965/1746 1705/1966/1747
f 1705/1966/1747 1704/1965/1746 1706/1967/1748 1707/1968/1749
f 1707/1968/1749 1706/1967/1748 1708/1969/1750 1709/1970/1751
f 1709/1970/1751 1708/1969/1750 1710/1971/1752 1711/1972/1753
f 1711/1972/1753 1710/1971/1752 1712/1973/1754 1713/1974/1755
f 1713/1974/1755 1712/1973/1754 1714/1975/1756 1715/1976/1757
f 1715/1976/1757 1714/1975/1756 1716/1977/1758 1717/1978/1759
f 1717/1979/1759 1716/1980/1758 1718/1981/1760 1719/1982/1761
f 1719/1982/1761 1718/1981/1760 1720/1983/1762 1721/1984/1763
f 1721/1984/1763 1720/1983/1762 1722/1985/1764 1723/1986/1765
f 1723/1986/1765 1722/1985/1764 1724/1987/1766 1725/1988/1767
f 1725/1988/1767 1724/1987/1766 1726/1989/1768 1727/1990/1769
f 1727/1990/1769 1726/1989/1768 1728/1991/1770 1729/1992/1771
f 1729/1992/1771 1728/1991/1770 1699/1960/1741 1698/1959/1740
f 1730/1993/1772 1731/1994/1773 1732/1995/1774 1733/1996/1775
f 1734/1997/1776 1735/1998/1777 1736/1999/1778 1737/2000/1779
f 1736/1999/1778 1735/1998/1777 1738/2001/1780 1739/2002/1781
f 1738/2001/1780 1740/2003/1782 1741/2004/1783 1739/2002/1781
f 1733/1996/1775 1737/2000/1779 1742/2005/1784
f 1742/2005/1784 1743/2006/1785 1744/2007/1786 1745/2008/1787
f 1744/2007/1786 1746/2009/1788 1747/2010/1789 1745/2008/1787
f 1747/2010/1789 1746/2009/1788 1748/2011/1790 1749/2012/1791
f 1748/2011/1790 1750/2013/1792 1751/2014/1793 1749/2012/1791
f 1751/2014/1793 1750/2013/1792 1752/2015/1794 1753/2016/1795
f 1731/1994/1773 1754/2017/1796 1755/2018/1797 1732/1995/1774
f 1755/2018/1797 1754/2017/1796 1756/2019/1798 1757/2020/1799
f 1756/2019/1798 1758/2021/1800 1759/2022/1801 1757/2020/1799
f 1759/2022/1801 1758/2021/1800 1760/2023/1802 1761/2024/1803
f 1760/2023/1802 1762/2025/1804 1763/2026/1805 1761/2024/1803
f 1763/2026/1805 1762/2025/1804 1764/2027/1806 1765/2028/1807
f 1765/2028/1807 1766/2029/1808 1767/2030/1809
f 1767/2031/1809 1766/2032/1808 1768/2033/1810 1769/2034/1811
f 1768/2033/1810 1753/2016/1795 1752/2015/1794 1769/2034/1811
f 1770/2035/1812 1730/1993/1772 1733/1996/1775 1742/2005/1784
f 1771/2036/1813 1772/2037/1814 1744/2007/1786 1743/2006/1785
f 1744/2007/1786 1772/2037/1814 1773/2038/1815 1746/2009/1788
f 1773/2038/1815 1774/2039/1816 1748/2011/1790 1746/2009/1788
f 1748/2011/1790 1774/2039/1816 1775/2040/1817 1750/2013/1792
f 1775/2040/1817 1776/2041/1818 1752/2015/1794 1750/2013/1792
f 1752/2015/1794 1776/2041/1818 1777/2042/1819 1769/2034/1811
f 1777/2042/1819 1778/2043/1820 1767/2031/1809 1769/2034/1811
f 1779/2044/1821 1721/1984/1763 1723/1986/1765 1780/2045/1822
f 1780/2045/1822 1723/1986/1765 1725/1988/1767 1781/2046/1823
f 1781/2046/1823 1725/1988/1767 1727/1990/1769 1782/2047/1824
f 1782/2047/1824 1727/1990/1769 1729/1992/1771 1783/2048/1825
f 1783/2048/1825 1729/1992/1771 1698/1959/1740 1770/2035/1812
f 1770/2035/1812 1698/1959/1740 1701/1962/1743 1730/1993/1772
f 1730/1993/1772 1701/1962/1743 1703/1964/1745 1731/1994/1773
f 1731/1994/1773 1703/1964/1745 1705/1966/1747 1754/2017/1796
f 1754/2017/1796 1705/1966/1747 1707/1968/1749 1756/2019/1798
f 1756/2019/1798 1707/1968/1749 1709/1970/1751 1758/2021/1800
f 1758/2021/1800 1709/1970/1751 1711/1972/1753 1760/2023/1802
f 1760/2023/1802 1711/1972/1753 1713/1974/1755 1762/2025/1804
f 1762/2025/1804 1713/1974/1755 1715/1976/1757 1764/2027/1806
f 1764/2027/1806 1715/1976/1757 1717/1978/1759 1784/2049/1826
f 1784/2050/1826 1717/1979/1759 1719/1982/1761 1785/2051/1827
f 1785/2051/1827 1719/1982/1761 1721/1984/1763 1779/2044/1821
f 1718/1981/1760 1695/1956/1737 1696/1957/1738 1720/1983/1762
f 1720/1983/1762 1696/1957/1738 1697/1958/1739 1722/1985/1764
f 1722/1985/1764 1697/1958/1739 1682/1942/1724 1724/1987/1766
f 1724/1987/1766 1682/1942/1724 1683/1943/1725 1726/1989/1768
f 1726/1989/1768 1683/1943/1725 1684/1944/1726 1728/1991/1770
f 1728/1991/1770 1684/1944/1726 1685/1945/1727 1699/1960/1741
f 1699/1960/1741 1685/1945/1727 1686/1946/1728 1700/1961/1742
f 1700/1961/1742 1686/1946/1728 1687/1947/1729 1702/1963/1744
f 1702/1963/1744 1687/1947/1729 1688/1948/1730 1704/1965/1746
f 1704/1965/1746 1688/1948/1730 1689/1949/1731 1706/1967/1748
f 1706/1967/1748 1689/1949/1731 1690/1950/1732 1708/1969/1750
f 1708/1969/1750 1690/1950/1732 1691/1951/1733 1710/1971/1752
f 1710/1971/1752 1691/1951/1733 1692/1952/1734 1712/1973/1754
f 1712/1973/1754 1692/1952/1734 1693/1953/1735 1714/1975/1756
f 1714/1975/1756 1693/1953/1735 1694/1954/1736 1716/1977/1758
f 1716/1980/1758 1694/1955/1736 1695/1956/1737 1718/1981/1760
f 1765/2028/1807 1767/2030/1809 1786/2052/1828
f 1786/2052/1828 1787/2053/1829 1763/2026/1805 1765/2028/1807
f 1763/2026/1805 1787/2053/1829 1788/2054/1830
f 1788/2054/1830 1789/2055/1831 1761/2024/1803 1763/2026/1805
f 1761/2024/1803 1789/2055/1831 1790/2056/1832 1759/2022/1801
f 1790/2056/1832 1791/2057/1833 1757/2020/1799 1759/2022/1801
f 1757/2020/1799 1791/2057/1833 1792/2058/1834 1755/2018/1797
f 1792/2058/1834 1793/2059/1835 1755/2018/1797
f 1755/2018/1797 1793/2059/1835 1735/1998/1777 1734/1997/1776
f 1736/1999/1778 1739/2002/1781 1794/2060/1836 1771/2036/1813
f 1794/2060/1836 1739/2002/1781 1741/2004/1783 1795/2061/1837
f 1771/2036/1813 1794/2060/1836 1796/2062/1838 1797/2063/1839
f 1797/2063/1839 1798/2064/1840 1772/2037/1814 1771/2036/1813
f 1772/2037/1814 1798/2064/1840 1799/2065/1841 1773/2038/1815
f 1799/2065/1841 1800/2066/1842 1774/2039/1816 1773/2038/1815
f 1774/2039/1816 1800/2066/1842 1801/2067/1843 1775/2040/1817
f 1801/2067/1843 1802/2068/1844 1776/2041/1818 1775/2040/1817
f 1776/2041/1818 1802/2068/1844 1803/2069/1845 1777/2042/1819
f 1803/2069/1845 1804/2070/1846 1778/2043/1820 1777/2042/1819
f 1732/1995/1774 1755/2018/1797 1734/1997/1776
f 1732/1995/1774 1734/1997/1776 1737/2000/1779 1733/1996/1775
f 1770/2035/1812 1742/2005/1784 1745/2008/1787 1783/2048/1825
f 1745/2008/1787 1747/2010/1789 1782/2047/1824 1783/2048/1825
f 1782/2047/1824 1747/2010/1789 1749/2012/1791 1781/2046/1823
f 1749/2012/1791 1751/2014/1793 1780/2045/1822 1781/2046/1823
f 1780/2045/1822 1751/2014/1793 1753/2016/1795 1779/2044/1821
f 1785/2051/1827 1779/2044/1821 1753/2016/1795 1768/2033/1810
f 1766/2032/1808 1784/2050/1826 1785/2051/1827 1768/2033/1810
f 1764/2027/1806 1784/2049/1826 1766/2029/1808 1765/2028/1807
f 1737/2000/1779 1736/1999/1778 1743/2006/1785 1742/2005/1784
f 1736/1999/1778 1771/2036/1813 1743/2006/1785
f 1767/2031/1809 1778/2043/1820 1805/2071/1847 1786/2072/1828
f 1805/2073/1847 1806/2074/1848 1787/2053/1829 1786/2052/1828
f 1787/2053/1829 1806/2074/1848 1807/2075/1849
f 1807/2075/1849 1808/2076/1850 1788/2054/1830 1787/2053/1829
f 1778/2043/1820 1804/2070/1846 1809/2077/1851 1805/2071/1847
f 1809/2077/1851 1810/2078/1852 1811/2079/1853 1805/2071/1847
f 1805/2073/1847 1811/2080/1853 1812/2081/1854 1806/2074/1848
f 1812/2081/1854 1813/2082/1855 1807/2075/1849 1806/2074/1848
f 1814/2083/1856 1807/2075/1849 1813/2082/1855
f 1735/1998/1777 1815/2084/1857 1816/2085/1858 1738/2001/1780
f 1815/2084/1857 1735/1998/1777 1793/2059/1835 1817/2086/1859
f 1793/2059/1835 1792/2058/1834 1818/2087/1860 1817/2086/1859
f 1818/2087/1860 1792/2058/1834 1791/2057/1833 1819/2088/1861
f 1791/2057/1833 1790/2056/1832 1820/2089/1862 1819/2088/1861
f 1820/2089/1862 1790/2056/1832 1789/2055/1831 1821/2090/1863
f 1789/2055/1831 1788/2054/1830 1822/2091/1864 1821/2090/1863
f 1822/2091/1864 1788/2054/1830 1808/2076/1850 1823/2092/1865
f 1808/2076/1850 1807/2075/1849 1814/2083/1856 1823/2092/1865
f 1740/2003/1782 1738/2001/1780 1816/2085/1858 1824/2093/1866
f 1798/2064/1840 1797/2063/1839 1825/2094/1867
f 1825/2094/1867 1826/2095/1868 1799/2065/1841 1798/2064/1840
f 1799/2065/1841 1826/2095/1868 1827/2096/1869 1800/2066/1842
f 1827/2096/1869 1828/2097/1870 1801/2067/1843 1800/2066/1842
f 1801/2067/1843 1828/2097/1870 1829/2098/1871 1802/2068/1844
f 1829/2098/1871 1830/2099/1872 1803/2069/1845 1802/2068/1844
f 1803/2069/1845 1830/2099/1872 1831/2100/1873 1804/2070/1846
f 1831/2100/1873 1809/2077/1851 1804/2070/1846
f 1809/2077/1851 1831/2100/1873 1832/2101/1874 1810/2078/1852
f 1831/2100/1873 1830/2099/1872 1833/2102/1875 1832/2101/1874
f 1833/2102/1875 1830/2099/1872 1829/2098/1871 1834/2103/1876
f 1829/2098/1871 1828/2097/1870 1835/2104/1877 1834/2103/1876
f 1835/2104/1877 1828/2097/1870 1827/2096/1869 1836/2105/1878
f 1827/2096/1869 1826/2095/1868 1837/2106/1879 1836/2105/1878
f 1837/2106/1879 1826/2095/1868 1825/2094/1867 1838/2107/1880
f 1825/2094/1867 1797/2063/1839 1796/2062/1838 1838/2107/1880
f 1794/2060/1836 1839/2108/1881 1838/2107/1880 1796/2062/1838
f 1838/2107/1880 1839/2108/1881 1840/2109/1882 1837/2106/1879
f 1840/2109/1882 1841/2110/1883 1836/2105/1878 1837/2106/1879
f 1836/2105/1878 1841/2110/1883 1842/2111/1884 1835/2104/1877
f 1842/2111/1884 1843/2112/1885 1834/2103/1876 1835/2104/1877
f 1834/2103/1876 1843/2112/1885 1844/2113/1886 1833/2102/1875
f 1844/2113/1886 1845/2114/1887 1832/2101/1874 1833/2102/1875
f 1832/2101/1874 1845/2114/1887 1811/2079/1853 1810/2078/1852
f 1795/2061/1837 1846/2115/1888 1839/2108/1881 1794/2060/1836
f 1839/2108/1881 1846/2115/1888 1847/2116/1889 1840/2109/1882
f 1847/2116/1889 1848/2117/1890 1841/2110/1883 1840/2109/1882
f 1841/2110/1883 1848/2117/1890 1849/2118/1891 1842/2111/1884
f 1849/2118/1891 1850/2119/1892 1843/2112/1885 1842/2111/1884
f 1843/2112/1885 1850/2119/1892 1851/2120/1893 1844/2113/1886
f 1851/2120/1893 1852/2121/1894 1845/2114/1887 1844/2113/1886
f 1845/2114/1887 1852/2121/1894 1853/2122/1895 1811/2079/1853
f 1853/2123/1895 1854/2124/1896 1812/2081/1854 1811/2080/1853
f 1812/2081/1854 1854/2124/1896 1855/2125/1897 1813/2082/1855
f 1855/2125/1897 1856/2126/1898 1814/2083/1856 1813/2082/1855
f 1814/2083/1856 1856/2126/1898 1857/2127/1899 1858/2128/1900
f 1858/2128/1900 1859/2129/1901 1823/2092/1865 1814/2083/1856
f 1823/2092/1865 1859/2129/1901 1860/2130/1902 1822/2091/1864
f 1860/2130/1902 1861/2131/1903 1821/2090/1863 1822/2091/1864
f 1821/2090/1863 1861/2131/1903 1862/2132/1904 1820/2089/1862
f 1862/2132/1904 1863/2133/1905 1819/2088/1861 1820/2089/1862
f 1819/2088/1861 1863/2133/1905 1864/2134/1906 1818/2087/1860
f 1864/2134/1906 1817/2086/1859 1818/2087/1860
f 1817/2086/1859 1864/2134/1906 1865/2135/1907 1815/2084/1857
f 1865/2135/1907 1866/2136/1908 1816/2085/1858 1815/2084/1857
f 1816/2085/1858 1866/2136/1908 1867/2137/1909 1824/2093/1866
f 1866/2136/1908 1868/2138/1910 1869/2139/1911 1867/2137/1909
f 1868/2138/1910 1866/2136/1908 1865/2135/1907 1870/2140/1912
f 1865/2135/1907 1864/2134/1906 1871/2141/1913 1870/2140/1912
f 1871/2141/1913 1864/2134/1906 1863/2133/1905 1872/2142/1914
f 1863/2133/1905 1862/2132/1904 1873/2143/1915 1872/2142/1914
f 1873/2143/1915 1862/2132/1904 1861/2131/1903 1874/2144/1916
f 1861/2131/1903 1860/2130/1902 1875/2145/1917 1874/2144/1916
f 1875/2145/1917 1860/2130/1902 1859/2129/1901 1876/2146/1918
f 1859/2129/1901 1858/2128/1900 1877/2147/1919 1876/2146/1918
f 1877/2147/1919 1858/2128/1900 1857/2127/1899 1878/2148/1920
f 1874/2144/1916 1875/2145/1917 1879/2149/1921 1880/2150/1922
f 1880/2150/1922 1881/2151/1923 1873/2143/1915 1874/2144/1916
f 1873/2143/1915 1881/2151/1923 1882/2152/1924 1872/2142/1914
f 1882/2152/1924 1883/2153/1925 1871/2141/1913 1872/2142/1914
f 1871/2141/1913 1883/2153/1925 1884/2154/1926 1870/2140/1912
f 1884/2154/1926 1885/2155/1927 1868/2138/1910 1870/2140/1912
f 1868/2138/1910 1885/2155/1927 1886/2156/1928 1869/2139/1911
f 1875/2145/1917 1876/2146/1918 1887/2157/1929 1879/2149/1921
f 1887/2157/1929 1876/2146/1918 1877/2147/1919 1888/2158/1930
f 1877/2147/1919 1878/2148/1920 1889/2159/1931 1888/2158/1930
f 1879/2149/1921 1887/2157/1929 1890/2160/1932
f 1890/2160/1932 1891/2161/1933 1880/2150/1922 1879/2149/1921
f 1880/2150/1922 1891/2161/1933 1892/2162/1934 1881/2151/1923
f 1893/2163/1935 1894/2164/1936 1892/2162/1934 1891/2161/1933
f 1881/2151/1923 1892/2162/1934 1895/2165/1937 1882/2152/1924
f 1895/2165/1937 1896/2166/1938 1883/2153/1925 1882/2152/1924
f 1883/2153/1925 1896/2166/1938 1897/2167/1939 1884/2154/1926
f 1897/2167/1939 1885/2155/1927 1884/2154/1926
f 1885/2155/1927 1897/2167/1939 1898/2168/1940
f 1898/2168/1940 1899/2169/1941 1886/2156/1928 1885/2155/1927
f 1891/2161/1933 1890/2160/1932 1900/2170/1942 1893/2163/1935
f 1892/2162/1934 1894/2164/1936 1901/2171/1943 1895/2165/1937
f 1901/2171/1943 1902/2172/1944 1896/2166/1938 1895/2165/1937
f 1896/2166/1938 1902/2172/1944 1898/2168/1940 1897/2167/1939
f 1902/2172/1944 1903/2173/1945 1898/2168/1940
f 1903/2173/1945 1902/2172/1944 1901/2171/1943 1904/2174/1946
f 1901/2171/1943 1894/2164/1936 1905/2175/1947 1904/2174/1946
f 1905/2175/1947 1894/2164/1936 1906/2176/1948 1907/2177/1949
f 1906/2176/1948 1908/2178/1950 1909/2179/1951 1907/2177/1949
f 1909/2179/1951 1908/2178/1950 1910/2180/1952
f 1900/2170/1942 1890/2160/1932 1911/2181/1953 1910/2180/1952
f 1911/2181/1953 1887/2157/1929 1888/2158/1930
f 1888/2158/1930 1889/2159/1931 1912/2182/1954 1910/2180/1952
f 1912/2182/1954 1913/2183/1955 1909/2179/1951 1910/2180/1952
f 1909/2179/1951 1913/2183/1955 1914/2184/1956 1907/2177/1949
f 1914/2184/1956 1915/2185/1957 1905/2175/1947 1907/2177/1949
f 1905/2175/1947 1915/2185/1957 1916/2186/1958 1904/2174/1946
f 1916/2186/1958 1917/2187/1959 1903/2173/1945 1904/2174/1946
f 1903/2173/1945 1917/2187/1959 1899/2169/1941 1898/2168/1940
f 1890/2160/1932 1887/2157/1929 1911/2181/1953
f 1908/2178/1950 1900/2170/1942 1910/2180/1952
f 1893/2163/1935 1900/2170/1942 1908/2178/1950 1906/2176/1948
f 1910/2180/1952 1911/2181/1953 1888/2158/1930
f 1894/2164/1936 1893/2163/1935 1906/2176/1948
f 1848/2188/1890 1847/2189/1960 1850/2190/1961 1849/2191/1891
f 1846/2192/1962 1851/2193/1963 1850/2190/1961 1847/2189/1960
f 1852/2194/1964 1851/2193/1963 1846/2192/1962 1795/2195/1965
f 1741/2196/1966 1853/2197/1967 1852/2194/1964 1795/2195/1965
f 1854/2198/1968 1853/2197/1967 1741/2196/1966 1740/2199/1969
f 1824/2200/1970 1855/2201/1971 1854/2198/1968 1740/2199/1969
f 1856/2202/1972 1855/2201/1971 1824/2200/1970 1867/2203/1973
f 1867/2203/1973 1869/2204/1974 1857/2205/1975 1856/2202/1972
f 1857/2205/1975 1869/2204/1974 1886/2206/1976 1878/2207/1977
f 1886/2206/1976 1899/2208/1978 1889/2209/1979 1878/2207/1977
f 1889/2209/1979 1899/2208/1978 1917/2210/1980 1912/2211/1981
f 1917/2210/1980 1916/2212/1982 1913/2213/1983 1912/2211/1981
f 1915/2214/1984 1914/2215/1984 1913/2213/1983 1916/2212/1982
f 1918/2216/1985 1919/2217/1986 1920/2218/1987 1921/2219/1988
f 1922/2220/1989 1923/2221/1990 1924/2222/1991 1925/2223/1992
f 1926/2224/1993 1927/2225/1994 1928/2226/1995 1929/2227/1996
f 1930/2228/1997 1931/2229/1998 1932/2230/1999 1933/2231/2000
f 1932/2230/1999 1934/2232/2001 1935/2233/2002 1933/2231/2000
f 1936/2234/2003 1937/2235/2004 1938/2236/2005 1939/2237/2006
f 1940/2238/2007 1941/2239/2008 1942/2240/2009 1943/2241/2010
f 1944/2242/2011 1945/2243/2012 1946/2244/2013 1947/2245/2014
f 1921/2219/1988 1920/2218/1987 1948/2246/2015 1949/2247/2016
f 1948/2246/2015 1950/2248/2017 1951/2249/2018 1949/2247/2016
f 1951/2249/2018 1950/2248/2017 1952/2250/2019 1953/2251/2020
f 1953/2251/2020 1954/2252/2021 1955/2253/2022 1956/2254/2023
f 1956/2255/2023 1955/2256/2022 1957/2257/2024 1958/2258/2025
f 1959/2259/2026 1960/2260/2027 1961/2261/2028
f 1962/2262/2029 1963/2263/2030 1964/2264/2031 1965/2265/2032
f 1964/2264/2031 1966/2266/2033 1967/2267/2034 1965/2265/2032
f 1967/2267/2034 1966/2266/2033 1944/2242/2011 1947/2245/2014
f 1922/2220/1989 1925/2223/1992 1968/2268/2035 1969/2269/2036
f 1970/2270/2037 1929/2227/1996 1928/2226/1995 1971/2271/2038
f 1930/2228/1997 1933/2231/2000 1972/2272/2039 1973/2273/2040
f 1972/2272/2039 1933/2231/2000 1935/2233/2002 1974/2274/2041
f 1936/2234/2003 1939/2237/2006 1975/2275/2042 1976/2276/2043
f 1977/2277/2044 1943/2241/2010 1942/2240/2009 1978/2278/2045
f 1979/2279/2046 1969/2269/2036 1968/2268/2035 1980/2280/2047
f 1970/2270/2037 1971/2271/2038 1981/2281/2048 1982/2282/2049
f 1983/2283/2050 1973/2273/2040 1972/2272/2039 1984/2284/2051
f 1972/2272/2039 1974/2274/2041 1985/2285/2052 1984/2284/2051
f 1986/2286/2053 1976/2276/2043 1975/2275/2042 1987/2287/2054
f 1977/2277/2044 1978/2278/2045 1988/2288/2055 1989/2289/2056
f 1979/2279/2046 1980/2280/2047 1990/2290/2057 1991/2291/2058
f 1992/2292/2059 1982/2282/2049 1981/2281/2048 1993/2293/2060
f 1983/2283/2050 1984/2284/2051 1994/2294/2061 1995/2295/2062
f 1990/2290/2057 1980/2280/2047 1982/2282/2049 1992/2292/2059
f 1968/2268/2035 1970/2270/2037 1982/2282/2049 1980/2280/2047
f 1968/2268/2035 1925/2223/1992 1929/2227/1996 1970/2270/2037
f 1924/2222/1991 1926/2224/1993 1929/2227/1996 1925/2223/1992
f 1981/2281/2048 1983/2283/2050 1995/2295/2062 1993/2293/2060
f 1981/2281/2048 1971/2271/2038 1973/2273/2040 1983/2283/2050
f 1928/2226/1995 1930/2228/1997 1973/2273/2040 1971/2271/2038
f 1928/2226/1995 1927/2225/1994 1931/2229/1998 1930/2228/1997
f 1950/2248/2017 1979/2279/2046 1991/2291/2058 1952/2250/2019
f 1950/2248/2017 1948/2246/2015 1969/2269/2036 1979/2279/2046
f 1920/2218/1987 1922/2220/1989 1969/2269/2036 1948/2246/2015
f 1920/2218/1987 1919/2217/1986 1923/2221/1990 1922/2220/1989
f 1947/2245/2014 1946/2244/2013 1421/2296/1447 1420/2297/1446
f 1422/2298/1448 1967/2267/2034 1947/2245/2014 1420/2297/1446
f 1965/2265/2032 1967/2267/2034 1422/2298/1448 1423/2299/1449
f 1424/2300/1450 1962/2262/2029 1965/2265/2032 1423/2299/1449
f 1958/2258/2025 1961/2261/2028 1426/2301/1452 1425/2302/1451
f 1427/2303/1453 1956/2255/2023 1958/2258/2025 1425/2302/1451
f 1953/2251/2020 1956/2254/2023 1427/1673/1453 1428/1672/1454
f 1429/1674/1455 1951/2249/2018 1953/2251/2020 1428/1672/1454
f 1949/2247/2016 1951/2249/2018 1429/1674/1455 1430/1675/1456
f 1431/1676/1457 1921/2219/1988 1949/2247/2016 1430/1675/1456
f 1432/1677/1458 1918/2216/1985 1921/2219/1988 1431/1676/1457
f 1934/2232/2001 1937/2235/2004 1936/2234/2003 1935/2233/2002
f 1974/2274/2041 1935/2233/2002 1936/2234/2003 1976/2276/2043
f 1974/2274/2041 1976/2276/2043 1986/2286/2053 1985/2285/2052
f 1939/2237/2006 1938/2236/2005 1940/2238/2007 1943/2241/2010
f 1939/2237/2006 1943/2241/2010 1977/2277/2044 1975/2275/2042
f 1987/2287/2054 1975/2275/2042 1977/2277/2044 1989/2289/2056
f 1941/2239/2008 1945/2243/2012 1944/2242/2011 1942/2240/2009
f 1978/2278/2045 1942/2240/2009 1944/2242/2011 1966/2266/2033
f 1978/2278/2045 1966/2266/2033 1964/2264/2031 1988/2288/2055
f 1994/2294/2061 1984/2284/2051 1996/2304/2063 1997/2305/2064
f 1984/2284/2051 1985/2285/2052 1996/2304/2063
f 1996/2304/2063 1985/2285/2052 1986/2286/2053 1998/2306/2065
f 1986/2286/2053 1987/2287/2054 1999/2307/2066 1998/2306/2065
f 1999/2307/2066 1987/2287/2054 1989/2289/2056 2000/2308/2067
f 1989/2289/2056 1988/2288/2055 2001/2309/2068 2000/2308/2067
f 1426/2301/1452 1961/2261/2028 1962/2262/2029 1424/2300/1450
f 1961/2261/2028 1960/2260/2027 1963/2263/2030 1962/2262/2029
f 2001/2309/2068 1988/2288/2055 1964/2264/2031 1963/2263/2030
f 1996/2304/2063 1998/2306/2065 2002/2310/2069 1997/2305/2064
f 2002/2310/2069 1998/2306/2065 1999/2307/2066 2003/2311/2070
f 1999/2307/2066 2000/2308/2067 2004/2312/2071 2003/2311/2070
f 2004/2312/2071 2000/2308/2067 2001/2309/2068 1960/2260/2027
f 2001/2309/2068 1963/2263/2030 1960/2260/2027
f 1952/2250/2019 1954/2252/2021 1953/2251/2020
f 1957/2257/2024 1959/2259/2026 1961/2261/2028 1958/2258/2025
f 2005/2313/2072 2006/2314/2073 2007/2315/2074 2008/2316/2075
f 2008/2316/2075 2007/2315/2074 2009/2317/2076 2010/2318/2077
f 2010/2318/2077 2009/2317/2076 2011/2319/2078 2012/2320/2079
f 2012/2320/2079 2011/2319/2078 2013/2321/2080 2014/2322/2081
f 2014/2322/2081 2013/2321/2080 2015/2323/2082 2016/2324/2083
f 2016/2324/2083 2015/2323/2082 2017/2325/2084 2018/2326/2085
f 2018/2326/2085 2017/2325/2084 2019/2327/2086 2020/2328/2087
f 2020/2328/2087 2019/2327/2086 2021/2329/2088 2022/2330/2089
f 2022/2330/2089 2021/2329/2088 2023/2331/2090 2024/2332/2091
f 2024/2332/2091 2023/2331/2090 2025/2333/2092 2026/2334/2093
f 2026/2335/2093 2025/2336/2092 2027/2337/2094 2028/2338/2095
f 2028/2338/2095 2027/2337/2094 2029/2339/2096 2030/2340/2097
f 2030/2340/2097 2029/2339/2096 2031/2341/2098 2032/2342/2099
f 2032/2342/2099 2031/2341/2098 2033/2343/2100 2034/2344/2101
f 2034/2344/2101 2033/2343/2100 2035/2345/2102 2036/2346/2103
f 2036/2346/2103 2035/2345/2102 2006/2314/2073 2005/2313/2072
f 2037/2347/2104 2038/2348/2105 2039/2349/2106 2040/2350/2107
f 2040/2350/2107 2039/2349/2106 2041/2351/2108 2042/2352/2109
f 2042/2352/2109 2041/2351/2108 2043/2353/2110 2044/2354/2111
f 2044/2354/2111 2043/2353/2110 2045/2355/2112 2046/2356/2113
f 2046/2356/2113 2045/2355/2112 2047/2357/2114 2048/2358/2115
f 2048/2358/2115 2047/2357/2114 2049/2359/2116 2050/2360/2117
f 2050/2361/2117 2049/2362/2116 2051/2363/2118 2052/2364/2119
f 2052/2364/2119 2051/2363/2118 2053/2365/2120 2054/2366/2121
f 2054/2366/2121 2053/2365/2120 2055/2367/2122 2056/2368/2123
f 2056/2368/2123 2055/2367/2122 2057/2369/2124 2058/2370/2125
f 2058/2370/2125 2057/2369/2124 2059/2371/2126 2060/2372/2127
f 2060/2372/2127 2059/2371/2126 2061/2373/2128 2062/2374/2129
f 2062/2374/2129 2061/2373/2128 2063/2375/2130 2064/2376/2131
f 2064/2376/2131 2063/2375/2130 2065/2377/2132 2066/2378/2133
f 2066/2378/2133 2065/2377/2132 2067/2379/2134 2068/2380/2135
f 2068/2380/2135 2067/2379/2134 2038/2348/2105 2037/2347/2104
f 2069/2381/2136 2070/2382/2137 2071/2383/2138 2072/2384/2139
f 2072/2384/2139 2071/2383/2138 2073/2385/2140 2074/2386/2141
f 2074/2387/2141 2073/2388/2140 2075/2389/2142 2076/2390/2143
f 2076/2390/2143 2075/2389/2142 2077/2391/2144 2078/2392/2145
f 2078/2392/2145 2077/2391/2144 2079/2393/2146 2080/2394/2147
f 2080/2394/2147 2079/2393/2146 2081/2395/2148 2082/2396/2149
f 2082/2396/2149 2081/2395/2148 2083/2397/2150 2084/2398/2151
f 2084/2398/2151 2083/2397/2150 2085/2399/2152 2086/2400/2153
f 2086/2400/2153 2085/2399/2152 2087/2401/2154 2088/2402/2155
f 2088/2402/2155 2087/2401/2154 2089/2403/2156 2090/2404/2157
f 2090/2404/2157 2089/2403/2156 2091/2405/2158 2092/2406/2159
f 2092/2406/2159 2091/2405/2158 2093/2407/2160 2094/2408/2161
f 2094/2408/2161 2093/2407/2160 2095/2409/2162 2096/2410/2163
f 2096/2410/2163 2095/2409/2162 2097/2411/2164 2098/2412/2165
f 2098/2412/2165 2097/2411/2164 2099/2413/2166 2100/2414/2167
f 2100/2414/2167 2099/2413/2166 2070/2382/2137 2069/2381/2136
f 2082/2396/2149 2084/2398/2151 2101/2415/2168 2102/2416/2169
f 2101/2415/2168 2103/2417/2170 2104/2418/2171 2102/2416/2169
f 2104/2418/2171 2103/2417/2170 2105/2419/2172 2106/2420/2173
f 2084/2398/2151 2086/2400/2153 2107/2421/2174 2101/2415/2168
f 2107/2421/2174 2086/2400/2153 2088/2402/2155 2108/2422/2175
f 2088/2402/2155 2090/2404/2157 2109/2423/2176 2108/2422/2175
f 2109/2423/2176 2090/2404/2157 2092/2406/2159 2110/2424/2177
f 2092/2406/2159 2094/2408/2161 2111/2425/2178 2110/2424/2177
f 2111/2425/2178 2094/2408/2161 2096/2410/2163 2112/2426/2179
f 2096/2410/2163 2098/2412/2165 2113/2427/1576 2112/2426/2179
f 2113/2427/1576 2098/2412/2165 2100/2414/2167 2114/2428/2180
f 2100/2414/2167 2069/2381/2136 2115/2429/2181 2114/2428/2180
f 2115/2429/2181 2069/2381/2136 2072/2384/2139 2116/2430/2182
f 2072/2384/2139 2074/2386/2141 2117/2431/2183 2116/2430/2182
f 2117/2432/2183 2074/2387/2141 2076/2390/2143 2118/2433/2184
f 2076/2390/2143 2078/2392/2145 2119/2434/2185 2118/2433/2184
f 2119/2434/2185 2078/2392/2145 2080/2394/2147 2120/2435/2186
f 2080/2394/2147 2082/2396/2149 2102/2416/2169 2120/2435/2186
f 2102/2416/2169 2104/2418/2171 2121/2436/2187 2120/2435/2186
f 2121/2436/2187 2122/2437/2188 2119/2434/2185 2120/2435/2186
f 2119/2434/2185 2122/2437/2188 2123/2438/2189 2118/2433/2184
f 2123/2438/2189 2124/2439/2190 2117/2432/2183 2118/2433/2184
f 2117/2431/2183 2124/2440/2190 2125/2441/2191 2116/2430/2182
f 2125/2441/2191 2126/2442/2192 2115/2429/2181 2116/2430/2182
f 2115/2429/2181 2126/2442/2192 2127/2443/2193 2114/2428/2180
f 2127/2443/2193 2128/2444/2194 2113/2427/1576 2114/2428/2180
f 2113/2427/1576 2128/2444/2194 2129/2445/2195 2112/2426/2179
f 2129/2445/2195 2130/2446/2196 2111/2425/2178 2112/2426/2179
f 2111/2425/2178 2130/2446/2196 2131/2447/2197 2110/2424/2177
f 2131/2447/2197 2132/2448/2198 2109/2423/2176 2110/2424/2177
f 2109/2423/2176 2132/2448/2198 2133/2449/2199 2108/2422/2175
f 2133/2449/2199 2134/2450/2200 2107/2421/2174 2108/2422/2175
f 2107/2421/2174 2134/2450/2200 2103/2417/2170 2101/2415/2168
f 2103/2417/2170 2134/2450/2200 2135/2451/2201 2105/2419/2172
f 2135/2451/2201 2134/2450/2200 2133/2449/2199 2136/2452/2202
f 2133/2449/2199 2132/2448/2198 2137/2453/2203 2136/2452/2202
f 2137/2453/2203 2132/2448/2198 2131/2447/2197 2138/2454/2204
f 2131/2447/2197 2130/2446/2196 2139/2455/2205 2138/2454/2204
f 2139/2455/2205 2130/2446/2196 2129/2445/2195 2140/2456/2206
f 2129/2445/2195 2128/2444/2194 2141/2457/2207 2140/2456/2206
f 2141/2457/2207 2128/2444/2194 2127/2443/2193 2142/2458/2208
f 2127/2443/2193 2126/2442/2192 2143/2459/2209 2142/2458/2208
f 2143/2459/2209 2126/2442/2192 2125/2441/2191 2144/2460/2210
f 2125/2441/2191 2124/2440/2190 2145/2461/2211 2144/2460/2210
f 2145/2462/2211 2124/2439/2190 2123/2438/2189 2146/2463/2212
f 2123/2438/2189 2122/2437/2188 2147/2464/2213 2146/2463/2212
f 2147/2464/2213 2122/2437/2188 2121/2436/2187 2148/2465/2214
f 2121/2436/2187 2104/2418/2171 2106/2420/2173 2148/2465/2214
f 2083/2397/2150 2060/2372/2127 2062/2374/2129 2085/2399/2152
f 2085/2399/2152 2062/2374/2129 2064/2376/2131 2087/2401/2154
f 2087/2401/2154 2064/2376/2131 2066/2378/2133 2089/2403/2156
f 2089/2403/2156 2066/2378/2133 2068/2380/2135 2091/2405/2158
f 2091/2405/2158 2068/2380/2135 2037/2347/2104 2093/2407/2160
f 2093/2407/2160 2037/2347/2104 2040/2350/2107 2095/2409/2162
f 2095/2409/2162 2040/2350/2107 2042/2352/2109 2097/2411/2164
f 2097/2411/2164 2042/2352/2109 2044/2354/2111 2099/2413/2166
f 2099/2413/2166 2044/2354/2111 2046/2356/2113 2070/2382/2137
f 2070/2382/2137 2046/2356/2113 2048/2358/2115 2071/2383/2138
f 2071/2383/2138 2048/2358/2115 2050/2360/2117 2073/2385/2140
f 2073/2388/2140 2050/2361/2117 2052/2364/2119 2075/2389/2142
f 2075/2389/2142 2052/2364/2119 2054/2366/2121 2077/2391/2144
f 2077/2391/2144 2054/2366/2121 2056/2368/2123 2079/2393/2146
f 2079/2393/2146 2056/2368/2123 2058/2370/2125 2081/2395/2148
f 2081/2395/2148 2058/2370/2125 2060/2372/2127 2083/2397/2150
f 2035/2345/2102 1992/2292/2059 1993/2293/2060 2006/2314/2073
f 2006/2314/2073 1993/2293/2060 1995/2295/2062 2007/2315/2074
f 2007/2315/2074 1995/2295/2062 1994/2294/2061 2009/2317/2076
f 2009/2317/2076 1994/2294/2061 1997/2305/2064 2011/2319/2078
f 2011/2319/2078 1997/2305/2064 2002/2310/2069 2013/2321/2080
f 2013/2321/2080 2002/2310/2069 2003/2311/2070 2015/2323/2082
f 2015/2323/2082 2003/2311/2070 2004/2312/2071 2017/2325/2084
f 2017/2325/2084 2004/2312/2071 1960/2260/2027 2019/2327/2086
f 2019/2327/2086 1960/2260/2027 1959/2259/2026 2021/2329/2088
f 2021/2329/2088 1959/2259/2026 1957/2257/2024 2023/2331/2090
f 2023/2331/2090 1957/2257/2024 1955/2256/2022 2025/2333/2092
f 2025/2336/2092 1955/2253/2022 1954/2252/2021 2027/2337/2094
f 2027/2337/2094 1954/2252/2021 1952/2250/2019 2029/2339/2096
f 2029/2339/2096 1952/2250/2019 1991/2291/2058 2031/2341/2098
f 2031/2341/2098 1991/2291/2058 1990/2290/2057 2033/2343/2100
f 2033/2343/2100 1990/2290/2057 1992/2292/2059 2035/2345/2102
f 2059/2371/2126 2036/2346/2103 2005/2313/2072 2061/2373/2128
f 2061/2373/2128 2005/2313/2072 2008/2316/2075 2063/2375/2130
f 2063/2375/2130 2008/2316/2075 2010/2318/2077 2065/2377/2132
f 2065/2377/2132 2010/2318/2077 2012/2320/2079 2067/2379/2134
f 2067/2379/2134 2012/2320/2079 2014/2322/2081 2038/2348/2105
f 2038/2348/2105 2014/2322/2081 2016/2324/2083 2039/2349/2106
f 2039/2349/2106 2016/2324/2083 2018/2326/2085 2041/2351/2108
f 2041/2351/2108 2018/2326/2085 2020/2328/2087 2043/2353/2110
f 2043/2353/2110 2020/2328/2087 2022/2330/2089 2045/2355/2112
f 2045/2355/2112 2022/2330/2089 2024/2332/2091 2047/2357/2114
f 2047/2357/2114 2024/2332/2091 2026/2334/2093 2049/2359/2116
f 2049/2362/2116 2026/2335/2093 2028/2338/2095 2051/2363/2118
f 2051/2363/2118 2028/2338/2095 2030/2340/2097 2053/2365/2120
f 2053/2365/2120 2030/2340/2097 2032/2342/2099 2055/2367/2122
f 2055/2367/2122 2032/2342/2099 2034/2344/2101 2057/2369/2124
f 2057/2369/2124 2034/2344/2101 2036/2346/2103 2059/2371/2126
f 2149/2466/2215 2150/2467/2216 2143/2459/2217 2144/2460/2218
f 2150/2467/2216 2151/2468/2219 2142/2458/2220 2143/2459/2217
f 2151/2468/2219 2152/2469/2221 2141/2457/2222 2142/2458/2220
f 2152/2469/2221 2153/2470/2223 2140/2456/2224 2141/2457/2222
f 2153/2470/2223 2154/2471/2225 2139/2455/2226 2140/2456/2224
f 2154/2471/2225 2155/2472/2227 2138/2454/2228 2139/2455/2226
f 2155/2472/2227 2156/2473/2229 2137/2453/2230 2138/2454/2228
f 2156/2473/2229 2157/2474/2231 2136/2452/2232 2137/2453/2230
f 2157/2474/2231 2158/2475/2233 2135/2451/2234 2136/2452/2232
f 2158/2475/2233 2159/2476/2235 2105/2419/2236 2135/2451/2234
f 2159/2476/2235 2160/2477/2237 2106/2420/2238 2105/2419/2236
f 2160/2477/2237 2161/2478/2239 2148/2465/2240 2106/2420/2238
f 2161/2478/2239 2162/2479/2241 2147/2464/2242 2148/2465/2240
f 2162/2479/2241 2163/2480/2243 2146/2463/2244 2147/2464/2242
f 2163/2480/2243 2164/2481/2245 2145/2462/2246 2146/2463/2244
f 2164/2482/2245 2149/2466/2215 2144/2460/2218 2145/2461/2246
f 2165/2483/2247 2166/2484/2248 2167/2485/2249 2168/2486/2250
f 2166/2484/2248 2169/2487/2251 2170/2488/2252 2167/2485/2249
f 2169/2487/2251 2171/2489/2253 2172/2490/2254 2170/2488/2252
f 2171/2489/2253 2173/2491/2255 2174/2492/2256 2172/2490/2254
f 2173/2491/2255 2175/2493/2257 2176/2494/2258 2174/2492/2256
f 2175/2493/2257 2177/2495/2259 2178/2496/2260 2176/2494/2258
f 2177/2495/2259 2179/2497/2261 2180/2498/2262 2178/2496/2260
f 2179/2497/2261 2181/2499/2263 2182/2500/2264 2180/2498/2262
f 2181/2499/2263 2183/2501/2265 2184/2502/2266 2182/2500/2264
f 2183/2501/2265 2185/2503/2267 2186/2504/2268 2184/2502/2266
f 2185/2503/2267 2187/2505/2269 2188/2506/2270 2186/2504/2268
f 2187/2505/2269 2189/2507/2271 2190/2508/2272 2188/2506/2270
f 2189/2507/2271 2191/2509/2273 2192/2510/2274 2190/2508/2272
f 2191/2509/2273 2193/2511/2275 2194/2512/2276 2192/2510/2274
f 2193/2511/2275 2195/2513/2277 2196/2514/2278 2194/2512/2276
f 2195/2515/2277 2165/2483/2247 2168/2486/2250 2196/2516/2278
f 2197/2517/2279 2198/2518/2280 2199/2519/2281 2200/2520/2282
f 2198/2518/2280 2201/2521/2283 2202/2522/2284 2199/2519/2281
f 2201/2521/2283 2203/2523/2285 2204/2524/2286 2202/2522/2284
f 2203/2523/2285 2205/2525/2287 2206/2526/2288 2204/2524/2286
f 2205/2525/2287 2207/2527/2289 2208/2528/2290 2206/2526/2288
f 2207/2527/2289 2209/2529/2291 2210/2530/2292 2208/2528/2290
f 2209/2529/2291 2211/2531/2293 2212/2532/2294 2210/2530/2292
f 2211/2531/2293 2213/2533/2295 2214/2534/2296 2212/2532/2294
f 2213/2533/2295 2215/2535/2297 2216/2536/2298 2214/2534/2296
f 2215/2535/2297 2217/2537/2299 2218/2538/2300 2216/2536/2298
f 2217/2537/2299 2219/2539/2301 2220/2540/2302 2218/2538/2300
f 2219/2539/2301 2221/2541/2303 2222/2542/2304 2220/2540/2302
f 2221/2541/2303 2223/2543/2305 2224/2544/2306 2222/2542/2304
f 2223/2543/2305 2225/2545/2307 2226/2546/2308 2224/2544/2306
f 2225/2545/2307 2227/2547/2309 2228/2548/2310 2226/2546/2308
f 2227/2549/2309 2197/2517/2279 2200/2520/2282 2228/2550/2310
f 2200/2520/2282 2199/2519/2281 2166/2484/2248 2165/2483/2247
f 2199/2519/2281 2202/2522/2284 2169/2487/2251 2166/2484/2248
f 2202/2522/2284 2204/2524/2286 2171/2489/2253 2169/2487/2251
f 2204/2524/2286 2206/2526/2288 2173/2491/2255 2171/2489/2253
f 2206/2526/2288 2208/2528/2290 2175/2493/2257 2173/2491/2255
f 2208/2528/2290 2210/2530/2292 2177/2495/2259 2175/2493/2257
f 2210/2530/2292 2212/2532/2294 2179/2497/2261 2177/2495/2259
f 2212/2532/2294 2214/2534/2296 2181/2499/2263 2179/2497/2261
f 2214/2534/2296 2216/2536/2298 2183/2501/2265 2181/2499/2263
f 2216/2536/2298 2218/2538/2300 2185/2503/2267 2183/2501/2265
f 2218/2538/2300 2220/2540/2302 2187/2505/2269 2185/2503/2267
f 2220/2540/2302 2222/2542/2304 2189/2507/2271 2187/2505/2269
f 2222/2542/2304 2224/2544/2306 2191/2509/2273 2189/2507/2271
f 2224/2544/2306 2226/2546/2308 2193/2511/2275 2191/2509/2273
f 2226/2546/2308 2228/2548/2310 2195/2513/2277 2193/2511/2275
f 2228/2550/2310 2200/2520/2282 2165/2483/2247 2195/2515/2277
f 2229/2551/2311 2230/2552/2312 2198/2518/2280 2197/2517/2279
f 2230/2552/2312 2231/2553/2313 2201/2521/2283 2198/2518/2280
f 2231/2553/2313 2232/2554/2314 2203/2523/2285 2201/2521/2283
f 2232/2554/2314 2233/2555/2315 2205/2525/2287 2203/2523/2285
f 2233/2555/2315 2234/2556/2316 2207/2527/2289 2205/2525/2287
f 2234/2556/2316 2235/2557/2317 2209/2529/2291 2207/2527/2289
f 2235/2557/2317 2236/2558/2318 2211/2531/2293 2209/2529/2291
f 2236/2558/2318 2237/2559/2319 2213/2533/2295 2211/2531/2293
f 2237/2559/2319 2238/2560/2320 2215/2535/2297 2213/2533/2295
f 2238/2560/2320 2239/2561/2321 2217/2537/2299 2215/2535/2297
f 2239/2561/2321 2240/2562/2322 2219/2539/2301 2217/2537/2299
f 2240/2562/2322 2241/2563/2323 2221/2541/2303 2219/2539/2301
f 2241/2563/2323 2242/2564/2324 2223/2543/2305 2221/2541/2303
f 2242/2564/2324 2243/2565/2325 2225/2545/2307 2223/2543/2305
f 2243/2565/2325 2244/2566/2326 2227/2547/2309 2225/2545/2307
f 2244/2567/2326 2229/2551/2311 2197/2517/2279 2227/2549/2309
f 2168/2486/2250 2167/2485/2249 2150/2467/2216 2149/2466/2215
f 2167/2485/2249 2170/2488/2252 2151/2468/2219 2150/2467/2216
f 2170/2488/2252 2172/2490/2254 2152/2469/2221 2151/2468/2219
f 2172/2490/2254 2174/2492/2256 2153/2470/2223 2152/2469/2221
f 2174/2492/2256 2176/2494/2258 2154/2471/2225 2153/2470/2223
f 2176/2494/2258 2178/2496/2260 2155/2472/2227 2154/2471/2225
f 2178/2496/2260 2180/2498/2262 2156/2473/2229 2155/2472/2227
f 2180/2498/2262 2182/2500/2264 2157/2474/2231 2156/2473/2229
f 2182/2500/2264 2184/2502/2266 2158/2475/2233 2157/2474/2231
f 2184/2502/2266 2186/2504/2268 2159/2476/2235 2158/2475/2233
f 2186/2504/2268 2188/2506/2270 2160/2477/2237 2159/2476/2235
f 2188/2506/2270 2190/2508/2272 2161/2478/2239 2160/2477/2237
f 2190/2508/2272 2192/2510/2274 2162/2479/2241 2161/2478/2239
f 2192/2510/2274 2194/2512/2276 2163/2480/2243 2162/2479/2241
f 2194/2512/2276 2196/2514/2278 2164/2481/2245 2163/2480/2243
f 2196/2516/2278 2168/2486/2250 2149/2466/2215 2164/2482/2245
f 2245/2568/2327 2246/2569/2328 2233/2555/2315 2232/2554/2314
f 2246/2569/2328 2247/2570/2329 2234/2556/2316 2233/2555/2315
f 2247/2570/2329 2248/2571/2330 2235/2557/2317 2234/2556/2316
f 2248/2571/2330 2249/2572/2331 2236/2558/2318 2235/2557/2317
f 2249/2572/2331 2250/2573/2332 2237/2559/2319 2236/2558/2318
f 2250/2573/2332 2251/2574/2333 2238/2560/2320 2237/2559/2319
f 2251/2574/2333 2252/2575/2334 2239/2561/2321 2238/2560/2320
f 2252/2575/2334 2253/2576/2335 2240/2562/2322 2239/2561/2321
f 2253/2576/2335 2254/2577/2336 2241/2563/2323 2240/2562/2322
f 2254/2577/2336 2255/2578/2337 2242/2564/2324 2241/2563/2323
f 2255/2578/2337 2256/2579/2338 2243/2565/2325 2242/2564/2324
f 2256/2579/2338 2257/2580/2339 2244/2566/2326 2243/2565/2325
f 2257/2581/2339 2258/2582/2340 2229/2551/2311 2244/2567/2326
f 2258/2582/2340 2259/2583/2341 2230/2552/2312 2229/2551/2311
f 2259/2583/2341 2260/2584/2342 2231/2553/2313 2230/2552/2312
f 2260/2584/2342 2245/2568/2327 2232/2554/2314 2231/2553/2313
f 2261/2585/2343 2262/2586/2344 2263/2587/2345 2264/2588/2346
f 2262/2586/2344 2265/2589/2347 2266/2590/2348 2263/2587/2345
f 2265/2589/2347 2267/2591/2349 2268/2592/2350 2266/2590/2348
f 2267/2591/2349 2269/2593/2351 2270/2594/2352 2268/2592/2350
f 2269/2593/2351 2271/2595/2353 2272/2596/2354 2270/2594/2352
f 2271/2595/2353 2273/2597/2355 2274/2598/2356 2272/2596/2354
f 2273/2597/2355 2275/2599/2357 2276/2600/2358 2274/2598/2356
f 2275/2599/2357 2277/2601/2359 2278/2602/2360 2276/2600/2358
f 2277/2601/2359 2279/2603/2361 2280/2604/2362 2278/2602/2360
f 2279/2605/2361 2281/2606/2363 2282/2607/2364 2280/2608/2362
f 2281/2606/2363 2283/2609/2365 2284/2610/2366 2282/2607/2364
f 2283/2609/2365 2285/2611/2367 2286/2612/2368 2284/2610/2366
f 2285/2611/2367 2287/2613/2369 2288/2614/2370 2286/2612/2368
f 2287/2613/2369 2289/2615/2371 2290/2616/2372 2288/2614/2370
f 2289/2615/2371 2291/2617/2373 2292/2618/2374 2290/2616/2372
f 2291/2617/2373 2261/2585/2343 2264/2588/2346 2292/2618/2374
f 2293/2619/2375 2294/2620/2376 2295/2621/2377 2296/2622/2378
f 2297/2623/2379 2298/2624/2380 2299/2625/2381 2300/2626/2382
f 2299/2625/2381 2301/2627/2383 2302/2628/2384 2300/2626/2382
f 2302/2628/2384 2301/2627/2383 2303/2629/2385 2304/2630/2386
f 2294/2620/2376 2305/2631/2387 2298/2624/2380
f 2305/2631/2387 2306/2632/2388 2307/2633/2389 2308/2634/2390
f 2307/2633/2389 2306/2632/2388 2309/2635/2391 2310/2636/2392
f 2309/2635/2391 2311/2637/2393 2312/2638/2394 2310/2636/2392
f 2312/2638/2394 2311/2637/2393 2313/2639/2395 2314/2640/2396
f 2313/2639/2395 2315/2641/2397 2316/2642/2398 2314/2640/2396
f 2296/2622/2378 2295/2621/2377 2317/2643/2399 2318/2644/2400
f 2317/2643/2399 2319/2645/2401 2320/2646/2402 2318/2644/2400
f 2320/2646/2402 2319/2645/2401 2321/2647/2403 2322/2648/2404
f 2321/2647/2403 2323/2649/2405 2324/2650/2406 2322/2648/2404
f 2324/2650/2406 2323/2649/2405 2325/2651/2407 2326/2652/2408
f 2325/2651/2407 2327/2653/2409 2328/2654/2410 2326/2652/2408
f 2327/2653/2409 2329/2655/2411 2330/2656/2412
f 2329/2657/2411 2331/2658/2413 2332/2659/2414 2330/2660/2412
f 2332/2659/2414 2331/2658/2413 2316/2642/2398 2315/2641/2397
f 2333/2661/2415 2305/2631/2387 2294/2620/2376 2293/2619/2375
f 2334/2662/2416 2308/2634/2390 2307/2633/2389 2335/2663/2417
f 2307/2633/2389 2310/2636/2392 2336/2664/2418 2335/2663/2417
f 2336/2664/2418 2310/2636/2392 2312/2638/2394 2337/2665/2419
f 2312/2638/2394 2314/2640/2396 2338/2666/2420 2337/2665/2419
f 2338/2666/2420 2314/2640/2396 2316/2642/2398 2339/2667/2421
f 2316/2642/2398 2331/2658/2413 2340/2668/2422 2339/2667/2421
f 2340/2668/2422 2331/2658/2413 2329/2657/2411 2341/2669/2423
f 2342/2670/2424 2343/2671/2425 2285/2611/2367 2283/2609/2365
f 2343/2671/2425 2344/2672/2426 2287/2613/2369 2285/2611/2367
f 2344/2672/2426 2345/2673/2427 2289/2615/2371 2287/2613/2369
f 2345/2673/2427 2346/2674/2428 2291/2617/2373 2289/2615/2371
f 2346/2674/2428 2333/2661/2415 2261/2585/2343 2291/2617/2373
f 2333/2661/2415 2293/2619/2375 2262/2586/2344 2261/2585/2343
f 2293/2619/2375 2296/2622/2378 2265/2589/2347 2262/2586/2344
f 2296/2622/2378 2318/2644/2400 2267/2591/2349 2265/2589/2347
f 2318/2644/2400 2320/2646/2402 2269/2593/2351 2267/2591/2349
f 2320/2646/2402 2322/2648/2404 2271/2595/2353 2269/2593/2351
f 2322/2648/2404 2324/2650/2406 2273/2597/2355 2271/2595/2353
f 2324/2650/2406 2326/2652/2408 2275/2599/2357 2273/2597/2355
f 2326/2652/2408 2328/2654/2410 2277/2601/2359 2275/2599/2357
f 2328/2654/2410 2347/2675/2429 2279/2603/2361 2277/2601/2359
f 2347/2676/2429 2348/2677/2430 2281/2606/2363 2279/2605/2361
f 2348/2677/2430 2342/2670/2424 2283/2609/2365 2281/2606/2363
f 2282/2607/2364 2284/2610/2366 2259/2583/2341 2258/2582/2340
f 2284/2610/2366 2286/2612/2368 2260/2584/2342 2259/2583/2341
f 2286/2612/2368 2288/2614/2370 2245/2568/2327 2260/2584/2342
f 2288/2614/2370 2290/2616/2372 2246/2569/2328 2245/2568/2327
f 2290/2616/2372 2292/2618/2374 2247/2570/2329 2246/2569/2328
f 2292/2618/2374 2264/2588/2346 2248/2571/2330 2247/2570/2329
f 2264/2588/2346 2263/2587/2345 2249/2572/2331 2248/2571/2330
f 2263/2587/2345 2266/2590/2348 2250/2573/2332 2249/2572/2331
f 2266/2590/2348 2268/2592/2350 2251/2574/2333 2250/2573/2332
f 2268/2592/2350 2270/2594/2352 2252/2575/2334 2251/2574/2333
f 2270/2594/2352 2272/2596/2354 2253/2576/2335 2252/2575/2334
f 2272/2596/2354 2274/2598/2356 2254/2577/2336 2253/2576/2335
f 2274/2598/2356 2276/2600/2358 2255/2578/2337 2254/2577/2336
f 2276/2600/2358 2278/2602/2360 2256/2579/2338 2255/2578/2337
f 2278/2602/2360 2280/2604/2362 2257/2580/2339 2256/2579/2338
f 2280/2608/2362 2282/2607/2364 2258/2582/2340 2257/2581/2339
f 2327/2653/2409 2349/2678/2431 2329/2655/2411
f 2349/2678/2431 2327/2653/2409 2325/2651/2407 2350/2679/2432
f 2325/2651/2407 2351/2680/2433 2350/2679/2432
f 2351/2680/2433 2325/2651/2407 2323/2649/2405 2352/2681/2434
f 2323/2649/2405 2321/2647/2403 2353/2682/2435 2352/2681/2434
f 2353/2682/2435 2321/2647/2403 2319/2645/2401 2354/2683/2436
f 2319/2645/2401 2317/2643/2399 2355/2684/2437 2354/2683/2436
f 2355/2684/2437 2317/2643/2399 2356/2685/2438
f 2317/2643/2399 2297/2623/2379 2300/2626/2382 2356/2685/2438
f 2299/2625/2381 2334/2662/2416 2357/2686/2439 2301/2627/2383
f 2357/2686/2439 2358/2687/2440 2303/2629/2385 2301/2627/2383
f 2334/2662/2416 2359/2688/2441 2360/2689/2442 2357/2686/2439
f 2359/2688/2441 2334/2662/2416 2335/2663/2417 2361/2690/2443
f 2335/2663/2417 2336/2664/2418 2362/2691/2444 2361/2690/2443
f 2362/2691/2444 2336/2664/2418 2337/2665/2419 2363/2692/2445
f 2337/2665/2419 2338/2666/2420 2364/2693/2446 2363/2692/2445
f 2364/2693/2446 2338/2666/2420 2339/2667/2421 2365/2694/2447
f 2339/2667/2421 2340/2668/2422 2366/2695/2448 2365/2694/2447
f 2366/2695/2448 2340/2668/2422 2341/2669/2423 2367/2696/2449
f 2295/2621/2377 2297/2623/2379 2317/2643/2399
f 2295/2621/2377 2294/2620/2376 2298/2624/2380 2297/2623/2379
f 2333/2661/2415 2346/2674/2428 2306/2632/2388 2305/2631/2387
f 2306/2632/2388 2346/2674/2428 2345/2673/2427 2309/2635/2391
f 2345/2673/2427 2344/2672/2426 2311/2637/2393 2309/2635/2391
f 2311/2637/2393 2344/2672/2426 2343/2671/2425 2313/2639/2395
f 2343/2671/2425 2342/2670/2424 2315/2641/2397 2313/2639/2395
f 2348/2677/2430 2332/2659/2414 2315/2641/2397 2342/2670/2424
f 2330/2660/2412 2332/2659/2414 2348/2677/2430 2347/2676/2429
f 2328/2654/2410 2327/2653/2409 2330/2656/2412 2347/2675/2429
f 2298/2624/2380 2305/2631/2387 2308/2634/2390 2299/2625/2381
f 2299/2625/2381 2308/2634/2390 2334/2662/2416
f 2329/2657/2411 2349/2697/2431 2368/2698/2450 2341/2669/2423
f 2368/2699/2450 2349/2678/2431 2350/2679/2432 2369/2700/2451
f 2350/2679/2432 2370/2701/2452 2369/2700/2451
f 2370/2701/2452 2350/2679/2432 2351/2680/2433 2371/2702/2453
f 2341/2669/2423 2368/2698/2450 2372/2703/2454 2367/2696/2449
f 2372/2703/2454 2368/2698/2450 2373/2704/2455 2374/2705/2456
f 2368/2699/2450 2369/2700/2451 2375/2706/2457 2373/2707/2455
f 2375/2706/2457 2369/2700/2451 2370/2701/2452 2376/2708/2458
f 2377/2709/2459 2376/2708/2458 2370/2701/2452
f 2300/2626/2382 2302/2628/2384 2378/2710/2460 2379/2711/2461
f 2379/2711/2461 2380/2712/2462 2356/2685/2438 2300/2626/2382
f 2356/2685/2438 2380/2712/2462 2381/2713/2463 2355/2684/2437
f 2381/2713/2463 2382/2714/2464 2354/2683/2436 2355/2684/2437
f 2354/2683/2436 2382/2714/2464 2383/2715/2465 2353/2682/2435
f 2383/2715/2465 2384/2716/2466 2352/2681/2434 2353/2682/2435
f 2352/2681/2434 2384/2716/2466 2385/2717/2467 2351/2680/2433
f 2385/2717/2467 2386/2718/2468 2371/2702/2453 2351/2680/2433
f 2371/2702/2453 2386/2718/2468 2377/2709/2459 2370/2701/2452
f 2304/2630/2386 2387/2719/2469 2378/2710/2460 2302/2628/2384
f 2361/2690/2443 2388/2720/2470 2359/2688/2441
f 2388/2720/2470 2361/2690/2443 2362/2691/2444 2389/2721/2471
f 2362/2691/2444 2363/2692/2445 2390/2722/2472 2389/2721/2471
f 2390/2722/2472 2363/2692/2445 2364/2693/2446 2391/2723/2473
f 2364/2693/2446 2365/2694/2447 2392/2724/2474 2391/2723/2473
f 2392/2724/2474 2365/2694/2447 2366/2695/2448 2393/2725/2475
f 2366/2695/2448 2367/2696/2449 2394/2726/2476 2393/2725/2475
f 2394/2726/2476 2367/2696/2449 2372/2703/2454
f 2372/2703/2454 2374/2705/2456 2395/2727/2477 2394/2726/2476
f 2394/2726/2476 2395/2727/2477 2396/2728/2478 2393/2725/2475
f 2396/2728/2478 2397/2729/2479 2392/2724/2474 2393/2725/2475
f 2392/2724/2474 2397/2729/2479 2398/2730/2480 2391/2723/2473
f 2398/2730/2480 2399/2731/2481 2390/2722/2472 2391/2723/2473
f 2390/2722/2472 2399/2731/2481 2400/2732/2482 2389/2721/2471
f 2400/2732/2482 2401/2733/2483 2388/2720/2470 2389/2721/2471
f 2388/2720/2470 2401/2733/2483 2360/2689/2442 2359/2688/2441
f 2357/2686/2439 2360/2689/2442 2401/2733/2483 2402/2734/2484
f 2401/2733/2483 2400/2732/2482 2403/2735/2485 2402/2734/2484
f 2403/2735/2485 2400/2732/2482 2399/2731/2481 2404/2736/2486
f 2399/2731/2481 2398/2730/2480 2405/2737/2487 2404/2736/2486
f 2405/2737/2487 2398/2730/2480 2397/2729/2479 2406/2738/2488
f 2397/2729/2479 2396/2728/2478 2407/2739/2489 2406/2738/2488
f 2407/2739/2489 2396/2728/2478 2395/2727/2477 2408/2740/2490
f 2395/2727/2477 2374/2705/2456 2373/2704/2455 2408/2740/2490
f 2358/2687/2440 2357/2686/2439 2402/2734/2484 2409/2741/2491
f 2402/2734/2484 2403/2735/2485 2410/2742/2492 2409/2741/2491
f 2410/2742/2492 2403/2735/2485 2404/2736/2486 2411/2743/2493
f 2404/2736/2486 2405/2737/2487 2412/2744/2494 2411/2743/2493
f 2412/2744/2494 2405/2737/2487 2406/2738/2488 2413/2745/2495
f 2406/2738/2488 2407/2739/2489 2414/2746/2496 2413/2745/2495
f 2414/2746/2496 2407/2739/2489 2408/2740/2490 2415/2747/2497
f 2408/2740/2490 2373/2704/2455 2416/2748/2498 2415/2747/2497
f 2416/2749/2498 2373/2707/2455 2375/2706/2457 2417/2750/2499
f 2375/2706/2457 2376/2708/2458 2418/2751/2500 2417/2750/2499
f 2418/2751/2500 2376/2708/2458 2377/2709/2459 2419/2752/2501
f 2377/2709/2459 2420/2753/2502 2421/2754/2503 2419/2752/2501
f 2420/2753/2502 2377/2709/2459 2386/2718/2468 2422/2755/2504
f 2386/2718/2468 2385/2717/2467 2423/2756/2505 2422/2755/2504
f 2423/2756/2505 2385/2717/2467 2384/2716/2466 2424/2757/2506
f 2384/2716/2466 2383/2715/2465 2425/2758/2507 2424/2757/2506
f 2425/2758/2507 2383/2715/2465 2382/2714/2464 2426/2759/2508
f 2382/2714/2464 2381/2713/2463 2427/2760/2509 2426/2759/2508
f 2427/2760/2509 2381/2713/2463 2380/2712/2462
f 2380/2712/2462 2379/2711/2461 2428/2761/2510 2427/2760/2509
f 2428/2761/2510 2379/2711/2461 2378/2710/2460 2429/2762/2511
f 2378/2710/2460 2387/2719/2469 2430/2763/2512 2429/2762/2511
f 2429/2762/2511 2430/2763/2512 2431/2764/2513 2432/2765/2514
f 2432/2765/2514 2433/2766/2515 2428/2761/2510 2429/2762/2511
f 2428/2761/2510 2433/2766/2515 2434/2767/2516 2427/2760/2509
f 2434/2767/2516 2435/2768/2517 2426/2759/2508 2427/2760/2509
f 2426/2759/2508 2435/2768/2517 2436/2769/2518 2425/2758/2507
f 2436/2769/2518 2437/2770/2519 2424/2757/2506 2425/2758/2507
f 2424/2757/2506 2437/2770/2519 2438/2771/2520 2423/2756/2505
f 2438/2771/2520 2439/2772/2521 2422/2755/2504 2423/2756/2505
f 2422/2755/2504 2439/2772/2521 2440/2773/2522 2420/2753/2502
f 2440/2773/2522 2441/2774/2523 2421/2754/2503 2420/2753/2502
f 2437/2770/2519 2442/2775/2524 2443/2776/2525 2438/2771/2520
f 2442/2775/2524 2437/2770/2519 2436/2769/2518 2444/2777/2526
f 2436/2769/2518 2435/2768/2517 2445/2778/2527 2444/2777/2526
f 2445/2778/2527 2435/2768/2517 2434/2767/2516 2446/2779/2528
f 2434/2767/2516 2433/2766/2515 2447/2780/2529 2446/2779/2528
f 2447/2780/2529 2433/2766/2515 2432/2765/2514 2448/2781/2530
f 2432/2765/2514 2431/2764/2513 2449/2782/2531 2448/2781/2530
f 2438/2771/2520 2443/2776/2525 2450/2783/2532 2439/2772/2521
f 2450/2783/2532 2451/2784/2533 2440/2773/2522 2439/2772/2521
f 2440/2773/2522 2451/2784/2533 2452/2785/2534 2441/2774/2523
f 2443/2776/2525 2453/2786/2535 2450/2783/2532
f 2453/2786/2535 2443/2776/2525 2442/2775/2524 2454/2787/2536
f 2442/2775/2524 2444/2777/2526 2455/2788/2537 2454/2787/2536
f 2456/2789/2538 2454/2787/2536 2455/2788/2537 2457/2790/2539
f 2444/2777/2526 2445/2778/2527 2458/2791/2540 2455/2788/2537
f 2458/2791/2540 2445/2778/2527 2446/2779/2528 2459/2792/2541
f 2446/2779/2528 2447/2780/2529 2460/2793/2542 2459/2792/2541
f 2460/2793/2542 2447/2780/2529 2448/2781/2530
f 2448/2781/2530 2461/2794/2543 2460/2793/2542
f 2461/2794/2543 2448/2781/2530 2449/2782/2531 2462/2795/2544
f 2454/2787/2536 2456/2789/2538 2463/2796/2545 2453/2786/2535
f 2455/2788/2537 2458/2791/2540 2464/2797/2546 2457/2790/2539
f 2464/2797/2546 2458/2791/2540 2459/2792/2541 2465/2798/2547
f 2459/2792/2541 2460/2793/2542 2461/2794/2543 2465/2798/2547
f 2465/2798/2547 2461/2794/2543 2466/2799/2548
f 2466/2799/2548 2467/2800/2549 2464/2797/2546 2465/2798/2547
f 2464/2797/2546 2467/2800/2549 2468/2801/2550 2457/2790/2539
f 2468/2801/2550 2469/2802/2551 2470/2803/2552 2457/2790/2539
f 2470/2803/2552 2469/2802/2551 2471/2804/2553 2472/2805/2554
f 2471/2804/2553 2473/2806/2555 2472/2805/2554
f 2463/2796/2545 2473/2806/2555 2474/2807/2556 2453/2786/2535
f 2474/2807/2556 2451/2784/2533 2450/2783/2532
f 2451/2784/2533 2473/2806/2555 2475/2808/2557 2452/2785/2534
f 2475/2808/2557 2473/2806/2555 2471/2804/2553 2476/2809/2558
f 2471/2804/2553 2469/2802/2551 2477/2810/2559 2476/2809/2558
f 2477/2810/2559 2469/2802/2551 2468/2801/2550 2478/2811/2560
f 2468/2801/2550 2467/2800/2549 2479/2812/2561 2478/2811/2560
f 2479/2812/2561 2467/2800/2549 2466/2799/2548 2480/2813/2562
f 2466/2799/2548 2461/2794/2543 2462/2795/2544 2480/2813/2562
f 2453/2786/2535 2474/2807/2556 2450/2783/2532
f 2472/2805/2554 2473/2806/2555 2463/2796/2545
f 2456/2789/2538 2470/2803/2552 2472/2805/2554 2463/2796/2545
f 2473/2806/2555 2451/2784/2533 2474/2807/2556
f 2457/2790/2539 2470/2803/2552 2456/2789/2538
f 2411/2814/2493 2412/2815/2494 2413/2816/2563 2410/2817/2564
f 2409/2818/2565 2410/2817/2564 2413/2816/2563 2414/2819/2566
f 2415/2820/2567 2358/2821/2568 2409/2818/2565 2414/2819/2566
f 2303/2822/2569 2358/2821/2568 2415/2820/2567 2416/2823/2570
f 2417/2824/2571 2304/2825/2572 2303/2822/2569 2416/2823/2570
f 2387/2826/2573 2304/2825/2572 2417/2824/2571 2418/2827/2574
f 2419/2828/2575 2430/2829/2576 2387/2826/2573 2418/2827/2574
f 2430/2829/2576 2419/2828/2575 2421/2830/2577 2431/2831/2578
f 2421/2830/2577 2441/2832/2579 2449/2833/2580 2431/2831/2578
f 2449/2833/2580 2441/2832/2579 2452/2834/2581 2462/2835/2582
f 2452/2834/2581 2475/2836/2583 2480/2837/2584 2462/2835/2582
f 2480/2837/2584 2475/2836/2583 2476/2838/2585 2479/2839/2586
f 2478/2840/2587 2479/2839/2586 2476/2838/2585 2477/2841/2587
